Unnamed: 0,open,high,low,close,volume,ticker,weekly_prices_open,weekly_prices_high,weekly_prices_low,weekly_prices_close,weekly_prices_volume,monthly_prices_open,monthly_prices_high,monthly_prices_low,monthly_prices_close,monthly_prices_volume,gdp,gdp_per_capita,treasury_yield,federal_funds_rate,cpi,inflation,retail_sales,durables,unemployment,nonfarm_payrolls,sma,ema,wma,dema,tema,trima,kama,mama,t3,macd,macd_signal,macd_hist,stoch_slowk,stoch_slowd,stochf_fastk,stochf_fastd,rsi,stochrsi_fastk,stochrsi_fastd,willr,adx,adxr,apo,ppo,mom,bop,cci,cmo,roc,rocr,aroon_up,aroon_down,aroon_oscillator,mfi,trix,ultosc,dx,minus_di,plus_di,minus_dm,plus_dm,bbands_upper,bbands_middle,bbands_lower,midpoint,midprice,sar,trange,atr,natr,adosc,obv,ht_trendline,ht_sine,ht_leadsine,ht_trendmode,ht_dcperiod,ht_dcphase,ht_inphase,ht_quadrature,crude_oil_price,brent_oil_price,natural_gas_price,copper_price,aluminum_price,wheat_price,corn_price,sugar_price,coffee_price,commodities_index
2025-11-18,149.39,150.14,148.0,149.01,250648,PPA,154.67,155.46,148.39,150.85,664686,154.61,160.37,150.9104,157.87,4003411,23358.435,70140.0,4.09,3.88,324.122,2.94952520485207,640086.0,303961.0,4.5,159571,152.372,152.159,151.5369,150.0495,149.0449,152.879,152.5178,153.2232,153.8037,-1.1772,-0.2627,-0.9145,21.769,26.4484,13.5389,21.769,29.4744,0.0,4.197,-86.4611,32.4011,26.2226,-2.657,-1.7139,-6.41,-0.1776,-126.238,-37.72,-4.1243,0.9588,0.0,100.0,-100.0,12.9148,-0.1578,44.7381,54.3816,35.1624,10.3902,8.7049,2.5722,156.5647,152.372,148.1793,151.94,151.73,154.4798,2.14,2.4756,1.6614,-43596.9263,18384931.0,154.9611,0.2133,0.8417,1,16.0384,12.3178,0.4128,0.793,61.51,64.86,3.7,10812.028,2819.0615,169.2032881647058,201.6578882352942,14.623,409.679,168.291708764512
2025-11-19,148.66,149.58,147.945,148.95,336640,PPA,154.67,155.46,148.39,150.85,664686,154.61,160.37,150.9104,157.87,4003411,23358.435,70140.0,4.09,3.88,324.122,2.94952520485207,640086.0,303961.0,4.5,159571,151.868,151.5756,150.9147,149.3722,148.4735,152.1897,152.0605,153.0096,153.0746,-1.3796,-0.4861,-0.8936,15.5652,18.8171,16.1836,15.5652,29.3124,0.0,-0.0,-86.6267,34.6237,27.8481,-2.8915,-1.8684,-5.04,0.1774,-103.7442,-38.0154,-3.2729,0.9673,50.0,100.0,-50.0,11.7816,-0.1866,44.8966,54.6275,32.9885,9.6799,7.8894,2.315,156.3624,151.868,147.3736,151.91,151.7025,153.5726,1.635,2.3916,1.6056,-15798.4324,18048291.0,154.3496,0.1694,0.8167,1,16.4522,9.7538,0.1827,-2.4307,60.27,63.78,3.94,10812.028,2819.0615,169.2032881647058,201.6578882352942,14.623,409.679,168.291708764512
2025-11-20,151.24,151.9,145.89,146.12,202654,PPA,154.67,155.46,148.39,150.85,664686,154.61,160.37,150.9104,157.87,4003411,23358.435,70140.0,4.09,3.88,324.122,2.94952520485207,640086.0,303961.0,4.5,159571,151.223,150.5836,149.8696,147.9694,146.8978,151.3477,151.1333,152.8718,152.2681,-1.7483,-0.7385,-1.0098,11.1831,16.1724,3.827,11.1831,22.758,0.0,-0.0,-97.5967,33.5057,28.3621,-2.9285,-1.8998,-6.45,-0.8519,-103.9544,-48.2122,-4.2276,0.9577,40.0,100.0,-60.0,11.6045,-0.2211,34.8584,23.4437,25.7879,15.9929,7.1004,4.4035,156.8403,151.223,145.6057,150.495,150.675,152.6722,6.01,2.7534,1.8843,-62535.6145,17845637.0,153.7925,0.1044,0.777,1,17.2928,5.9913,-1.8766,-4.217,60.07,63.64,3.97,10812.028,2819.0615,169.2032881647058,201.6578882352942,14.623,409.679,168.291708764512
2025-11-21,146.44,147.1161,144.2901,146.28,191099,PPA,151.06,151.9,144.2901,146.28,1118494,154.61,160.37,150.9104,157.87,4003411,23358.435,70140.0,4.09,3.88,324.122,2.94952520485207,640086.0,303961.0,4.5,159571,150.517,149.8012,148.9709,147.022,146.0104,150.4223,150.1674,152.5422,151.4031,-2.0044,-0.9917,-1.0127,15.3865,14.0449,26.1488,15.3865,23.828,13.0405,4.3468,-82.1852,33.5242,28.3458,-3.0035,-1.9564,-7.06,-0.0566,-128.9896,-54.6638,-4.6041,0.954,30.0,100.0,-70.0,11.2995,-0.2538,38.4176,33.6903,28.9434,14.3558,7.9903,3.9631,156.6441,150.517,144.3899,150.495,149.875,151.9,2.826,2.7607,1.8872,-51145.1495,18036736.0,153.3116,0.0532,0.7437,1,18.4829,3.0479,-3.3327,-2.0732,58.86,62.78,4.13,10812.028,2819.0615,169.2032881647058,201.6578882352942,14.623,409.679,168.291708764512
2025-11-24,146.52,147.67,145.7105,147.62,123208,PPA,151.06,151.9,144.2901,146.28,1118494,154.61,160.37,150.9104,157.87,4003411,23358.435,70140.0,4.09,3.88,324.122,2.94952520485207,640086.0,303961.0,4.5,159571,149.792,149.4046,148.4442,146.8062,146.1265,149.5143,149.6208,152.2961,150.5464,-2.0753,-1.2084,-0.8669,24.5778,17.0491,43.7575,24.5778,32.5255,100.0,37.6802,-70.1886,32.8862,27.93,-3.133,-2.0487,-7.25,0.5614,-87.9927,-37.7374,-4.6813,0.9532,20.0,90.0,-70.0,12.1395,-0.2762,46.3624,27.1441,26.8276,15.3727,7.1913,4.1207,155.3791,149.792,144.2049,150.465,149.875,151.9,1.9595,2.6805,1.8158,-4633.9496,18159944.0,153.0602,0.0474,0.7399,1,19.97,2.7191,-3.2015,-0.7457,59.11,64.83,4.15,10812.028,2819.0615,169.2032881647058,201.6578882352942,14.623,409.679,168.291708764512
2025-11-25,147.76,149.5291,146.55,149.33,110891,PPA,151.06,151.9,144.2901,146.28,1118494,154.61,160.37,150.9104,157.87,4003411,23358.435,70140.0,4.09,3.88,324.122,2.94952520485207,640086.0,303961.0,4.5,159571,149.244,149.391,148.3602,147.254,147.0753,148.793,149.5898,152.1478,149.7839,-1.9708,-1.3609,-0.6099,45.3782,28.4475,66.2282,45.3782,41.9275,100.0,71.0135,-54.8796,30.3487,26.5186,-3.197,-2.0972,-5.48,0.527,-32.9915,-28.502,-3.5398,0.9646,10.0,80.0,-70.0,12.7213,-0.2827,49.3133,7.5115,23.8789,20.5422,6.4721,5.5678,153.7193,149.244,144.7687,150.155,149.875,150.378,2.9791,2.7104,1.815,45381.9752,18270835.0,153.0056,0.049,0.7409,1,21.6551,2.8098,-3.3884,0.413,58.25,63.99,4.12,10812.028,2819.0615,169.2032881647058,201.6578882352942,14.623,409.679,168.291708764512
2025-11-26,149.85,150.96,149.56,150.15,137866,PPA,151.06,151.9,144.2901,146.28,1118494,154.61,160.37,150.9104,157.87,4003411,23358.435,70140.0,4.09,3.88,324.122,2.94952520485207,640086.0,303961.0,4.5,159571,148.84,149.529,148.5249,147.8935,148.1575,148.305,149.6261,152.0479,149.1734,-1.8011,-1.4489,-0.3522,62.3298,44.0952,77.0036,62.3298,45.9409,100.0,100.0,-40.5985,27.8168,26.3241,-3.178,-2.0905,-4.04,0.2143,67.8555,-1.4128,-2.6201,0.9738,0.0,70.0,-70.0,20.3482,-0.275,50.9354,5.0295,22.3833,24.754,5.8249,6.4419,151.9893,148.84,145.6907,148.485,149.2226,144.2901,1.63,2.6024,1.7332,54824.1012,18408701.0,152.9658,0.1049,0.7774,1,22.6379,6.0208,-2.6099,0.7813,58.81,64.81,4.59,10812.028,2819.0615,169.2032881647058,201.6578882352942,14.623,409.679,168.291708764512
2025-11-28,150.45,151.31,150.19,151.31,54312,PPA,146.52,151.31,145.7105,151.31,426277,158.09,158.09,144.2901,151.31,2958620,23358.435,70140.0,4.09,3.88,324.122,2.94952520485207,640086.0,303961.0,4.5,159571,148.921,149.8528,148.974,148.7796,149.4557,148.1647,149.6473,152.0331,148.7569,-1.555,-1.4702,-0.0849,81.0773,62.9284,100.0,81.0773,51.238,100.0,100.0,-7.7531,25.8299,26.6799,-2.8055,-1.8491,0.81,0.7679,114.5371,3.3266,0.5382,1.0054,0.0,60.0,-60.0,24.7902,-0.254,52.2409,7.9478,21.327,25.0097,5.2424,6.1477,152.2721,148.921,145.5699,148.715,148.0951,144.4235,1.16,2.4581,1.6246,70983.8709,18463013.0,152.8166,0.2123,0.8411,1,23.2354,12.2591,-3.1615,-0.2138,58.58,64.07,.,10812.028,2819.0615,169.2032881647058,201.6578882352942,14.623,409.679,168.291708764512
2025-12-01,150.1,150.1,147.4,147.55,172122,PPA,146.52,151.31,145.7105,151.31,426277,158.09,158.09,144.2901,151.31,2958620,23358.435,70140.0,4.14,3.72,324.054,2.94952520485207,716882.0,303961.0,4.4,159363,148.591,149.4341,148.7247,148.2135,148.646,148.2127,149.555,151.809,148.4437,-1.6445,-1.505,-0.1395,69.9516,71.1195,32.8511,69.9516,37.8727,28.5755,76.1918,-57.1624,24.7615,27.3602,-2.6195,-1.7324,-3.3,-0.9444,-18.1817,-15.9919,-2.1876,0.9781,40.0,50.0,-10.0,24.9016,-0.2406,44.1147,15.1464,28.8409,21.2534,7.5082,5.5329,151.7624,148.591,145.4196,148.715,148.0951,144.699,3.91,2.6033,1.7644,22460.6368,18290891.0,152.4984,0.2985,0.8859,1,23.3253,17.3648,-3.5284,3.961,59.47,64.22,5.08,11790.96409090909,2875.897727272727,165.6266704583334,205.3150795535714,14.935,380.4172727272727,170.5647283166936
2025-12-02,148.69,149.606,148.54,149.13,142267,PPA,146.52,151.31,145.7105,151.31,426277,158.09,158.09,144.2901,151.31,2958620,23358.435,70140.0,4.14,3.72,324.054,2.94952520485207,716882.0,303961.0,4.4,159363,148.545,149.3788,148.8227,148.3349,148.8334,148.4633,149.5519,151.675,148.2231,-1.5698,-1.518,-0.0518,62.3509,71.1266,54.2017,62.3509,44.6177,50.4667,59.6807,-36.4,23.8,28.1006,-2.234,-1.4816,-0.46,0.4128,32.611,-6.9165,-0.3075,0.9969,30.0,40.0,-10.0,33.1414,-0.2251,55.4244,15.1464,26.5143,19.5389,6.7574,4.9796,151.6702,148.545,145.4198,148.715,148.0951,144.9634,2.056,2.5486,1.709,5409.2588,18433158.0,152.0999,0.3836,0.9242,1,22.937,22.555,-1.3379,7.8804,58.81,63.37,4.83,11790.96409090909,2875.897727272727,165.6266704583334,205.3150795535714,14.935,380.4172727272727,170.5647283166936
2025-12-03,149.4,149.84,148.22,149.84,145995,PPA,146.52,151.31,145.7105,151.31,426277,158.09,158.09,144.2901,151.31,2958620,23358.435,70140.0,4.14,3.72,324.054,2.94952520485207,716882.0,303961.0,4.4,159363,148.628,149.4627,149.0582,148.6771,149.2964,148.7967,149.5548,151.6383,148.0982,-1.4367,-1.5017,0.065,49.819,60.7072,62.4041,49.819,47.4655,71.7739,50.272,-27.07,23.1842,28.9039,-1.872,-1.2439,0.83,0.2716,43.2592,-9.1339,0.557,1.0056,20.0,30.0,-10.0,44.3728,-0.2054,57.6712,17.6414,26.0682,18.2499,6.4016,4.4817,151.841,148.628,145.415,148.715,148.0951,145.2173,1.62,2.4557,1.6389,44394.8987,18579153.0,151.7139,0.4772,0.9588,1,22.5275,28.5,1.3759,6.406,59.09,63.75,4.86,11790.96409090909,2875.897727272727,165.6266704583334,205.3150795535714,14.935,380.4172727272727,170.5647283166936
2025-12-04,150.07,152.36,149.85,151.85,147933,PPA,146.52,151.31,145.7105,151.31,426277,158.09,158.09,144.2901,151.31,2958620,23358.435,70140.0,4.14,3.72,324.054,2.94952520485207,716882.0,303961.0,4.4,159363,148.918,149.8967,149.644,149.6091,150.5233,149.176,149.6236,151.6489,148.1064,-1.1558,-1.4325,0.2768,68.7745,60.3148,89.7177,68.7745,54.7797,100.0,74.0802,-6.3198,21.5089,27.5073,-1.475,-0.9808,2.9,0.7092,125.7822,3.8318,1.947,1.0195,100.0,20.0,80.0,60.7122,-0.1761,58.8028,6.4315,23.4002,26.617,5.7615,6.5535,152.6727,148.918,145.1633,148.985,148.325,145.461,2.52,2.4621,1.6214,84249.3791,18727086.0,151.3817,0.5773,0.9856,1,22.7019,35.2599,3.0223,3.2936,59.82,64.15,4.89,11790.96409090909,2875.897727272727,165.6266704583334,205.3150795535714,14.935,380.4172727272727,170.5647283166936
2025-12-05,151.85,151.85,149.4842,150.7,118978,PPA,150.1,152.36,147.4,150.7,727295,158.09,158.09,144.2901,151.31,2958620,23358.435,70140.0,4.14,3.72,324.054,2.94952520485207,716882.0,303961.0,4.4,159363,149.376,150.0428,149.968,149.927,150.8154,149.495,149.6942,151.6015,148.2173,-1.0142,-1.3489,0.3347,72.8847,63.8261,66.5323,72.8847,50.3255,73.6548,81.8096,-20.5703,19.6611,26.5926,-0.9235,-0.6144,4.58,-0.4861,75.4256,0.8443,3.1344,1.0313,90.0,10.0,80.0,64.3689,-0.1474,53.7944,3.031,22.6344,24.0494,5.5511,5.8981,152.752,149.376,146.0,149.065,148.325,145.8749,2.3658,2.4525,1.6274,93947.3569,18608108.0,151.0757,0.674,0.999,1,23.2402,42.3754,3.548,-2.3657,60.23,64.42,5.19,11790.96409090909,2875.897727272727,165.6266704583334,205.3150795535714,14.935,380.4172727272727,170.5647283166936
2025-12-08,151.29,152.0,150.8469,152.0,76149,PPA,150.1,152.36,147.4,150.7,727295,158.09,158.09,144.2901,151.31,2958620,23358.435,70140.0,4.14,3.72,324.054,2.94952520485207,716882.0,303961.0,4.4,159363,149.948,150.3986,150.4451,150.595,151.5774,149.7893,149.883,151.6214,148.431,-0.7881,-1.2367,0.4487,82.5181,74.7258,91.3043,82.5181,54.9286,100.0,91.2183,-5.4139,18.1372,25.5117,-0.2845,-0.1894,5.72,0.6157,101.2951,11.3964,3.9103,1.0391,80.0,0.0,80.0,76.3653,-0.1155,57.4633,4.4223,21.3755,23.3535,4.996,5.4583,152.9495,149.948,146.9465,149.775,149.0353,146.264,1.3,2.3373,1.5377,113603.27,18684257.0,150.9199,0.7481,0.9982,1,23.5978,48.4225,0.9431,-5.7903,59.04,63.3,5.19,11790.96409090909,2875.897727272727,165.6266704583334,205.3150795535714,14.935,380.4172727272727,170.5647283166936
2025-12-09,151.82,152.98,150.79,150.85,122371,PPA,150.1,152.36,147.4,150.7,727295,158.09,158.09,144.2901,151.31,2958620,23358.435,70140.0,4.14,3.72,324.054,2.94952520485207,716882.0,303961.0,4.4,159363,150.271,150.4807,150.6091,150.7085,151.538,150.0987,149.9183,151.606,148.7013,-0.6936,-1.1281,0.4345,71.0296,75.4775,55.2521,71.0296,50.3433,38.5599,70.7382,-33.126,17.6673,24.008,0.2395,0.1596,3.23,-0.4429,85.2537,10.8491,2.1881,1.0219,100.0,0.0,100.0,66.36,-0.0885,50.2401,13.4383,19.3599,25.371,4.4964,5.8925,152.8689,150.271,147.6731,149.775,149.765,146.6298,2.19,2.3225,1.5396,74514.0199,18561886.0,150.7131,0.89,0.9517,0,23.4492,62.8759,-0.7564,-1.0412,58.4,62.62,4.76,11790.96409090909,2875.897727272727,165.6266704583334,205.3150795535714,14.935,380.4172727272727,170.5647283166936
2025-12-10,150.9,153.38,150.18,152.37,145190,PPA,150.1,152.36,147.4,150.7,727295,158.09,158.09,144.2901,151.31,2958620,23358.435,70140.0,4.14,3.72,324.054,2.94952520485207,716882.0,303961.0,4.4,159363,150.575,150.8242,150.9907,151.2917,152.1664,150.442,150.0025,151.6212,149.0307,-0.4905,-1.0006,0.5101,73.5437,75.6971,74.0746,73.5437,55.7661,100.0,79.52,-16.8896,16.5497,22.1832,0.6655,0.4439,3.04,0.4594,96.8262,4.7206,2.0358,1.0204,100.0,0.0,100.0,67.3522,-0.06,59.8587,6.4908,19.3204,22.0026,4.6568,5.3033,153.3656,150.575,147.7844,149.96,150.39,147.1378,3.2,2.4103,1.5819,68784.038,18707076.0,150.5883,0.974,0.8489,0,22.9232,76.9114,0.2936,2.9305,58.67,63.12,4.62,11790.96409090909,2875.897727272727,165.6266704583334,205.3150795535714,14.935,380.4172727272727,170.5647283166936
2025-12-11,152.53,155.0594,152.1,154.63,132144,PPA,150.1,152.36,147.4,150.7,727295,158.09,158.09,144.2901,151.31,2958620,23358.435,70140.0,4.14,3.72,324.054,2.94952520485207,716882.0,303961.0,4.4,159363,151.023,151.5162,151.728,152.4648,153.5742,150.861,150.241,151.7717,149.458,-0.1454,-0.8295,0.6841,73.8749,72.8161,92.298,73.8749,62.5269,100.0,79.52,-5.6062,17.0193,21.4246,1.0915,0.728,4.48,0.7096,167.1147,20.1583,2.9837,1.0298,100.0,20.0,80.0,67.2885,-0.0237,64.7167,21.2454,17.0011,26.1737,4.1911,6.4523,154.6959,151.023,147.3501,151.09,151.2297,147.762,2.9594,2.4652,1.5943,90031.2359,18839220.0,150.4674,0.9783,0.5453,1,22.4021,101.9523,1.7376,2.6775,57.76,61.87,4.35,11790.96409090909,2875.897727272727,165.6266704583334,205.3150795535714,14.935,380.4172727272727,170.5647283166936
2025-12-12,155.05,155.34,153.34,154.1,164936,PPA,151.29,155.34,150.18,154.1,640790,158.09,158.09,144.2901,151.31,2958620,23358.435,70140.0,4.14,3.72,324.054,2.94952520485207,716882.0,303961.0,4.4,159363,151.302,151.986,152.2875,153.1465,154.2275,151.3367,150.3521,151.8881,149.9643,0.0843,-0.6468,0.7311,80.7806,76.0664,75.969,80.7806,60.1321,80.344,93.448,-15.6171,17.666,21.2138,1.1905,0.7931,2.79,-0.475,137.0718,28.4745,1.8439,1.0184,100.0,10.0,90.0,70.0164,0.0117,60.0757,23.4867,15.5952,25.1695,3.772,6.0877,155.4169,151.302,147.1871,151.09,151.37,148.6377,2.0,2.4187,1.5695,77943.5009,18674284.0,150.377,0.8764,0.2792,1,22.1914,118.7867,2.3392,0.6685,57.61,62.11,4.07,11790.96409090909,2875.897727272727,165.6266704583334,205.3150795535714,14.935,380.4172727272727,170.5647283166936
2025-12-15,154.76,155.28,153.7401,154.31,124306,PPA,151.29,155.34,150.18,154.1,640790,158.09,158.09,144.2901,151.31,2958620,23358.435,70140.0,4.14,3.72,324.054,2.94952520485207,716882.0,303961.0,4.4,159363,151.978,152.4085,152.8344,153.7037,154.6985,151.9097,150.9611,152.0092,150.5246,0.28,-0.4614,0.7415,82.7686,79.1414,80.0388,82.7686,60.7932,85.7702,88.7047,-14.4663,18.2481,21.024,1.6935,1.1269,6.76,-0.2922,119.279,31.0492,4.5815,1.0458,90.0,0.0,90.0,81.8063,0.0443,56.0762,23.4867,14.5649,23.5067,3.3948,5.4789,155.5964,151.978,148.3596,151.88,151.78,149.576,1.5399,2.3308,1.5105,55636.2868,18798590.0,150.3405,0.7028,-0.006,1,22.3561,135.3455,1.9754,-0.5923,56.97,61.55,3.9,11790.96409090909,2875.897727272727,165.6266704583334,205.3150795535714,14.935,380.4172727272727,170.5647283166936
2025-12-16,153.51,154.08,152.19,153.17,210676,PPA,151.29,155.34,150.18,154.1,640790,158.09,158.09,144.2901,151.31,2958620,23358.435,70140.0,4.14,3.72,324.054,2.94952520485207,716882.0,303961.0,4.4,159363,152.382,152.547,153.0511,153.72,154.4338,152.4117,151.1193,152.0672,151.0818,0.3393,-0.3013,0.6406,71.3178,78.289,57.9457,71.3178,55.2655,0.0,55.3714,-30.4775,16.7647,19.9744,1.9185,1.2751,4.04,-0.1799,44.67,13.4663,2.709,1.0271,80.0,10.0,70.0,67.5033,0.0677,54.5754,3.4146,19.9393,21.3491,4.6054,4.931,155.5068,152.382,149.2572,152.235,151.78,150.383,2.12,2.3097,1.5079,43935.4779,18587914.0,150.3712,0.6398,-0.0911,1,22.6711,140.2249,1.4484,-0.9035,55.44,59.93,3.58,11790.96409090909,2875.897727272727,165.6266704583334,205.3150795535714,14.935,380.4172727272727,170.5647283166936
2025-12-17,152.82,153.984,150.92,151.38,164743,PPA,151.29,155.34,150.18,154.1,640790,158.09,158.09,144.2901,151.31,2958620,23358.435,70140.0,4.14,3.72,324.054,2.94952520485207,716882.0,303961.0,4.4,159363,152.536,152.3348,152.8689,153.1209,153.3885,152.8233,151.1241,152.0535,151.5591,0.239,-0.1932,0.4322,49.4639,67.8501,10.4072,49.4639,47.6989,0.0,28.5901,-67.6253,16.0798,18.7943,1.954,1.2976,1.54,-0.47,-23.6592,1.116,1.0278,1.0103,70.0,0.0,70.0,56.3301,0.0764,47.4518,9.9153,22.7024,18.6065,5.4149,4.4379,155.2721,152.536,149.7999,152.665,152.4121,155.34,3.064,2.3851,1.5756,-1524.4239,18423171.0,150.4215,0.4098,-0.3553,1,23.044,155.8108,1.0643,1.6879,56.07,60.61,3.66,11790.96409090909,2875.897727272727,165.6266704583334,205.3150795535714,14.935,380.4172727272727,170.5647283166936
2025-12-18,152.49,153.8444,152.23,152.72,162443,PPA,151.29,155.34,150.18,154.1,640790,158.09,158.09,144.2901,151.31,2958620,23358.435,70140.0,4.14,3.72,324.054,2.94952520485207,716882.0,303961.0,4.4,159363,152.623,152.4048,152.9024,153.1053,153.2542,153.087,151.1423,152.0868,151.9573,0.2647,-0.1016,0.3663,36.359,52.3802,40.724,36.359,53.0461,40.8363,13.6121,-44.742,15.4633,17.5622,1.8525,1.2287,0.87,0.1425,16.6467,12.0834,0.5729,1.0057,60.0,10.0,50.0,56.8231,0.0812,50.5851,9.9153,20.3645,16.6904,4.8734,3.9941,155.3214,152.623,149.9246,152.665,152.4121,155.2516,2.4644,2.3931,1.567,-40293.9359,18585614.0,150.4956,0.3199,-0.4437,0,23.5196,161.3414,2.801,2.2915,56.22,60.69,3.87,11790.96409090909,2875.897727272727,165.6266704583334,205.3150795535714,14.935,380.4172727272727,170.5647283166936
2025-12-19,153.09,156.6997,153.09,156.24,146446,PPA,154.76,156.6997,150.92,156.24,808614,158.09,158.09,144.2901,151.31,2958620,23358.435,70140.0,4.14,3.72,324.054,2.94952520485207,716882.0,303961.0,4.4,159363,153.177,153.1021,153.56,154.2458,154.7301,153.3293,151.5725,152.2945,152.3637,0.5625,0.0312,0.5313,47.7258,44.5162,92.0463,47.7258,63.8374,100.0,46.9454,-7.0509,15.8217,16.9795,1.9005,1.2563,5.54,0.8726,134.6805,18.6638,3.6762,1.0368,100.0,0.0,100.0,65.8343,0.0969,56.5745,19.0473,17.1885,25.277,4.386,6.45,156.3087,153.177,150.0453,153.545,153.4398,150.92,3.9797,2.5517,1.6332,-17762.8896,18732060.0,150.6335,0.1291,-0.6099,1,23.97,172.5812,3.0115,-1.9424,56.8,61.35,3.58,11790.96409090909,2875.897727272727,165.6266704583334,205.3150795535714,14.935,380.4172727272727,170.5647283166936
2025-12-22,157.44,159.71,157.25,159.62,178133,PPA,154.76,156.6997,150.92,156.24,808614,158.09,158.09,144.2901,151.31,2958620,23358.435,70140.0,4.14,3.72,324.054,2.94952520485207,716882.0,303961.0,4.4,159363,153.939,154.2872,154.7315,156.1925,157.212,153.6353,152.4864,152.6608,152.8853,1.0591,0.2368,0.8223,77.2488,53.7779,98.9761,77.2488,70.9585,100.0,80.2788,-0.9444,18.0537,17.8605,1.9955,1.3133,7.62,0.8862,220.3928,41.9973,5.0132,1.0501,100.0,20.0,80.0,68.2311,0.1301,59.3612,38.1413,14.9323,33.3464,3.9474,8.8153,158.7903,153.939,149.0877,155.235,154.945,151.0356,3.47,2.6436,1.6562,45600.6259,18910193.0,150.8905,0.042,-0.6768,1,24.3838,177.591,1.8954,-3.9323,58.18,62.22,3.67,11790.96409090909,2875.897727272727,165.6266704583334,205.3150795535714,14.935,380.4172727272727,170.5647283166936
2025-12-23,159.49,160.39,159.215,159.83,155156,PPA,154.76,156.6997,150.92,156.24,808614,158.09,158.09,144.2901,151.31,2958620,23358.435,70140.0,4.14,3.72,324.054,2.94952520485207,716882.0,303961.0,4.4,159363,154.837,155.295,155.8025,157.6784,158.9037,154.0863,153.6885,153.0192,153.5445,1.4529,0.48,0.9729,95.0363,73.337,94.0866,95.0363,71.348,100.0,100.0,-5.4848,20.4082,18.4789,2.283,1.4965,8.98,0.2894,171.4815,49.5876,5.9529,1.0595,100.0,10.0,90.0,76.6089,0.1699,59.9709,41.5987,14.2295,34.5006,3.5527,8.6138,160.3483,154.837,149.3257,155.605,155.285,151.3826,1.175,2.4967,1.5621,69687.3867,19065349.0,151.2079,0.103,-0.6305,1,24.7176,174.0891,0.5433,-4.9818,58.55,63.7,3.38,11790.96409090909,2875.897727272727,165.6266704583334,205.3150795535714,14.935,380.4172727272727,170.5647283166936
2025-12-24,160.07,160.495,159.78,160.1,50732,PPA,154.76,156.6997,150.92,156.24,808614,158.09,158.09,144.2901,151.31,2958620,23358.435,70140.0,4.14,3.72,324.054,2.94952520485207,716882.0,303961.0,4.4,159363,155.61,156.1686,156.7595,158.8335,160.0663,154.7507,154.6253,153.1608,154.3218,1.7663,0.7373,1.0291,96.0945,89.4599,95.2208,96.0945,71.8867,100.0,100.0,-4.1253,22.5827,19.801,2.5175,1.6444,7.73,0.042,125.3539,51.6106,5.0732,1.0507,100.0,0.0,100.0,75.1979,0.2097,60.6758,42.1534,13.7907,33.8896,3.1974,7.8574,161.6623,155.61,149.5577,155.74,155.7075,151.923,0.715,2.3185,1.4482,71512.6278,19116081.0,151.5947,0.1037,-0.63,1,25.2312,174.047,-1.6176,-1.4691,58.72,63.7,3.31,11790.96409090909,2875.897727272727,165.6266704583334,205.3150795535714,14.935,380.4172727272727,170.5647283166936
2025-12-26,160.16,160.16,158.64,158.94,92891,PPA,157.44,160.495,157.25,158.94,476912,158.09,158.09,144.2901,151.31,2958620,23358.435,70140.0,4.14,3.72,324.054,2.94952520485207,716882.0,303961.0,4.4,159363,156.041,156.6725,157.3649,159.2651,160.2147,155.6553,154.9082,153.4498,155.147,1.8993,0.9697,0.9296,89.436,93.5223,79.0007,89.436,65.9667,26.4531,75.4844,-16.2402,23.0784,20.3722,2.509,1.6342,4.31,-0.8026,77.0158,39.0966,2.7873,1.0279,90.0,40.0,50.0,68.0297,0.2401,58.9812,27.5398,17.9466,31.5886,4.0177,7.0717,162.3607,156.041,149.7213,155.74,155.7075,152.6088,1.52,2.2387,1.4085,47868.8739,19023190.0,151.9451,0.1478,-0.5949,1,26.4423,171.5025,-1.1213,7.5561,56.6,.,.,11790.96409090909,2875.897727272727,165.6266704583334,205.3150795535714,14.935,380.4172727272727,170.5647283166936
2025-12-29,158.56,159.055,158.325,158.51,101956,PPA,157.44,160.495,157.25,158.94,476912,158.09,158.09,144.2901,151.31,2958620,23358.435,70140.0,4.14,3.72,324.054,2.94952520485207,716882.0,303961.0,4.4,159363,156.482,157.0066,157.8138,159.4012,160.016,156.6993,155.1553,153.551,155.9546,1.9475,1.1652,0.7822,71.0168,85.5158,38.829,71.0168,63.8025,0.0,42.151,-20.7311,23.1343,20.6912,2.59,1.683,4.41,-0.0685,50.306,35.6588,2.8618,1.0286,80.0,30.0,50.0,59.1822,0.2595,62.9545,23.6376,18.8279,30.4841,3.9309,6.3645,162.8138,156.482,150.1502,155.74,155.7075,153.2397,0.73,2.0878,1.3171,17846.6361,18921234.0,152.2407,0.1484,-0.5944,1,26.6243,171.4666,2.5727,13.8675,57.89,63.1,4.35,11790.96409090909,2875.897727272727,165.6266704583334,205.3150795535714,14.935,380.4172727272727,170.5647283166936
2025-12-30,158.91,158.91,157.88,157.93,140713,PPA,157.44,160.495,157.25,158.94,476912,158.09,158.09,144.2901,151.31,2958620,23358.435,70140.0,4.14,3.72,324.054,2.94952520485207,716882.0,303961.0,4.4,159363,156.844,157.1745,158.0771,159.2711,159.5303,157.6157,155.2924,153.7699,156.6886,1.9168,1.3155,0.6012,39.9139,66.7889,1.912,39.9139,60.8126,0.0,8.8177,-26.7885,22.6181,19.6914,2.433,1.5757,3.62,-0.9515,33.6098,30.5925,2.3459,1.0235,70.0,20.0,50.0,49.6026,0.2672,62.1021,17.9719,20.0946,28.8999,3.9828,5.7281,163.0504,156.844,150.6376,155.74,155.7075,153.8201,1.03,1.982,1.255,-36483.1011,18780521.0,152.6441,0.0789,-0.6491,1,26.1583,175.4775,6.7474,9.2244,57.79,62.3,4.4,11790.96409090909,2875.897727272727,165.6266704583334,205.3150795535714,14.935,380.4172727272727,170.5647283166936
2025-12-31,158.36,158.36,156.59,156.63,113567,PPA,157.44,160.495,157.25,158.94,476912,150.1,160.495,147.4,156.63,3009847,23358.435,70140.0,4.14,3.72,324.054,2.94952520485207,716882.0,303961.0,4.4,159363,157.19,157.0755,158.0382,158.7099,158.5438,158.2483,155.3534,153.9129,157.2899,1.7672,1.4059,0.3613,13.9218,41.6175,1.0243,13.9218,54.457,0.0,-0.0,-40.3655,20.6362,18.358,2.404,1.5531,3.46,-0.9774,-1.583,16.5704,2.2589,1.0226,60.0,10.0,50.0,53.0907,0.2611,49.4828,2.7987,24.8596,26.2912,4.8745,5.1552,162.9048,157.19,151.4752,155.74,155.7075,154.3541,1.77,1.9608,1.2519,-89893.9934,18666954.0,153.1474,0.054,-0.6679,1,25.297,176.9047,8.0529,-0.0304,57.26,61.35,4.0,11790.96409090909,2875.897727272727,165.6266704583334,205.3150795535714,14.935,380.4172727272727,170.5647283166936
2026-01-02,157.28,161.15,155.93,161.15,309918,PPA,158.56,161.15,155.93,161.15,666154,150.1,160.495,147.4,156.63,3009847,23358.435,70140.0,4.21,3.64,325.252,2.94952520485207,716882.0,303961.0,4.3,156714,158.167,157.8163,158.7582,159.7597,159.8766,158.694,156.3593,154.2748,157.8464,1.9904,1.5228,0.4676,34.3121,29.3826,100.0,34.3121,67.5562,100.0,33.3333,-0.0,21.1474,18.3054,2.8155,1.8123,9.77,0.7414,56.3152,9.8643,6.454,1.0645,100.0,0.0,100.0,68.9991,0.2642,56.8732,25.7484,19.1848,32.4904,4.3871,7.4297,162.8158,158.167,153.5182,156.935,156.69,154.8454,5.22,2.2867,1.419,-4961.4499,18976872.0,153.7352,-0.0025,-0.7089,1,24.207,180.1425,6.5957,-7.6859,57.21,61.98,.,12986.60681818182,3133.982727272727,169.2505145833334,203.8978238392856,14.78590909090909,363.9104545454545,179.496919568949
2026-01-05,162.55,165.49,162.55,165.32,408964,PPA,158.56,161.15,155.93,161.15,666154,150.1,160.495,147.4,156.63,3009847,23358.435,70140.0,4.21,3.64,325.252,2.94952520485207,716882.0,303961.0,4.3,156714,159.427,159.1806,160.0587,161.8869,162.6067,159.0617,158.1965,154.8271,158.4881,2.4753,1.7133,0.762,66.4154,38.2164,98.2218,66.4154,74.9437,100.0,66.6667,-1.371,23.7594,19.7906,3.402,2.1804,12.6,0.9422,240.053,45.0772,8.2504,1.0825,100.0,0.0,100.0,73.8382,0.2866,65.6498,47.2675,15.8438,44.2473,3.9484,11.0267,164.3116,159.427,154.5424,160.78,159.29,155.4758,4.34,2.4921,1.5074,145311.1726,19385836.0,154.3469,-0.0389,-0.7341,1,23.5954,182.2316,2.9088,-10.4822,58.1,63.0,2.82,12986.60681818182,3133.982727272727,169.2505145833334,203.8978238392856,14.78590909090909,363.9104545454545,179.496919568949
2026-01-06,165.72,168.35,165.555,168.23,478223,PPA,158.56,161.15,155.93,161.15,666154,150.1,160.495,147.4,156.63,3009847,23358.435,70140.0,4.21,3.64,325.252,2.94952520485207,716882.0,303961.0,4.3,156714,160.626,160.826,161.6593,164.3864,165.6742,159.546,160.1915,155.0951,159.3119,3.0591,1.9824,1.0766,99.0852,66.6042,99.0338,99.0852,78.7037,100.0,100.0,-0.9662,27.0333,22.5435,3.7245,2.3738,11.99,0.898,210.3416,54.1177,7.6741,1.0767,100.0,0.0,100.0,78.3942,0.3269,70.2225,56.4987,13.9581,50.2151,3.5535,12.7841,167.3374,160.626,153.9146,162.43,162.14,155.93,3.03,2.5459,1.5133,332672.3162,19864059.0,155.1746,-0.0011,-0.7079,1,22.6987,180.0622,-0.3418,-6.6635,56.97,62.1,2.85,12986.60681818182,3133.982727272727,169.2505145833334,203.8978238392856,14.78590909090909,363.9104545454545,179.496919568949
2026-01-07,168.83,169.35,164.9395,165.06,360794,PPA,158.56,161.15,155.93,161.15,666154,150.1,160.495,147.4,156.63,3009847,23358.435,70140.0,4.21,3.64,325.252,2.94952520485207,716882.0,303961.0,4.3,156714,161.17,161.5958,162.4655,165.1387,166.1781,160.1923,160.4708,155.5934,160.2388,3.2287,2.2317,0.997,88.4295,84.6433,68.0328,88.4295,66.6059,50.1056,83.3685,-31.9672,30.2569,25.3325,3.6155,2.2948,5.44,-0.8548,119.0222,48.5528,3.4081,1.0341,100.0,70.0,30.0,63.6495,0.3589,61.2266,59.2688,11.705,45.7693,3.1982,12.5057,168.3337,161.17,154.0063,162.43,162.64,157.6688,4.4105,2.7323,1.6554,270551.8633,19503265.0,156.0552,0.0463,-0.6736,1,22.0225,177.3444,-1.2235,-1.3926,56.01,61.08,3.1,12986.60681818182,3133.982727272727,169.2505145833334,203.8978238392856,14.78590909090909,363.9104545454545,179.496919568949
2026-01-08,169.61,172.3594,165.8526,167.21,656672,PPA,158.56,161.15,155.93,161.15,666154,150.1,160.495,147.4,156.63,3009847,23358.435,70140.0,4.21,3.64,325.252,2.94952520485207,716882.0,303961.0,4.3,156714,161.908,162.6166,163.5636,166.3505,167.3571,161.2477,160.9977,156.1742,161.2486,3.4964,2.4846,1.0117,78.5747,88.6964,68.6574,78.5747,70.0726,28.6557,59.5871,-31.3426,33.8731,28.2279,3.5355,2.2324,7.38,-0.3688,114.7916,51.4428,4.6174,1.0462,100.0,60.0,40.0,70.6361,0.3896,55.7855,66.4191,9.0258,44.7298,2.8784,14.2645,169.8462,161.908,153.9698,162.43,164.1447,159.5378,7.2994,3.189,1.9072,98777.6944,20159937.0,156.9098,0.075,-0.6521,1,21.8084,175.6989,-1.4139,4.5498,57.74,63.34,2.92,12986.60681818182,3133.982727272727,169.2505145833334,203.8978238392856,14.78590909090909,363.9104545454545,179.496919568949
2026-01-09,168.12,171.81,168.12,171.69,358888,PPA,162.55,172.3594,162.55,171.69,2263541,150.1,160.495,147.4,156.63,3009847,23358.435,70140.0,4.21,3.64,325.252,2.94952520485207,716882.0,303961.0,4.3,156714,163.067,164.2663,165.3422,168.6711,170.0436,162.761,162.2713,156.4845,162.4023,4.0236,2.7924,1.2312,76.622,81.2087,93.1759,76.622,75.8718,76.5918,51.7844,-4.0744,37.1277,30.1031,3.7285,2.34,11.59,0.9675,112.7443,57.959,7.2392,1.0724,90.0,50.0,40.0,73.7555,0.4315,61.9409,66.4191,7.7791,38.5512,2.5905,12.8381,172.7937,163.067,153.3403,164.16,164.1447,161.8457,4.6,3.3301,1.9396,126291.1912,20518825.0,157.7852,0.1136,-0.6222,1,22.1805,173.4784,1.583,10.9319,58.96,65.11,2.87,12986.60681818182,3133.982727272727,169.2505145833334,203.8978238392856,14.78590909090909,363.9104545454545,179.496919568949
2026-01-12,172.27,174.59,172.27,174.59,320906,PPA,162.55,172.3594,162.55,171.69,2263541,150.1,160.495,147.4,156.63,3009847,23358.435,70140.0,4.21,3.64,325.252,2.94952520485207,716882.0,303961.0,4.3,156714,164.632,166.1433,167.4373,171.283,173.0073,164.5483,164.4304,157.3898,163.7467,4.6221,3.1584,1.4638,87.2778,80.8248,100.0,87.2778,78.8232,100.0,68.4158,-0.0,40.617,31.8757,4.2955,2.6791,15.65,1.0,128.0211,66.9724,9.8465,1.0985,100.0,40.0,60.0,78.481,0.484,66.4901,72.0207,7.0928,43.6073,2.3315,14.3342,176.0824,164.632,153.1816,165.61,165.26,163.7382,2.9,3.2871,1.8828,228172.1498,20839731.0,158.5698,0.1661,-0.5799,1,23.1207,170.4415,6.1506,10.6715,59.39,65.4,2.9,12986.60681818182,3133.982727272727,169.2505145833334,203.8978238392856,14.78590909090909,363.9104545454545,179.496919568949
2026-01-13,176.45,176.5,174.71,175.31,311037,PPA,162.55,172.3594,162.55,171.69,2263541,150.1,160.495,147.4,156.63,3009847,23358.435,70140.0,4.21,3.64,325.252,2.94952520485207,716882.0,303961.0,4.3,156714,166.312,167.81,169.3787,173.3788,175.1407,166.359,166.5423,158.2858,165.2599,5.0959,3.5459,1.55,94.2941,86.0646,89.7063,94.2941,79.5145,100.0,92.1973,-5.7851,44.0734,33.3457,4.915,3.0453,16.8,-0.6369,123.3836,71.03,10.5987,1.106,100.0,30.0,70.0,82.7015,0.5368,60.729,75.1811,6.6626,47.0273,2.0983,14.8108,178.5773,166.312,154.0467,165.97,166.215,165.9085,1.91,3.1494,1.7965,216487.6179,21150768.0,159.1704,0.2133,-0.54,1,24.5766,167.6815,8.7223,3.5824,60.85,67.58,3.0,12986.60681818182,3133.982727272727,169.2505145833334,203.8978238392856,14.78590909090909,363.9104545454545,179.496919568949
2026-01-14,175.17,177.06,173.68,176.98,368382,PPA,162.55,172.3594,162.55,171.69,2263541,150.1,160.495,147.4,156.63,3009847,23358.435,70140.0,4.21,3.64,325.252,2.94952520485207,716882.0,303961.0,4.3,156714,168.217,169.4773,171.3184,175.3977,177.1269,168.243,168.8908,159.2205,166.9125,5.5421,3.9451,1.597,96.3308,92.6342,99.2862,96.3308,81.1041,100.0,100.0,-0.3786,46.0737,33.3549,5.6865,3.4987,19.05,0.5355,107.9676,61.7117,12.0623,1.1206,100.0,20.0,80.0,87.4672,0.5879,61.1711,64.0761,9.1995,42.017,2.9185,13.3297,180.6001,168.217,155.8339,166.805,166.495,168.0268,3.38,3.1725,1.7926,303690.8256,21519150.0,159.7686,0.2494,-0.5084,1,26.3282,165.5585,7.3216,-3.4804,61.84,68.87,3.13,12986.60681818182,3133.982727272727,169.2505145833334,203.8978238392856,14.78590909090909,363.9104545454545,179.496919568949
2026-01-15,177.24,179.23,176.56,178.91,951053,PPA,162.55,172.3594,162.55,171.69,2263541,150.1,160.495,147.4,156.63,3009847,23358.435,70140.0,4.21,3.64,325.252,2.94952520485207,716882.0,303961.0,4.3,156714,170.445,171.1923,173.2625,177.4395,179.1217,170.2793,171.7401,159.6143,168.6795,5.9826,4.3526,1.63,95.3707,95.3319,97.1197,95.3707,82.8164,100.0,100.0,-1.3734,48.3381,34.7428,6.6275,4.0457,22.28,0.6255,114.5042,67.2545,14.2246,1.1422,100.0,10.0,90.0,92.2338,0.6366,61.0079,68.7181,8.4128,45.374,2.6266,14.1668,181.6485,170.445,159.2415,170.03,167.58,169.8335,2.67,3.1222,1.7451,541829.1845,22470203.0,160.382,0.2622,-0.497,1,26.851,164.7999,5.043,0.7104,59.13,66.16,2.92,12986.60681818182,3133.982727272727,169.2505145833334,203.8978238392856,14.78590909090909,363.9104545454545,179.496919568949
2026-01-16,179.8,181.31,179.342,180.82,476564,PPA,172.27,181.31,172.27,180.82,2427942,150.1,160.495,147.4,156.63,3009847,23358.435,70140.0,4.21,3.64,325.252,2.94952520485207,716882.0,303961.0,4.3,156714,172.412,172.9428,175.1489,179.4864,181.1052,172.2673,174.1942,160.0384,170.5387,6.4119,4.7645,1.6474,96.9952,96.2323,94.5796,96.9952,84.3734,100.0,100.0,-2.6119,50.7545,37.257,7.1225,4.3091,19.67,0.5183,119.5312,71.6581,12.206,1.1221,100.0,0.0,100.0,92.5849,0.6824,68.5409,72.5024,7.7508,48.6233,2.364,14.8301,183.2995,172.412,161.5245,172.94,171.93,171.7128,2.4,3.05,1.6868,666117.4229,22946767.0,161.183,0.2579,-0.5008,1,26.5933,165.0534,6.9693,7.3562,59.4,66.97,3.06,12986.60681818182,3133.982727272727,169.2505145833334,203.8978238392856,14.78590909090909,363.9104545454545,179.496919568949
2026-01-20,178.88,180.6301,176.43,176.77,380812,PPA,172.27,181.31,172.27,180.82,2427942,150.1,160.495,147.4,156.63,3009847,23358.435,70140.0,4.21,3.64,325.252,2.94952520485207,716882.0,303961.0,4.3,156714,173.557,173.6386,175.9413,179.5618,180.3787,173.9767,174.4761,160.875,172.3314,6.3521,5.082,1.2701,77.3991,89.9217,40.498,77.3991,69.5301,0.0,66.6667,-27.7328,50.1973,38.6153,7.065,4.2434,11.45,-0.5024,70.7623,48.4411,6.926,1.0693,90.0,0.0,90.0,84.2277,0.7027,67.3402,45.1822,15.8279,41.9193,5.0396,13.3471,183.5956,173.557,163.5184,172.94,173.1248,173.6322,4.39,3.184,1.8012,554856.1482,22565955.0,162.2557,0.2279,-0.5274,1,26.0256,166.8268,9.7587,5.7407,60.3,67.68,4.0,12986.60681818182,3133.982727272727,169.2505145833334,203.8978238392856,14.78590909090909,363.9104545454545,179.496919568949
2026-01-21,177.45,178.7035,175.4048,178.48,408663,PPA,172.27,181.31,172.27,180.82,2427942,150.1,160.495,147.4,156.63,3009847,23358.435,70140.0,4.21,3.64,325.252,2.94952520485207,716882.0,303961.0,4.3,156714,174.582,174.5189,176.8364,180.0853,180.4618,175.4827,174.8722,161.7552,173.9999,6.3692,5.3394,1.0298,65.9957,80.13,62.9096,65.9957,71.8531,15.6503,38.5501,-17.2872,48.8488,39.5528,6.978,4.1634,10.25,0.3122,54.2659,40.9821,6.0928,1.0609,80.0,10.0,70.0,75.0445,0.7093,67.3675,36.7124,17.4022,37.5919,5.5608,12.0124,184.3244,174.582,164.8396,172.94,173.1248,175.1678,3.2987,3.1955,1.7904,571307.8617,22974618.0,163.3162,0.1811,-0.5674,1,26.1013,169.5671,10.9188,-0.0591,60.38,66.72,4.96,12986.60681818182,3133.982727272727,169.2505145833334,203.8978238392856,14.78590909090909,363.9104545454545,179.496919568949
2026-01-22,178.81,178.9,176.26,177.46,265811,PPA,172.27,181.31,172.27,180.82,2427942,150.1,160.495,147.4,156.63,3009847,23358.435,70140.0,4.21,3.64,325.252,2.94952520485207,716882.0,303961.0,4.3,156714,175.822,175.0536,177.3596,180.0455,179.8834,176.7687,175.2775,162.5405,175.4785,6.2287,5.5173,0.7114,46.0703,63.1551,34.8032,46.0703,68.397,0.0,5.2168,-24.9072,47.7128,40.793,7.326,4.3479,12.4,-0.5114,46.0553,43.6085,7.5124,1.0751,70.0,0.0,70.0,82.2397,0.6994,63.3818,37.4891,15.9391,35.057,5.0047,11.0076,183.2926,175.822,168.3514,174.015,173.5813,175.4048,2.64,3.1399,1.7694,518412.2819,22708807.0,164.166,0.1416,-0.5998,1,26.9399,171.8591,9.48,-5.86,59.24,65.46,8.42,12986.60681818182,3133.982727272727,169.2505145833334,203.8978238392856,14.78590909090909,363.9104545454545,179.496919568949
2026-01-23,177.97,178.77,176.21,176.88,185424,PPA,178.88,180.6301,175.4048,176.88,1240710,150.1,160.495,147.4,156.63,3009847,23358.435,70140.0,4.21,3.64,325.252,2.94952520485207,716882.0,303961.0,4.3,156714,176.789,175.3857,177.552,179.7417,179.0888,177.5897,175.4652,163.2575,176.7215,6.0014,5.6141,0.3873,40.8981,50.988,24.9814,40.8981,66.3798,0.0,5.2168,-33.5861,46.6429,41.8853,7.4405,4.3936,9.67,-0.4258,26.5198,43.1945,5.7831,1.0578,60.0,0.0,60.0,75.6856,0.675,60.2806,37.0137,14.7773,32.145,4.5543,9.9069,181.5692,176.789,172.0088,176.255,174.715,175.4048,2.56,3.0819,1.7424,421528.2975,22523383.0,164.8035,0.096,-0.636,1,27.7693,174.4905,7.5524,-7.2626,60.7,68.16,30.72,12986.60681818182,3133.982727272727,169.2505145833334,203.8978238392856,14.78590909090909,363.9104545454545,179.496919568949
2026-01-26,176.48,176.6025,174.7101,175.27,265990,PPA,178.88,180.6301,175.4048,176.88,1240710,150.1,160.495,147.4,156.63,3009847,23358.435,70140.0,4.21,3.64,325.252,2.94952520485207,716882.0,303961.0,4.3,156714,177.147,175.3647,177.2758,178.9114,177.7151,177.8357,175.4586,163.8581,177.6801,5.6264,5.6166,0.0099,23.0808,36.683,9.4578,23.0808,60.845,0.0,-0.0,-66.8142,44.2642,42.4406,7.04,4.1386,3.58,-0.6394,-67.5795,30.6425,2.0852,1.0209,50.0,0.0,50.0,68.4885,0.6349,53.1432,22.8554,18.7203,29.8128,5.5987,8.9162,180.7332,177.147,173.5608,177.705,176.79,181.31,2.1699,2.9907,1.7064,309020.4506,22257393.0,165.4232,0.0196,-0.6931,1,28.1397,178.8774,6.4591,-10.5418,60.46,67.7,25.01,12986.60681818182,3133.982727272727,169.2505145833334,203.8978238392856,14.78590909090909,363.9104545454545,179.496919568949
2026-01-27,175.49,178.28,175.0,178.05,177200,PPA,178.88,180.6301,175.4048,176.88,1240710,150.1,160.495,147.4,156.63,3009847,23358.435,70140.0,4.21,3.64,325.252,2.94952520485207,716882.0,303961.0,4.3,156714,177.493,175.8529,177.44,179.1543,177.9747,177.82,175.5429,164.5677,178.4197,5.4903,5.5913,-0.101,38.0508,34.0099,79.7131,38.0508,66.2448,49.0534,16.3511,-42.7261,43.0012,43.5373,6.4305,3.7592,3.46,0.7805,-12.6569,31.924,1.9818,1.0198,40.0,0.0,40.0,67.3469,0.596,54.4791,31.6343,16.6869,32.1297,5.0389,9.7021,180.6699,177.493,174.3161,178.045,177.495,181.178,3.28,3.0197,1.696,283376.357,22434593.0,166.1234,-0.0622,-0.7497,1,28.0944,183.5669,2.8797,-13.4706,62.04,70.28,17.19,12986.60681818182,3133.982727272727,169.2505145833334,203.8978238392856,14.78590909090909,363.9104545454545,179.496919568949
2026-01-28,176.89,176.89,174.16,175.74,288136,PPA,178.88,180.6301,175.4048,176.88,1240710,150.1,160.495,147.4,156.63,3009847,23358.435,70140.0,4.21,3.64,325.252,2.94952520485207,716882.0,303961.0,4.3,156714,177.536,175.8324,177.1213,178.5167,177.0468,177.6403,175.5441,164.7911,178.9305,5.1368,5.5004,-0.3636,40.8347,33.9888,33.3333,40.8347,58.7628,0.0,16.3511,-73.0013,41.0807,43.5772,5.612,3.2642,0.43,-0.4212,-111.2117,24.517,0.2453,1.0025,30.0,10.0,20.0,59.5934,0.5493,52.6097,23.7961,17.3013,28.1066,5.375,8.7319,180.6033,177.536,174.4687,178.045,177.495,181.0486,3.89,3.1067,1.7678,261564.4867,22146457.0,166.8942,-0.1452,-0.8023,1,28.0554,188.3484,-0.2088,-8.3977,62.75,70.9,9.34,12986.60681818182,3133.982727272727,169.2505145833334,203.8978238392856,14.78590909090909,363.9104545454545,179.496919568949
2026-01-29,177.06,178.73,174.61,175.68,279202,PPA,178.88,180.6301,175.4048,176.88,1240710,150.1,160.495,147.4,156.63,3009847,23358.435,70140.0,4.21,3.64,325.252,2.94952520485207,716882.0,303961.0,4.3,156714,177.406,175.8047,176.7838,177.9783,176.3577,177.2957,175.5457,165.3356,179.2285,4.7966,5.3597,-0.5631,48.6728,42.5194,32.9718,48.6728,58.5719,0.0,16.3511,-78.7413,40.3168,44.3275,4.5945,2.6587,-1.3,-0.335,-68.8385,26.9581,-0.7345,0.9927,20.0,0.0,20.0,58.6314,0.4989,55.3643,33.4421,15.0793,30.2326,4.8375,9.6987,180.661,177.406,174.151,178.045,177.735,180.7731,4.12,3.208,1.8261,186169.3495,21867255.0,167.7284,-0.2201,-0.8454,1,28.3018,192.7144,-0.9218,-5.0873,64.77,71.0,10.25,12986.60681818182,3133.982727272727,169.2505145833334,203.8978238392856,14.78590909090909,363.9104545454545,179.496919568949
2026-01-30,174.5,176.386,172.83,174.58,266126,PPA,176.48,178.73,172.83,174.58,1276654,157.28,181.31,155.93,174.58,7518765,23358.435,70140.0,4.21,3.64,325.252,2.94952520485207,716882.0,303961.0,4.3,156714,176.973,175.582,176.27,177.1782,175.3799,176.8583,175.5003,165.7978,179.3188,4.3876,5.1652,-0.7777,31.9887,40.4987,29.661,31.9887,54.936,0.0,-0.0,-79.3632,38.0312,44.3929,3.264,1.879,-4.33,0.0225,-134.9487,11.1585,-2.4202,0.9758,10.0,100.0,-90.0,40.2866,0.4442,50.195,17.4605,18.9148,26.9174,6.1337,8.7288,180.4565,176.973,173.4895,177.7,177.07,180.5086,3.556,3.2428,1.8575,137067.9104,21601129.0,168.547,-0.2958,-0.8846,1,28.4775,197.2077,-2.2633,-3.7318,64.5,72.25,7.18,12986.60681818182,3133.982727272727,169.2505145833334,203.8978238392856,14.78590909090909,363.9104545454545,179.496919568949
2026-02-02,173.25,174.41,172.33,173.73,422897,PPA,176.48,178.73,172.83,174.58,1276654,157.28,181.31,155.93,174.58,7518765,23358.435,70140.0,4.21,3.64,325.252,2.94952520485207,716882.0,303961.0,4.3,156714,176.264,175.2453,175.6804,176.2758,174.3416,176.4373,175.3073,166.1944,179.2111,3.9493,4.9221,-0.9727,28.1693,36.2769,21.875,28.1693,52.1562,0.0,-0.0,-83.1327,35.5509,42.8741,1.926,1.1048,-7.09,0.2308,-156.6311,7.0024,-3.921,0.9608,0.0,100.0,-100.0,24.6684,0.3862,50.2301,13.2281,19.1516,24.9907,6.0204,7.8559,179.1641,176.264,173.3639,176.105,176.48,180.0479,2.25,3.1435,1.8094,151098.0554,21178232.0,169.2853,-0.3837,-0.9243,1,28.3744,202.5652,-2.7147,1.1008,61.6,67.72,4.4,12986.60681818182,3133.982727272727,169.2505145833334,203.8978238392856,14.78590909090909,363.9104545454545,179.496919568949
2026-02-03,175.39,176.34,173.33,176.26,436318,PPA,176.48,178.73,172.83,174.58,1276654,157.28,181.31,155.93,174.58,7518765,23358.435,70140.0,4.21,3.64,325.252,2.94952520485207,716882.0,303961.0,4.3,156714,176.213,175.4298,175.6796,176.4238,174.8115,176.1417,175.3143,166.6977,178.9986,3.7628,4.6902,-0.9274,37.6474,32.6018,61.4062,37.6474,59.0148,100.0,33.3333,-40.1826,34.4801,41.6644,1.328,0.7594,-0.51,0.289,-42.7121,14.1365,-0.2885,0.9971,0.0,90.0,-90.0,38.7785,0.3382,56.5223,24.8429,17.3099,28.7534,5.4183,9.0003,179.0936,176.213,173.3324,176.105,175.615,179.4304,3.01,3.1302,1.7759,274550.3422,21614550.0,169.9533,-0.4798,-0.9597,1,28.0811,208.6742,-1.2653,2.7969,62.62,70.01,4.11,12986.60681818182,3133.982727272727,169.2505145833334,203.8978238392856,14.78590909090909,363.9104545454545,179.496919568949
2026-02-04,176.71,176.75,168.93,171.26,356871,PPA,176.48,178.73,172.83,174.58,1276654,157.28,181.31,155.93,174.58,7518765,23358.435,70140.0,4.21,3.64,325.252,2.94952520485207,716882.0,303961.0,4.3,156714,175.491,174.6716,174.7791,174.8647,172.8901,175.654,174.9292,166.7889,178.6223,3.1749,4.3871,-1.2122,35.6856,33.8341,23.7755,35.6856,44.8854,0.0,33.3333,-76.6299,31.7089,39.7109,0.4545,0.2597,-7.22,-0.6969,-168.3183,-16.9941,-4.0453,0.9595,10.0,100.0,-90.0,39.6097,0.2803,51.2965,6.7688,25.774,22.5061,9.2765,8.1003,179.2287,175.491,171.7533,174.655,173.915,178.8624,7.82,3.5992,2.1016,254209.8288,21257679.0,170.4979,-0.5899,-0.9881,1,27.6389,216.1481,-0.7348,-1.2682,64.56,71.15,6.88,12986.60681818182,3133.982727272727,169.2505145833334,203.8978238392856,14.78590909090909,363.9104545454545,179.496919568949
2026-02-05,169.8,172.3269,169.05,169.64,258779,PPA,176.48,178.73,172.83,174.58,1276654,157.28,181.31,155.93,174.58,7518765,23358.435,70140.0,4.21,3.64,325.252,2.94952520485207,716882.0,303961.0,4.3,156714,174.709,173.7568,173.7153,173.1662,170.9095,175.0563,174.388,166.9315,178.0495,2.5489,4.0195,-1.4706,31.4203,34.9178,9.0793,31.4203,41.3236,0.0,33.3333,-92.7846,29.2149,37.9289,-0.5565,-0.3175,-7.82,-0.0488,-176.1768,-16.035,-4.4066,0.9559,0.0,90.0,-90.0,30.6451,0.2149,44.8738,6.7688,23.4062,20.4385,8.3488,7.2903,179.5739,174.709,169.8441,173.845,173.85,177.8692,3.2769,3.5669,2.1027,170089.8509,20998900.0,171.1214,-0.7585,-0.9971,0,27.0948,229.3325,-1.9594,-1.3617,62.9,69.87,5.28,12986.60681818182,3133.982727272727,169.2505145833334,203.8978238392856,14.78590909090909,363.9104545454545,179.496919568949
2026-02-06,171.67,175.62,171.67,175.26,232577,PPA,173.25,176.75,168.93,175.26,1707442,157.28,181.31,155.93,174.58,7518765,23358.435,70140.0,4.21,3.64,325.252,2.94952520485207,716882.0,303961.0,4.3,156714,174.547,174.0301,173.8155,173.7705,172.195,174.5407,174.3978,167.098,177.4372,2.4777,3.7111,-1.2334,37.9337,35.0132,80.9463,37.9337,55.0673,77.6862,25.8954,-35.4082,27.6409,35.9526,-1.121,-0.6381,-1.62,0.9089,-13.0528,3.2123,-0.9159,0.9908,0.0,80.0,-80.0,37.9811,0.1694,52.4496,13.475,19.7308,25.8763,7.514,9.8543,179.2158,174.547,169.8782,173.845,173.83,176.9752,5.98,3.8082,2.1729,180727.2609,21231477.0,171.7505,-0.8497,-0.9737,1,26.6902,238.1759,-1.8336,-1.9609,63.77,70.45,4.37,12986.60681818182,3133.982727272727,169.2505145833334,203.8978238392856,14.78590909090909,363.9104545454545,179.496919568949
2026-02-09,175.33,177.5,175.33,176.87,220713,PPA,173.25,176.75,168.93,175.26,1707442,157.28,181.31,155.93,174.58,7518765,23358.435,70140.0,4.21,3.64,325.252,2.94952520485207,716882.0,303961.0,4.3,156714,174.707,174.5464,174.2378,174.7565,173.8517,174.2063,174.4253,167.5866,176.9074,2.5221,3.4733,-0.9512,60.8915,43.4152,92.6488,60.8915,58.1849,95.3085,57.6649,-18.9796,27.1533,35.0772,-1.22,-0.6935,1.6,0.7097,82.441,23.0296,0.9129,1.0091,30.0,70.0,-40.0,46.1556,0.1432,56.9605,22.7642,18.5204,29.4376,6.7626,10.7489,179.5696,174.707,169.8444,173.845,173.83,168.93,2.24,3.6514,2.0645,198099.1527,21452190.0,172.4179,-0.9176,-0.9299,1,26.5739,246.5834,-3.1688,-0.7854,64.53,71.19,3.25,12986.60681818182,3133.982727272727,169.2505145833334,203.8978238392856,14.78590909090909,363.9104545454545,179.496919568949
2026-02-10,177.0,177.245,175.5,175.5,174700,PPA,173.25,176.75,168.93,175.26,1707442,157.28,181.31,155.93,174.58,7518765,23358.435,70140.0,4.21,3.64,325.252,2.94952520485207,716882.0,303961.0,4.3,156714,174.452,174.7198,174.382,175.0336,174.378,173.898,174.4447,167.9823,176.4769,2.4189,3.2624,-0.8436,83.4193,60.7481,76.6628,83.4193,54.6029,78.7561,83.9169,-32.9592,26.7144,33.8975,-1.5205,-0.8641,-2.55,-0.8596,70.1446,23.8344,-1.4322,0.9857,20.0,60.0,-40.0,40.0817,0.1243,54.0535,22.7642,17.5865,27.9533,6.0863,9.674,178.8299,174.452,170.0741,173.255,173.83,169.1014,1.745,3.4608,1.972,131610.4582,21277490.0,173.1119,-0.9651,-0.8675,0,26.702,254.8278,-1.686,1.6686,64.53,71.19,3.25,12986.60681818182,3133.982727272727,169.2505145833334,203.8978238392856,14.78590909090909,363.9104545454545,179.496919568949
2026-02-11,176.7,176.81,172.51,173.13,215591,PPA,173.25,176.75,168.93,175.26,1707442,157.28,181.31,155.93,174.58,7518765,23358.435,70140.0,4.21,3.64,325.252,2.94952520485207,716882.0,303961.0,4.3,156714,174.191,174.4308,174.1416,174.451,173.6745,173.7117,174.4205,168.0853,176.0888,2.1214,3.0342,-0.9128,72.5319,72.2809,48.284,72.5319,48.8253,44.4907,72.8517,-57.1429,24.182,32.2494,-1.6725,-0.951,-2.61,-0.8302,-8.6568,2.8231,-1.4851,0.9851,10.0,50.0,-40.0,41.1302,0.1021,49.2836,1.3913,23.8883,24.5624,8.4677,8.7066,178.5418,174.191,169.8402,173.255,173.83,169.2694,4.3,3.5447,2.0474,43630.3141,21061899.0,173.7014,-0.995,-0.7741,0,27.1113,264.2805,-2.2016,-3.4163,64.53,71.19,3.25,12986.60681818182,3133.982727272727,169.2505145833334,203.8978238392856,14.78590909090909,363.9104545454545,179.496919568949
2026-02-12,174.36,177.16,173.48,173.98,268860,PPA,173.25,176.75,168.93,175.26,1707442,157.28,181.31,155.93,174.58,7518765,23358.435,70140.0,4.21,3.64,325.252,2.94952520485207,716882.0,303961.0,4.3,156714,174.021,174.3488,174.1033,174.2983,173.6051,173.8193,174.4153,168.38,175.7385,1.9319,2.8138,-0.8818,54.8565,70.2692,39.6226,54.8565,50.8958,22.1218,48.4562,-41.0735,22.1213,30.0762,-1.6925,-0.9632,-1.7,-0.1033,35.1346,8.4239,-0.9677,0.9903,0.0,40.0,-40.0,40.8673,0.0823,43.4772,3.5747,21.2091,22.7816,7.6209,8.186,178.2571,174.021,169.7849,173.255,173.215,169.434,4.03,3.5932,2.0653,-58628.0245,21330759.0,174.1727,-0.9943,-0.6277,0,27.3947,276.1165,-4.9119,3.8115,64.53,71.19,3.25,12986.60681818182,3133.982727272727,169.2505145833334,203.8978238392856,14.78590909090909,363.9104545454545,179.496919568949
2026-02-13,174.6,177.8,174.6,176.1,184535,PPA,175.33,177.8,172.51,176.1,1064399,173.25,177.8,168.93,176.1,2771841,23358.435,70140.0,4.21,3.64,325.252,2.94952520485207,716882.0,303961.0,4.3,156714,174.173,174.6672,174.4813,174.8864,174.5399,174.1563,174.433,168.766,175.4736,1.9306,2.6371,-0.7065,51.9235,59.7706,67.8639,51.9235,55.8464,75.0157,47.2094,-19.1657,20.6818,28.1163,-1.4,-0.7974,1.52,0.4687,83.5139,14.729,0.8707,1.0087,100.0,30.0,70.0,48.7829,0.0723,46.7387,7.7259,18.9685,22.1448,6.8588,8.0074,178.5839,174.173,169.7621,173.255,173.365,169.5953,3.82,3.6159,2.0533,-98800.8908,21515294.0,174.5441,-0.9337,-0.407,0,27.2602,290.9842,-0.8636,13.8112,64.53,71.19,3.25,12986.60681818182,3133.982727272727,169.2505145833334,203.8978238392856,14.78590909090909,363.9104545454545,179.496919568949
