,open,high,low,close,volume,ticker,weekly_prices_open,weekly_prices_high,weekly_prices_low,weekly_prices_close,weekly_prices_volume,monthly_prices_open,monthly_prices_high,monthly_prices_low,monthly_prices_close,monthly_prices_volume,gross_profit,total_revenue,net_income,total_assets,total_liabilities,total_shareholder_equity,cash_short_term_investments,long_term_debt,current_debt,retained_earnings,operating_cashflow,capital_expenditures,cashflow_from_investment,cashflow_from_financing,dividend_payout,net_income_cashflow,reported_eps,gdp,gdp_per_capita,treasury_yield,federal_funds_rate,cpi,inflation,retail_sales,durables,unemployment,nonfarm_payrolls,sma,ema,wma,dema,tema,trima,kama,mama,t3,macd,macd_signal,macd_hist,stoch_slowk,stoch_slowd,stochf_fastk,stochf_fastd,rsi,stochrsi_fastk,stochrsi_fastd,willr,adx,adxr,apo,ppo,mom,bop,cci,cmo,roc,rocr,aroon_up,aroon_down,aroon_oscillator,mfi,trix,ultosc,dx,minus_di,plus_di,minus_dm,plus_dm,bbands_upper,bbands_middle,bbands_lower,midpoint,midprice,sar,trange,atr,natr,adosc,obv,ht_trendline,ht_sine,ht_leadsine,ht_trendmode,ht_dcperiod,ht_dcphase,ht_inphase,ht_quadrature,crude_oil_price,brent_oil_price,natural_gas_price,copper_price,aluminum_price,wheat_price,corn_price,sugar_price,coffee_price,commodities_index
2025-05-20,6.2100,6.2200,6.0500,6.0800,4587482,COMP,6.5400,6.5700,5.9900,6.2900,41372870,8.6900,9.0800,6.7900,7.7200,158908383,994500000,5629100000,-154400000,1178000000,765600000,409400000,223800000,None,None,-2672200000,121500000,15700000,-36600000,-28000000,None,-154500000,-0.2391,23305.023,69248.0,4.42,4.33,321.465,2.94952520485207,647460.0,343734.0,4.2,159930,6.5610,6.5304,6.3280,6.0838,5.9796,6.4530,6.5846,7.4247,6.7385,-0.4756,-0.3806,-0.0950,36.8597,31.5869,17.4757,36.8597,28.1794,47.1203,77.3436,-95.1351,39.2873,28.3575,-0.5255,-7.4155,-1.6600,-0.7647,-69.9264,-45.3145,-21.4470,0.7855,0.0000,70.0000,-70.0000,15.1712,-1.0288,48.2010,58.8560,32.8701,8.5134,1.2231,0.3168,7.7159,6.5610,5.4061,6.9050,6.9150,7.5657,0.1800,0.3721,6.1201,-1955823.2272,-57637855.0000,7.1411,-0.6790,0.0390,1,21.3994,-42.7628,-1.0587,0.9945,63.97,66.93,3.15,9531.20090909091,2447.34409090909,196.841071428571,204.808448129252,17.4313636363636,397.588636363636,160.525599378657
2025-05-21,5.9900,6.0400,5.7000,5.8000,7015387,COMP,6.5400,6.5700,5.9900,6.2900,41372870,8.6900,9.0800,6.7900,7.7200,158908383,994500000,5629100000,-154400000,1178000000,765600000,409400000,223800000,None,None,-2672200000,121500000,15700000,-36600000,-28000000,None,-154500000,-0.2391,23305.023,69248.0,4.42,4.33,321.465,2.94952520485207,647460.0,343734.0,4.2,159930,6.3760,6.3976,6.1896,5.9235,5.8158,6.3180,6.4179,7.3435,6.5931,-0.5062,-0.4057,-0.1004,24.5203,31.9348,14.7059,24.5203,24.5020,0.0000,44.0103,-95.3271,42.0737,29.4969,-0.6390,-9.1091,-1.8500,-0.5588,-124.5757,-55.5583,-24.1830,0.7582,10.0000,100.0000,-90.0000,15.3131,-1.1121,42.8383,67.1516,38.9065,7.6459,1.4508,0.2851,7.3528,6.3760,5.3992,6.7650,6.7700,7.4712,0.3800,0.3729,6.4292,-2473304.0505,-64653242.0000,7.0807,-0.4987,0.2602,1,20.6776,-29.9159,-0.7846,0.8592,62.93,65.86,3.2,9531.20090909091,2447.34409090909,196.841071428571,204.808448129252,17.4313636363636,397.588636363636,160.525599378657
2025-05-22,5.7800,5.9300,5.6550,5.8600,6822764,COMP,6.5400,6.5700,5.9900,6.2900,41372870,8.6900,9.0800,6.7900,7.7200,158908383,994500000,5629100000,-154400000,1178000000,765600000,409400000,223800000,None,None,-2672200000,121500000,15700000,-36600000,-28000000,None,-154500000,-0.2391,23305.023,69248.0,4.42,4.33,321.465,2.94952520485207,647460.0,343734.0,4.2,159930,6.1890,6.2998,6.0958,5.8320,5.7490,6.2183,6.2956,7.2693,6.4496,-0.5195,-0.4285,-0.0910,20.3516,27.2439,28.8732,20.3516,26.7771,33.6890,26.9364,-86.4686,44.6735,32.6041,-0.7510,-10.8213,-1.8700,0.2909,-140.8200,-56.7166,-24.1915,0.7581,0.0000,100.0000,-100.0000,17.3400,-1.1813,43.1510,68.0713,37.1992,7.0668,1.3507,0.2566,6.6219,6.1890,5.7561,6.1350,6.4125,7.3295,0.2750,0.3631,6.1963,-1394450.4686,-57830478.0000,7.0121,-0.2116,0.5415,1,19.9033,-12.2168,-0.4996,0.8517,62.55,64.87,3.0,9531.20090909091,2447.34409090909,196.841071428571,204.808448129252,17.4313636363636,397.588636363636,160.525599378657
2025-05-23,5.7300,6.0000,5.7300,5.9700,6040080,COMP,6.1200,6.2300,5.6550,5.9700,30251277,8.6900,9.0800,6.7900,7.7200,158908383,994500000,5629100000,-154400000,1178000000,765600000,409400000,223800000,None,None,-2672200000,121500000,15700000,-36600000,-28000000,None,-154500000,-0.2391,23305.023,69248.0,4.42,4.33,321.465,2.94952520485207,647460.0,343734.0,4.2,159930,6.1610,6.2399,6.0560,5.8080,5.7695,6.1620,6.2847,7.2044,6.3154,-0.5153,-0.4459,-0.0695,32.7872,25.8864,54.7826,32.7872,31.0120,100.0000,44.5630,-65.5738,46.2375,35.0509,-0.7090,-10.3202,-0.2800,0.8889,-90.5837,-49.5010,-4.4800,0.9552,0.0000,90.0000,-90.0000,31.9259,-1.2220,48.0036,60.3137,34.3603,8.5060,1.2156,0.3009,6.6104,6.1610,5.7116,6.1350,6.1125,7.1620,0.2700,0.3538,5.9262,668434.2211,-51790398.0000,6.9323,0.0740,0.7575,1,19.2455,4.2442,-0.2731,0.5115,62.89,65.41,2.93,9531.20090909091,2447.34409090909,196.841071428571,204.808448129252,17.4313636363636,397.588636363636,160.525599378657
2025-05-27,6.0800,6.0899,5.8000,5.9800,9949342,COMP,6.1200,6.2300,5.6550,5.9700,30251277,8.6900,9.0800,6.7900,7.7200,158908383,994500000,5629100000,-154400000,1178000000,765600000,409400000,223800000,None,None,-2672200000,121500000,15700000,-36600000,-28000000,None,-154500000,-0.2391,23305.023,69248.0,4.42,4.33,321.465,2.94952520485207,647460.0,343734.0,4.2,159930,6.1120,6.1926,6.0231,5.8006,5.8018,6.0960,6.2557,7.1799,6.1951,-0.5054,-0.4578,-0.0476,47.0593,33.3994,57.5221,47.0593,31.4127,100.0000,77.8963,-64.4809,46.6545,36.6718,-0.6880,-10.1176,-0.4900,-0.3449,-54.1784,-42.6880,-7.5734,0.9243,10.0000,80.0000,-70.0000,46.1512,-1.2364,51.7879,50.4072,31.4931,10.3840,1.0941,0.3607,6.5210,6.1120,5.7030,6.1300,6.1125,7.0113,0.2899,0.3474,5.8094,2217064.8464,-41841056.0000,6.8460,0.2432,0.8578,1,18.8327,14.0734,-0.1619,0.1667,61.61,64.32,3.2,9531.20090909091,2447.34409090909,196.841071428571,204.808448129252,17.4313636363636,397.588636363636,160.525599378657
2025-05-28,5.9500,5.9516,5.8000,5.8200,4135209,COMP,6.1200,6.2300,5.6550,5.9700,30251277,8.6900,9.0800,6.7900,7.7200,158908383,994500000,5629100000,-154400000,1178000000,765600000,409400000,223800000,None,None,-2672200000,121500000,15700000,-36600000,-28000000,None,-154500000,-0.2391,23305.023,69248.0,4.42,4.33,321.465,2.94952520485207,647460.0,343734.0,4.2,159930,6.0480,6.1249,5.9700,5.7487,5.7626,6.0293,6.2030,7.1527,6.0876,-0.5045,-0.4671,-0.0374,50.0815,43.3094,37.9398,50.0815,28.4728,57.4583,85.8194,-80.5882,47.0298,38.1306,-0.6615,-9.8592,-0.6400,-0.8575,-73.7369,-42.6880,-9.9071,0.9009,0.0000,70.0000,-70.0000,35.1817,-1.2420,47.6107,50.4072,29.7787,9.8187,0.9847,0.3247,6.4175,6.0480,5.6785,6.0700,6.0800,6.8757,0.1800,0.3307,5.6815,1680459.0335,-45976265.0000,6.7521,0.3862,0.9253,1,18.6792,22.7177,-0.1958,-0.0991,62.54,65.72,3.09,9531.20090909091,2447.34409090909,196.841071428571,204.808448129252,17.4313636363636,397.588636363636,160.525599378657
2025-05-29,5.9000,6.0400,5.8050,5.8500,6674099,COMP,6.1200,6.2300,5.6550,5.9700,30251277,8.6900,9.0800,6.7900,7.7200,158908383,994500000,5629100000,-154400000,1178000000,765600000,409400000,223800000,None,None,-2672200000,121500000,15700000,-36600000,-28000000,None,-154500000,-0.2391,23305.023,69248.0,4.42,4.33,321.465,2.94952520485207,647460.0,343734.0,4.2,159930,5.9990,6.0749,5.9340,5.7263,5.7601,5.9770,6.1719,7.0875,5.9935,-0.4958,-0.4728,-0.0229,46.7666,47.9691,44.8379,46.7666,29.8407,66.0891,74.5158,-73.1034,46.3179,39.2289,-0.6170,-9.3259,-0.4900,-0.2128,-46.4333,-42.1169,-7.7287,0.9227,0.0000,60.0000,-60.0000,45.6445,-1.2334,43.0653,39.9115,27.5993,11.8532,0.8862,0.3806,6.3284,5.9990,5.6696,6.0450,6.0175,6.7536,0.2350,0.3211,5.4888,-2122.6928,-39302166.0000,6.6533,0.5017,0.9664,1,18.7266,30.1120,-0.3069,-0.1030,61.66,64.6,2.97,9531.20090909091,2447.34409090909,196.841071428571,204.808448129252,17.4313636363636,397.588636363636,160.525599378657
2025-05-30,5.8500,5.9900,5.7700,5.9100,8561931,COMP,6.0800,6.0899,5.7700,5.9100,29320581,7.8100,8.1450,5.6550,5.9100,179196130,994500000,5629100000,-154400000,1178000000,765600000,409400000,223800000,None,None,-2672200000,121500000,15700000,-36600000,-28000000,None,-154500000,-0.2391,23305.023,69248.0,4.42,4.33,321.465,2.94952520485207,647460.0,343734.0,4.2,159930,5.9790,6.0449,5.9178,5.7351,5.7946,5.9443,6.1640,7.0287,5.9145,-0.4785,-0.4740,-0.0045,44.2638,47.0373,50.0139,44.2638,32.7010,100.0000,74.5158,-64.0845,45.8563,40.3068,-0.5410,-8.2975,-0.2000,0.2727,-42.5806,-43.8644,-3.2733,0.9673,0.0000,50.0000,-50.0000,45.0163,-1.2056,50.6568,41.7012,26.7723,11.0147,0.8326,0.3425,6.3033,5.9790,5.6547,6.0450,6.0100,6.6438,0.2200,0.3110,5.2621,52718.8747,-30740235.0000,6.5504,0.5904,0.9882,1,18.8946,36.1881,-0.3278,0.1716,61.46,64.32,2.86,9531.20090909091,2447.34409090909,196.841071428571,204.808448129252,17.4313636363636,397.588636363636,160.525599378657
2025-06-02,5.8500,5.9300,5.7850,5.8400,4508615,COMP,6.0800,6.0899,5.7700,5.9100,29320581,7.8100,8.1450,5.6550,5.9100,179196130,994500000,5629100000,-154400000,1178000000,765600000,409400000,223800000,None,None,-2672200000,121500000,15700000,-36600000,-28000000,None,-154500000,-0.2391,23305.023,69248.0,4.38,4.33,322.561,2.94952520485207,613336.0,330778.0,4.1,160293,5.9340,6.0077,5.8925,5.7237,5.7935,5.9157,6.1269,6.9692,5.8492,-0.4650,-0.4722,0.0072,38.9112,43.3139,21.8818,38.9112,31.0596,61.1796,75.7562,-67.8261,45.4408,41.2769,-0.4805,-7.4908,-0.4500,-0.0690,-57.7402,-41.8254,-7.1542,0.9285,0.0000,40.0000,-40.0000,35.3533,-1.1691,52.3931,41.7012,25.4536,10.4721,0.7493,0.3083,6.1911,5.9340,5.6769,6.0150,5.9425,6.5449,0.1450,0.2944,5.0409,-275911.5024,-35248850.0000,6.4438,0.6534,0.9973,1,19.1352,40.7999,-0.1750,0.3516,63.27,66.55,3.0,9835.0680952381,2525.95904761905,173.194763481667,195.719077321429,16.2261904761905,363.162380952381,165.786567246984
2025-06-03,5.8600,6.0700,5.6950,6.0600,7210194,COMP,6.0800,6.0899,5.7700,5.9100,29320581,7.8100,8.1450,5.6550,5.9100,179196130,994500000,5629100000,-154400000,1178000000,765600000,409400000,223800000,None,None,-2672200000,121500000,15700000,-36600000,-28000000,None,-154500000,-0.2391,23305.023,69248.0,4.38,4.33,322.561,2.94952520485207,613336.0,330778.0,4.1,160293,5.9170,6.0172,5.9155,5.7926,5.8984,5.9003,6.1253,6.9238,5.8016,-0.4317,-0.4641,0.0324,56.4097,46.5282,97.3333,56.4097,41.3414,100.0000,87.0599,-28.3186,43.2499,41.2686,-0.4050,-6.4062,-0.1700,0.5333,39.0271,-46.8476,-2.7287,0.9727,0.0000,30.0000,-30.0000,45.7770,-1.1044,57.0341,23.5319,22.2977,13.8026,0.6744,0.4175,6.1074,5.9170,5.7266,5.9400,5.9375,6.4559,0.3750,0.3024,4.9909,1786529.4908,-28038656.0000,6.3438,0.7041,1.0000,1,19.4658,44.7541,-0.0404,0.2131,64.1,67.48,2.84,9835.0680952381,2525.95904761905,173.194763481667,195.719077321429,16.2261904761905,363.162380952381,165.786567246984
2025-06-04,6.0600,6.2399,6.0600,6.1800,4899630,COMP,6.0800,6.0899,5.7700,5.9100,29320581,7.8100,8.1450,5.6550,5.9100,179196130,994500000,5629100000,-154400000,1178000000,765600000,409400000,223800000,None,None,-2672200000,121500000,15700000,-36600000,-28000000,None,-154500000,-0.2391,23305.023,69248.0,4.38,4.33,322.561,2.94952520485207,613336.0,330778.0,4.1,160293,5.9270,6.0468,5.9633,5.8873,6.0270,5.9053,6.1261,6.9089,5.7747,-0.3910,-0.4495,0.0584,69.4074,54.9094,89.0072,69.4074,46.2040,100.0000,87.0599,-10.2411,39.4571,40.7654,-0.3170,-5.0769,0.1000,0.6670,256.0950,-5.7205,1.6447,1.0164,100.0000,20.0000,80.0000,53.2858,-1.0117,55.3378,5.3221,20.9154,18.8016,0.6070,0.5456,6.1570,5.9270,5.6970,5.9900,5.9474,6.3758,0.1799,0.2902,4.6957,2988656.7439,-23139026.0000,6.2834,0.7423,0.9987,1,19.9239,47.9274,-0.0394,0.0229,63.57,66.69,2.8,9835.0680952381,2525.95904761905,173.194763481667,195.719077321429,16.2261904761905,363.162380952381,165.786567246984
2025-06-05,6.1800,6.4500,6.1125,6.1600,7023398,COMP,6.0800,6.0899,5.7700,5.9100,29320581,7.8100,8.1450,5.6550,5.9100,179196130,994500000,5629100000,-154400000,1178000000,765600000,409400000,223800000,None,None,-2672200000,121500000,15700000,-36600000,-28000000,None,-154500000,-0.2391,23305.023,69248.0,4.38,4.33,322.561,2.94952520485207,613336.0,330778.0,4.1,160293,5.9630,6.0674,6.0056,5.9537,6.1055,5.9293,6.1295,6.8714,5.7670,-0.3563,-0.4308,0.0745,82.6433,69.4868,61.5894,82.6433,45.5054,95.3874,98.4625,-36.4780,36.7531,40.7133,-0.2065,-3.3471,0.3600,-0.0593,191.5863,-1.1912,6.2069,1.0621,100.0000,10.0000,90.0000,64.0895,-0.9068,49.3580,12.4172,18.5219,23.7739,0.5463,0.7012,6.2139,5.9630,5.7121,6.0000,6.0525,5.6550,0.3375,0.2949,4.7877,1603054.0670,-30162424.0000,6.2241,0.7914,0.9919,1,20.4681,52.3176,-0.0759,0.0844,64.06,67.14,2.86,9835.0680952381,2525.95904761905,173.194763481667,195.719077321429,16.2261904761905,363.162380952381,165.786567246984
2025-06-06,6.1800,6.3400,6.0650,6.2900,6949249,COMP,5.8500,6.4500,5.6950,6.2900,30591086,7.8100,8.1450,5.6550,5.9100,179196130,994500000,5629100000,-154400000,1178000000,765600000,409400000,223800000,None,None,-2672200000,121500000,15700000,-36600000,-28000000,None,-154500000,-0.2391,23305.023,69248.0,4.38,4.33,322.561,2.94952520485207,613336.0,330778.0,4.1,160293,6.0060,6.1078,6.0651,6.0480,6.2162,5.9643,6.1484,6.8424,5.7781,-0.3147,-0.4076,0.0929,76.4682,76.1730,78.8079,76.4682,50.8700,100.0000,98.4625,-21.1921,33.8632,40.0504,-0.0915,-1.5006,0.4300,0.4000,121.7339,-5.2710,7.3379,1.0734,90.0000,0.0000,90.0000,63.5010,-0.7862,54.5438,7.8539,18.4047,21.5420,0.5391,0.6310,6.3128,6.0060,5.6992,6.0550,6.0725,5.6709,0.2750,0.2929,4.6571,2297563.7634,-23213175.0000,6.1945,0.8400,0.9776,1,21.0007,57.1437,-0.0188,0.1670,65.3,68.02,2.68,9835.0680952381,2525.95904761905,173.194763481667,195.719077321429,16.2261904761905,363.162380952381,165.786567246984
2025-06-09,6.3300,6.3700,6.1100,6.1600,5667187,COMP,5.8500,6.4500,5.6950,6.2900,30591086,7.8100,8.1450,5.6550,5.9100,179196130,994500000,5629100000,-154400000,1178000000,765600000,409400000,223800000,None,None,-2672200000,121500000,15700000,-36600000,-28000000,None,-154500000,-0.2391,23305.023,69248.0,4.38,4.33,322.561,2.94952520485207,613336.0,330778.0,4.1,160293,6.0250,6.1173,6.0931,6.0761,6.2290,6.0083,6.1488,6.8287,5.8020,-0.2889,-0.3839,0.0950,67.3289,75.4801,61.5894,67.3289,45.8544,47.3625,80.9166,-38.4106,31.5175,39.0860,-0.0680,-1.1160,0.1900,-0.6538,84.1712,-0.8862,3.1826,1.0318,80.0000,60.0000,20.0000,54.5482,-0.6744,52.8019,10.4061,16.7525,20.6441,0.4852,0.5979,6.3438,6.0250,5.7062,6.0550,6.0725,5.6865,0.2600,0.2896,4.7019,1263152.9404,-28880362.0000,6.1807,0.8806,0.9577,1,21.5269,61.7157,0.0012,0.2419,65.99,68.73,3.13,9835.0680952381,2525.95904761905,173.194763481667,195.719077321429,16.2261904761905,363.162380952381,165.786567246984
2025-06-10,6.1900,6.3950,6.1750,6.3400,6719851,COMP,5.8500,6.4500,5.6950,6.2900,30591086,7.8100,8.1450,5.6550,5.9100,179196130,994500000,5629100000,-154400000,1178000000,765600000,409400000,223800000,None,None,-2672200000,121500000,15700000,-36600000,-28000000,None,-154500000,-0.2391,23305.023,69248.0,4.38,4.33,322.561,2.94952520485207,613336.0,330778.0,4.1,160293,6.0610,6.1578,6.1504,6.1572,6.3155,6.0660,6.1615,6.8043,5.8380,-0.2510,-0.3573,0.1063,70.7307,71.5093,71.7949,70.7307,52.9859,100.0000,82.4542,-14.5695,29.6304,38.3301,-0.0255,-0.4190,0.3600,0.6818,95.3198,5.4355,6.0201,1.0602,70.0000,50.0000,20.0000,52.5159,-0.5559,54.5487,12.6463,15.3672,19.8166,0.4367,0.5631,6.4289,6.0610,5.6931,6.0800,6.0725,5.7018,0.2350,0.2842,4.4823,1794219.9955,-22160511.0000,6.1489,0.9253,0.9225,1,22.1192,67.7092,0.1182,0.4659,65.66,68.41,2.79,9835.0680952381,2525.95904761905,173.194763481667,195.719077321429,16.2261904761905,363.162380952381,165.786567246984
2025-06-11,6.4000,6.5800,6.3800,6.5100,6712110,COMP,5.8500,6.4500,5.6950,6.2900,30591086,7.8100,8.1450,5.6550,5.9100,179196130,994500000,5629100000,-154400000,1178000000,765600000,409400000,223800000,None,None,-2672200000,121500000,15700000,-36600000,-28000000,None,-154500000,-0.2391,23305.023,69248.0,4.38,4.33,322.561,2.94952520485207,613336.0,330778.0,4.1,160293,6.1300,6.2218,6.2320,6.2738,6.4462,6.1320,6.2266,6.7896,5.8874,-0.2049,-0.3268,0.1219,73.2640,70.4412,86.4078,73.2640,58.6948,100.0000,82.4542,-7.9096,29.4216,37.8698,0.0410,0.6733,0.6900,0.5500,135.2667,22.4617,11.8557,1.1186,100.0000,40.0000,60.0000,60.9202,-0.4242,57.6625,27.5427,14.0489,24.7294,0.3930,0.6918,6.5467,6.1300,5.7133,6.1750,6.1375,5.7167,0.2400,0.2798,4.2974,2489065.2002,-15448401.0000,6.1373,0.9616,0.8741,1,22.8104,74.0663,0.3019,0.2693,68.91,71.29,2.73,9835.0680952381,2525.95904761905,173.194763481667,195.719077321429,16.2261904761905,363.162380952381,165.786567246984
2025-06-12,6.4900,6.5200,6.3150,6.4100,7395136,COMP,5.8500,6.4500,5.6950,6.2900,30591086,7.8100,8.1450,5.6550,5.9100,179196130,994500000,5629100000,-154400000,1178000000,765600000,409400000,223800000,None,None,-2672200000,121500000,15700000,-36600000,-28000000,None,-154500000,-0.2391,23305.023,69248.0,4.38,4.33,322.561,2.94952520485207,613336.0,330778.0,4.1,160293,6.1860,6.2561,6.2829,6.3265,6.4828,6.1943,6.2485,6.7706,5.9455,-0.1744,-0.2963,0.1219,75.0643,73.0197,66.9903,75.0643,54.3789,66.3886,88.7962,-19.2090,28.4376,37.1469,0.0935,1.5347,0.5600,-0.3902,94.4218,15.1571,9.5726,1.0957,90.0000,30.0000,60.0000,50.0004,-0.3033,51.6327,19.5818,15.3783,22.8676,0.4187,0.6226,6.5874,6.1860,5.7846,6.1750,6.1375,5.7512,0.2050,0.2723,4.2478,2374870.8301,-22843537.0000,6.1345,0.9850,0.8184,1,23.7827,80.0746,0.2843,0.0145,68.73,70.84,2.9,9835.0680952381,2525.95904761905,173.194763481667,195.719077321429,16.2261904761905,363.162380952381,165.786567246984
2025-06-13,6.2800,6.4300,6.1900,6.2300,4566470,COMP,6.3300,6.5800,6.1100,6.2300,31060754,7.8100,8.1450,5.6550,5.9100,179196130,994500000,5629100000,-154400000,1178000000,765600000,409400000,223800000,None,None,-2672200000,121500000,15700000,-36600000,-28000000,None,-154500000,-0.2391,23305.023,69248.0,4.38,4.33,322.561,2.94952520485207,613336.0,330778.0,4.1,160293,6.2180,6.2513,6.2909,6.3051,6.4193,6.2443,6.2477,6.7436,6.0038,-0.1629,-0.2697,0.1067,59.6433,69.3239,25.5319,59.6433,47.4072,12.0933,59.4939,-39.5480,26.1448,35.7928,0.1195,1.9595,0.3200,-0.2083,34.1397,2.1391,5.4146,1.0541,80.0000,20.0000,60.0000,52.8322,-0.2143,46.4067,5.5098,18.6525,20.8278,0.5019,0.5604,6.5749,6.2180,5.8611,6.1750,6.1375,5.7844,0.2400,0.2691,4.3187,1143612.4517,-27410007.0000,6.1366,0.9969,0.7602,1,24.8355,85.5194,0.2877,-0.0668,73.84,76.0,2.65,9835.0680952381,2525.95904761905,173.194763481667,195.719077321429,16.2261904761905,363.162380952381,165.786567246984
2025-06-16,6.3300,6.4500,6.2250,6.2700,4263701,COMP,6.3300,6.5800,6.1100,6.2300,31060754,7.8100,8.1450,5.6550,5.9100,179196130,994500000,5629100000,-154400000,1178000000,765600000,409400000,223800000,None,None,-2672200000,121500000,15700000,-36600000,-28000000,None,-154500000,-0.2391,23305.023,69248.0,4.38,4.33,322.561,2.94952520485207,613336.0,330778.0,4.1,160293,6.2610,6.2547,6.3004,6.3015,6.3892,6.2853,6.2492,6.7199,6.0582,-0.1489,-0.2455,0.0966,38.6597,57.7891,23.4568,38.6597,49.0210,14.2970,30.9263,-35.0282,24.2749,33.7624,0.1635,2.6814,0.4300,-0.2667,36.3597,5.4639,7.3630,1.0736,70.0000,10.0000,60.0000,59.7631,-0.1455,47.1541,7.4460,17.0667,19.8127,0.4517,0.5243,6.5137,6.2610,6.0083,6.2850,6.1375,5.8162,0.2250,0.2646,4.2209,-278028.2078,-23146306.0000,6.1421,0.9888,0.5934,1,25.4507,98.6009,0.2083,-0.2190,72.53,75.05,2.9,9835.0680952381,2525.95904761905,173.194763481667,195.719077321429,16.2261904761905,363.162380952381,165.786567246984
2025-06-17,6.2600,6.2790,5.9000,5.9700,7707061,COMP,6.3300,6.5800,6.1100,6.2300,31060754,7.8100,8.1450,5.6550,5.9100,179196130,994500000,5629100000,-154400000,1178000000,765600000,409400000,223800000,None,None,-2672200000,121500000,15700000,-36600000,-28000000,None,-154500000,-0.2391,23305.023,69248.0,4.38,4.33,322.561,2.94952520485207,613336.0,330778.0,4.1,160293,6.2520,6.2029,6.2475,6.1989,6.2290,6.3033,6.2462,6.7049,6.0998,-0.1601,-0.2284,0.0683,19.7609,39.3546,10.2941,19.7609,39.0387,0.0000,8.7968,-89.7059,24.0046,31.7309,0.1675,2.7529,-0.0900,-0.7652,-161.3599,-21.9094,-1.4851,0.9851,60.0000,0.0000,60.0000,48.1427,-0.1218,40.1744,21.5715,26.4956,17.0929,0.7315,0.4719,6.5371,6.2520,5.9669,6.2400,6.2400,5.8468,0.3790,0.2761,4.6245,-2380736.7663,-30853367.0000,6.1415,0.9678,0.5062,0,25.7497,104.5896,0.1505,0.0464,75.62,78.7,2.9,9835.0680952381,2525.95904761905,173.194763481667,195.719077321429,16.2261904761905,363.162380952381,165.786567246984
2025-06-18,5.9900,6.0700,5.8700,5.9100,8202657,COMP,6.3300,6.5800,6.1100,6.2300,31060754,7.8100,8.1450,5.6550,5.9100,179196130,994500000,5629100000,-154400000,1178000000,765600000,409400000,223800000,None,None,-2672200000,121500000,15700000,-36600000,-28000000,None,-154500000,-0.2391,23305.023,69248.0,4.38,4.33,322.561,2.94952520485207,613336.0,330778.0,4.1,160293,6.2250,6.1497,6.1853,6.1028,6.0924,6.2920,6.2343,6.6651,6.1246,-0.1718,-0.2171,0.0453,13.3016,23.9074,6.1538,13.3016,37.3486,0.0000,4.7657,-94.3662,23.9727,30.3629,0.1490,2.4523,-0.2700,-0.4000,-177.9198,-23.9343,-4.3689,0.9563,50.0000,100.0000,-50.0000,38.5184,-0.1302,40.4346,23.6854,25.6392,15.8196,0.6884,0.4247,6.5758,6.2250,5.8742,6.2100,6.2250,6.5800,0.2000,0.2685,4.5427,-4590466.8979,-39056024.0000,6.1314,0.8492,0.2271,1,25.8605,121.8727,0.2931,0.0109,75.89,78.38,3.43,9835.0680952381,2525.95904761905,173.194763481667,195.719077321429,16.2261904761905,363.162380952381,165.786567246984
2025-06-20,5.9600,6.2200,5.9300,6.1200,15420995,COMP,6.3300,6.4500,5.8700,6.1200,35594414,7.8100,8.1450,5.6550,5.9100,179196130,994500000,5629100000,-154400000,1178000000,765600000,409400000,223800000,None,None,-2672200000,121500000,15700000,-36600000,-28000000,None,-154500000,-0.2391,23305.023,69248.0,4.38,4.33,322.561,2.94952520485207,613336.0,330778.0,4.1,160293,6.2210,6.1443,6.1662,6.1015,6.0964,6.2600,6.2335,6.6379,6.1378,-0.1623,-0.2061,0.0438,19.8505,17.6377,43.1034,19.8505,46.3767,77.3454,25.7818,-64.7887,22.3331,28.0982,0.1290,2.1175,-0.0400,0.5517,-75.5416,-17.1819,-0.6494,0.9935,40.0000,90.0000,-50.0000,45.2584,-0.1344,42.0334,7.5772,22.7239,19.5228,0.6195,0.5322,6.5756,6.2210,5.8664,6.2100,6.2250,6.5658,0.3100,0.2726,4.4547,-3554369.4045,-23635029.0000,6.1184,0.6200,-0.1164,0,25.6256,141.6868,0.2371,-0.6079,75.72,78.73,3.09,9835.0680952381,2525.95904761905,173.194763481667,195.719077321429,16.2261904761905,363.162380952381,165.786567246984
2025-06-23,6.0600,6.2800,5.9800,6.2500,6320962,COMP,6.3300,6.4500,5.8700,6.1200,35594414,7.8100,8.1450,5.6550,5.9100,179196130,994500000,5629100000,-154400000,1178000000,765600000,409400000,223800000,None,None,-2672200000,121500000,15700000,-36600000,-28000000,None,-154500000,-0.2391,23305.023,69248.0,4.38,4.33,322.561,2.94952520485207,613336.0,330778.0,4.1,160293,6.2170,6.1635,6.1715,6.1442,6.1593,6.2203,6.2336,6.6301,6.1464,-0.1426,-0.1934,0.0508,38.2582,23.8034,65.5172,38.2582,51.2123,100.0000,59.1151,-46.4789,20.2689,25.8932,0.1055,1.7263,-0.0400,0.6333,-28.9761,-11.5543,-0.6359,0.9936,30.0000,80.0000,-50.0000,54.3072,-0.1226,45.5379,1.6910,20.2482,19.5748,0.5576,0.5390,6.5693,6.2170,5.8647,6.2100,6.2250,6.5519,0.3000,0.2754,4.4058,-1198414.7023,-17314067.0000,6.1080,0.1450,-0.5971,0,25.1059,171.6621,-0.0345,-0.7349,69.36,74.34,3.5,9835.0680952381,2525.95904761905,173.194763481667,195.719077321429,16.2261904761905,363.162380952381,165.786567246984
2025-06-24,6.3000,6.4700,6.2100,6.4400,5531598,COMP,6.3300,6.4500,5.8700,6.1200,35594414,7.8100,8.1450,5.6550,5.9100,179196130,994500000,5629100000,-154400000,1178000000,765600000,409400000,223800000,None,None,-2672200000,121500000,15700000,-36600000,-28000000,None,-154500000,-0.2391,23305.023,69248.0,4.38,4.33,322.561,2.94952520485207,613336.0,330778.0,4.1,160293,6.2450,6.2138,6.2120,6.2391,6.2880,6.1883,6.2398,6.6206,6.1584,-0.1105,-0.1768,0.0664,67.8736,41.9941,95.0000,67.8736,57.4443,100.0000,92.4485,-19.7183,19.7146,24.6725,0.1100,1.7930,0.2800,0.5385,60.2097,10.4314,4.5455,1.0455,20.0000,70.0000,-50.0000,62.0919,-0.0840,48.3613,14.7257,18.3256,24.6548,0.5018,0.6751,6.6186,6.2450,5.8714,6.2100,6.2250,6.5382,0.2600,0.2738,4.2520,1228219.3621,-11782469.0000,6.1045,-0.1087,-0.7798,1,24.6841,186.2379,-0.1868,-0.5438,65.45,69.13,3.3,9835.0680952381,2525.95904761905,173.194763481667,195.719077321429,16.2261904761905,363.162380952381,165.786567246984
2025-06-25,6.4000,6.4700,6.2700,6.2800,7285522,COMP,6.3300,6.4500,5.8700,6.1200,35594414,7.8100,8.1450,5.6550,5.9100,179196130,994500000,5629100000,-154400000,1178000000,765600000,409400000,223800000,None,None,-2672200000,121500000,15700000,-36600000,-28000000,None,-154500000,-0.2391,23305.023,69248.0,4.38,4.33,322.561,2.94952520485207,613336.0,330778.0,4.1,160293,6.2390,6.2258,6.2184,6.2564,6.3007,6.1630,6.2401,6.6036,6.1729,-0.0967,-0.1608,0.0641,76.2835,60.8051,68.3333,76.2835,51.3116,69.4823,89.8274,-42.2535,19.2157,24.3187,0.0890,1.4472,-0.0600,-0.6000,42.1265,15.2715,-0.9464,0.9905,10.0000,60.0000,-50.0000,52.2898,-0.0489,46.9971,14.7257,16.9501,22.8041,0.4516,0.6076,6.6082,6.2390,5.8698,6.2100,6.2250,6.5249,0.2000,0.2664,4.2428,22968.4192,-19067991.0000,6.1050,-0.3269,-0.8994,1,24.5321,199.0786,-0.3589,-0.3895,65.98,68.4,3.26,9835.0680952381,2525.95904761905,173.194763481667,195.719077321429,16.2261904761905,363.162380952381,165.786567246984
2025-06-26,6.3200,6.3738,6.1200,6.3100,6051914,COMP,6.3300,6.4500,5.8700,6.1200,35594414,7.8100,8.1450,5.6550,5.9100,179196130,994500000,5629100000,-154400000,1178000000,765600000,409400000,223800000,None,None,-2672200000,121500000,15700000,-36600000,-28000000,None,-154500000,-0.2391,23305.023,69248.0,4.38,4.33,322.561,2.94952520485207,613336.0,330778.0,4.1,160293,6.2190,6.2411,6.2313,6.2787,6.3206,6.1633,6.2417,6.5889,6.1894,-0.0825,-0.1452,0.0627,77.9012,74.0194,70.3704,77.9012,52.3709,54.1600,74.5474,-32.3077,17.3813,22.9095,0.0445,0.7207,-0.2000,-0.0394,22.0685,0.2267,-3.0722,0.9693,0.0000,50.0000,-50.0000,43.2792,-0.0156,52.6669,0.8718,20.9843,20.6216,0.5565,0.5468,6.5466,6.2190,5.8914,6.1750,6.1950,6.5118,0.2538,0.2652,4.2026,485316.6988,-13016077.0000,6.1154,-0.6097,-0.9916,1,24.4016,217.5682,-0.4559,0.3377,66.44,68.57,3.23,9835.0680952381,2525.95904761905,173.194763481667,195.719077321429,16.2261904761905,363.162380952381,165.786567246984
2025-06-27,6.3300,6.4200,6.2700,6.4100,21094841,COMP,6.0600,6.4700,5.9800,6.4100,46284837,7.8100,8.1450,5.6550,5.9100,179196130,994500000,5629100000,-154400000,1178000000,765600000,409400000,223800000,None,None,-2672200000,121500000,15700000,-36600000,-28000000,None,-154500000,-0.2391,23305.023,69248.0,4.38,4.33,322.561,2.94952520485207,613336.0,330778.0,4.1,160293,6.2190,6.2718,6.2660,6.3277,6.3769,6.1933,6.2424,6.5800,6.2094,-0.0624,-0.1286,0.0662,75.4863,76.5570,87.7551,75.4863,55.9229,75.5859,66.4094,-10.0000,16.0045,21.0746,0.0165,0.2660,0.0000,0.5333,78.1927,12.8631,0.0000,1.0000,0.0000,40.0000,-40.0000,61.2668,0.0236,59.0630,3.6128,19.7434,21.2235,0.5008,0.5384,6.5466,6.2190,5.8914,6.1750,6.1700,6.4989,0.1500,0.2537,3.9573,6447401.6921,8078764.0000,6.1322,-0.6841,-0.9995,1,24.1438,223.1686,-0.1733,0.8853,66.66,69.37,3.23,9835.0680952381,2525.95904761905,173.194763481667,195.719077321429,16.2261904761905,363.162380952381,165.786567246984
2025-06-30,6.5700,6.5800,6.2200,6.2800,6954993,COMP,6.0600,6.4700,5.9800,6.4100,46284837,5.8500,6.5800,5.6950,6.2800,150486084,994500000,5629100000,-154400000,1178000000,765600000,409400000,223800000,None,None,-2672200000,121500000,15700000,-36600000,-28000000,None,-154500000,0.1354,23305.023,69248.0,4.38,4.33,322.561,2.94952520485207,613336.0,330778.0,4.1,160293,6.2240,6.2733,6.2771,6.3202,6.3532,6.2340,6.2426,6.5740,6.2297,-0.0564,-0.1142,0.0578,64.3027,72.5634,34.7826,64.3027,50.4847,0.0000,43.2486,-42.2535,16.1734,20.2242,0.0030,0.0482,0.0500,-0.8056,67.2102,7.8062,0.8026,1.0080,100.0000,30.0000,70.0000,59.5456,0.0498,55.7700,17.6934,17.0542,24.3864,0.4507,0.6445,6.5536,6.2240,5.8944,6.1750,6.2250,5.8700,0.3600,0.2643,4.2085,6825007.4901,1123771.0000,6.1490,-0.7550,-0.9975,1,23.5425,229.0219,0.1105,0.7972,66.3,68.15,3.26,9835.0680952381,2525.95904761905,173.194763481667,195.719077321429,16.2261904761905,363.162380952381,165.786567246984
2025-07-01,6.2400,6.4300,6.0900,6.3400,8708943,COMP,6.0600,6.4700,5.9800,6.4100,46284837,5.8500,6.5800,5.6950,6.2800,150486084,994500000,5629100000,-154400000,1178000000,765600000,409400000,223800000,None,None,-2672200000,121500000,15700000,-36600000,-28000000,None,-154500000,0.1354,23305.023,69248.0,4.39,4.33,323.048,2.94952520485207,613336.0,330778.0,4.2,159227,6.2310,6.2854,6.2982,6.3337,6.3619,6.2707,6.2435,6.5623,6.2496,-0.0462,-0.1006,0.0544,57.8527,65.8806,51.0204,57.8527,52.8367,43.2495,39.6118,-33.8028,14.9541,19.4793,-0.0150,-0.2402,0.0700,0.2941,31.7945,-4.5490,1.1164,1.0112,90.0000,20.0000,70.0000,52.0597,0.0722,56.8564,3.9804,19.7031,21.3366,0.5357,0.5801,6.5671,6.2310,5.8949,6.1750,6.2250,5.8842,0.3400,0.2719,4.2881,7663040.2185,9832714.0000,6.1719,-0.8819,-0.9569,1,22.7284,241.8735,0.3420,0.4043,66.64,67.63,3.14,9835.0680952381,2525.95904761905,173.194763481667,195.719077321429,16.2261904761905,363.162380952381,165.786567246984
2025-07-02,6.2800,6.3650,6.2200,6.3300,8783318,COMP,6.0600,6.4700,5.9800,6.4100,46284837,5.8500,6.5800,5.6950,6.2800,150486084,994500000,5629100000,-154400000,1178000000,765600000,409400000,223800000,None,None,-2672200000,121500000,15700000,-36600000,-28000000,None,-154500000,0.1354,23305.023,69248.0,4.39,4.33,323.048,2.94952520485207,613336.0,330778.0,4.2,159227,6.2670,6.2935,6.3162,6.3397,6.3609,6.3033,6.2496,6.5507,6.2684,-0.0385,-0.0881,0.0497,44.9275,55.6943,48.9796,44.9275,52.3759,34.7776,26.0090,-35.2113,13.8567,18.9147,0.0075,0.1198,0.3600,0.3448,33.1811,7.2604,6.0302,1.0603,80.0000,10.0000,70.0000,60.6770,0.0890,54.8673,3.9804,18.6008,20.1429,0.4821,0.5221,6.5577,6.2670,5.9763,6.1750,6.2250,5.8981,0.1450,0.2592,4.0945,8754762.1612,1049396.0000,6.2000,-0.9349,-0.9120,1,22.0260,249.2099,0.3324,-0.2126,68.66,70.8,3.1,9835.0680952381,2525.95904761905,173.194763481667,195.719077321429,16.2261904761905,363.162380952381,165.786567246984
2025-07-03,6.3600,6.4750,6.3600,6.4200,2134378,COMP,6.5700,6.5800,6.0900,6.4200,26581632,5.8500,6.5800,5.6950,6.2800,150486084,994500000,5629100000,-154400000,1178000000,765600000,409400000,223800000,None,None,-2672200000,121500000,15700000,-36600000,-28000000,None,-154500000,0.1354,23305.023,69248.0,4.39,4.33,323.048,2.94952520485207,613336.0,330778.0,4.2,159227,6.3180,6.3165,6.3440,6.3731,6.3990,6.3293,6.2694,6.5441,6.2876,-0.0248,-0.0755,0.0507,55.7823,52.8542,67.3469,55.7823,56.1955,100.0000,59.3423,-24.6154,13.9110,18.1220,0.0465,0.7414,0.5100,0.5217,106.6990,18.3027,8.6294,1.0863,70.0000,0.0000,70.0000,66.9874,0.1095,52.3440,14.3993,17.5122,23.4038,0.4339,0.5799,6.4982,6.3180,6.1378,6.2800,6.2550,5.9118,0.1450,0.2478,3.8592,8435015.1824,3183774.0000,6.2322,0.9221,0.3785,1,21.3857,112.7615,0.1363,-0.2913,68.13,70.42,3.24,9835.0680952381,2525.95904761905,173.194763481667,195.719077321429,16.2261904761905,363.162380952381,165.786567246984
2025-07-07,6.3100,6.3200,6.1200,6.1500,6956158,COMP,6.5700,6.5800,6.0900,6.4200,26581632,5.8500,6.5800,5.6950,6.2800,150486084,994500000,5629100000,-154400000,1178000000,765600000,409400000,223800000,None,None,-2672200000,121500000,15700000,-36600000,-28000000,None,-154500000,0.1354,23305.023,69248.0,4.39,4.33,323.048,2.94952520485207,613336.0,330778.0,4.2,159227,6.3210,6.2863,6.3135,6.3078,6.3003,6.3333,6.2687,6.5362,6.3012,-0.0354,-0.0675,0.0321,42.8571,47.8557,12.2449,42.8571,44.3412,0.0000,44.9259,-71.6667,13.4625,16.8657,0.0500,0.7973,0.0300,-0.8000,-117.9130,-3.5677,0.4902,1.0049,60.0000,0.0000,60.0000,55.1032,0.1034,50.4370,9.4262,24.9222,20.6285,0.6305,0.5219,6.4884,6.3210,6.1536,6.2950,6.2800,5.9251,0.3000,0.2530,4.1136,5988063.9381,-3772384.0000,6.2524,0.8551,0.2381,0,20.5980,121.2241,0.1116,-0.2067,69.16,71.95,3.24,9835.0680952381,2525.95904761905,173.194763481667,195.719077321429,16.2261904761905,363.162380952381,165.786567246984
2025-07-08,6.1900,6.3100,6.1500,6.2900,7697974,COMP,6.5700,6.5800,6.0900,6.4200,26581632,5.8500,6.5800,5.6950,6.2800,150486084,994500000,5629100000,-154400000,1178000000,765600000,409400000,223800000,None,None,-2672200000,121500000,15700000,-36600000,-28000000,None,-154500000,0.1354,23305.023,69248.0,4.39,4.33,323.048,2.94952520485207,613336.0,330778.0,4.2,159227,6.3250,6.2869,6.3078,6.3051,6.2962,6.3280,6.2688,6.5239,6.3103,-0.0321,-0.0604,0.0283,43.8466,47.4954,51.9481,43.8466,50.3726,50.8793,50.2931,-59.1837,13.0589,16.3867,0.0540,0.8611,0.0400,0.6250,-80.2560,-0.9751,0.6400,1.0064,50.0000,0.0000,50.0000,55.9007,0.0963,51.4576,9.4262,23.2859,19.2741,0.5674,0.4697,6.4873,6.3250,6.1627,6.2950,6.3350,5.9382,0.1600,0.2437,3.8742,6279685.5029,3925590.0000,6.2647,0.6930,-0.0197,0,19.6945,136.1316,0.0182,-0.2055,69.55,72.5,3.2,9835.0680952381,2525.95904761905,173.194763481667,195.719077321429,16.2261904761905,363.162380952381,165.786567246984
2025-07-09,6.3300,6.6400,6.2200,6.6000,8873437,COMP,6.5700,6.5800,6.0900,6.4200,26581632,5.8500,6.5800,5.6950,6.2800,150486084,994500000,5629100000,-154400000,1178000000,765600000,409400000,223800000,None,None,-2672200000,121500000,15700000,-36600000,-28000000,None,-154500000,0.1354,23305.023,69248.0,4.39,4.33,323.048,2.94952520485207,613336.0,330778.0,4.2,159227,6.3410,6.3439,6.3578,6.4053,6.4334,6.3303,6.2752,6.5254,6.3231,-0.0044,-0.0492,0.0448,52.1669,46.2902,92.3077,52.1669,60.8187,100.0000,50.2931,-7.2727,13.6685,16.4421,0.0480,0.7628,0.1600,0.6429,159.1758,5.1789,2.4845,1.0248,100.0000,50.0000,50.0000,57.7383,0.1185,57.3712,19.1554,19.5433,28.8046,0.5107,0.7527,6.5652,6.3410,6.1168,6.3750,6.3650,5.9511,0.4200,0.2613,3.9594,8113686.9913,12799027.0000,6.2774,0.4273,-0.3372,1,18.8345,154.7062,-0.0174,-0.0505,69.61,71.98,3.08,9835.0680952381,2525.95904761905,173.194763481667,195.719077321429,16.2261904761905,363.162380952381,165.786567246984
2025-07-10,6.5300,6.7700,6.5200,6.7600,7504886,COMP,6.5700,6.5800,6.0900,6.4200,26581632,5.8500,6.5800,5.6950,6.2800,150486084,994500000,5629100000,-154400000,1178000000,765600000,409400000,223800000,None,None,-2672200000,121500000,15700000,-36600000,-28000000,None,-154500000,0.1354,23305.023,69248.0,4.39,4.33,323.048,2.94952520485207,613336.0,330778.0,4.2,159227,6.3890,6.4195,6.4340,6.5317,6.5962,6.3503,6.3151,6.5301,6.3463,0.0301,-0.0333,0.0634,80.9058,58.9731,98.4615,80.9058,65.0389,100.0000,83.6264,-1.4706,15.0467,16.2140,0.0750,1.1878,0.4800,0.9200,211.3925,26.5077,7.6433,1.0764,100.0000,40.0000,60.0000,66.6152,0.1693,66.9644,27.4500,17.6655,31.0333,0.4596,0.8074,6.7204,6.3890,6.0576,6.4550,6.4300,5.9786,0.2500,0.2602,3.8489,10323237.2300,20303913.0000,6.2870,-0.0297,-0.7278,1,18.1087,181.7014,0.0002,0.0100,67.78,70.38,3.11,9835.0680952381,2525.95904761905,173.194763481667,195.719077321429,16.2261904761905,363.162380952381,165.786567246984
2025-07-11,6.6900,6.7100,6.4700,6.5300,6626073,COMP,6.3100,6.7700,6.1200,6.5300,37658528,5.8500,6.5800,5.6950,6.2800,150486084,994500000,5629100000,-154400000,1178000000,765600000,409400000,223800000,None,None,-2672200000,121500000,15700000,-36600000,-28000000,None,-154500000,0.1354,23305.023,69248.0,4.39,4.33,323.048,2.94952520485207,613336.0,330778.0,4.2,159227,6.4110,6.4396,6.4596,6.5478,6.5974,6.3723,6.3201,6.5301,6.3749,0.0385,-0.0190,0.0574,84.6154,72.5627,63.0769,84.6154,55.4922,53.8756,84.6252,-35.2941,15.7516,15.8781,0.0960,1.5202,0.2200,-0.6667,100.5471,21.4488,3.4865,1.0349,90.0000,30.0000,60.0000,65.9304,0.2082,60.4603,22.0966,17.6188,27.6136,0.4637,0.7267,6.7476,6.4110,6.0744,6.4550,6.4300,6.0261,0.2900,0.2632,4.0301,9234520.0568,13677840.0000,6.3003,-0.1577,-0.8098,1,17.5146,189.0745,0.0191,-0.0122,69.63,72.06,3.22,9835.0680952381,2525.95904761905,173.194763481667,195.719077321429,16.2261904761905,363.162380952381,165.786567246984
2025-07-14,6.4900,6.7000,6.4900,6.6700,6064277,COMP,6.3100,6.7700,6.1200,6.5300,37658528,5.8500,6.5800,5.6950,6.2800,150486084,994500000,5629100000,-154400000,1178000000,765600000,409400000,223800000,None,None,-2672200000,121500000,15700000,-36600000,-28000000,None,-154500000,0.1354,23305.023,69248.0,4.39,4.33,323.048,2.94952520485207,613336.0,330778.0,4.2,159227,6.4370,6.4815,6.5067,6.6043,6.6568,6.4080,6.3298,6.5329,6.4089,0.0557,-0.0040,0.0597,81.8031,82.4414,83.8710,81.8031,59.5117,62.3134,72.0630,-14.7059,16.3861,16.2798,0.1090,1.7225,0.2600,0.8571,97.7456,22.8205,4.0562,1.0406,80.0000,20.0000,60.0000,58.8124,0.2491,61.3219,22.0966,16.1838,25.3646,0.4173,0.6540,6.8077,6.4370,6.0663,6.4550,6.4300,6.0707,0.2100,0.2579,3.8658,9327878.7080,19742117.0000,6.3262,-0.2049,-0.8370,1,17.0201,191.8249,-0.0354,-0.0113,68.19,70.96,3.21,9835.0680952381,2525.95904761905,173.194763481667,195.719077321429,16.2261904761905,363.162380952381,165.786567246984
2025-07-15,6.6400,6.7061,6.4600,6.4800,4851548,COMP,6.3100,6.7700,6.1200,6.5300,37658528,5.8500,6.5800,5.6950,6.2800,150486084,994500000,5629100000,-154400000,1178000000,765600000,409400000,223800000,None,None,-2672200000,121500000,15700000,-36600000,-28000000,None,-154500000,0.1354,23305.023,69248.0,4.39,4.33,323.048,2.94952520485207,613336.0,330778.0,4.2,159227,6.4570,6.4812,6.5145,6.5815,6.6060,6.4587,6.3327,6.5303,6.4420,0.0535,0.0075,0.0460,64.7402,77.0529,47.2727,64.7402,52.3787,0.0000,38.7297,-42.6471,16.5888,15.7714,0.1165,1.8374,0.2000,-0.6501,51.4971,19.3470,3.1847,1.0318,70.0000,10.0000,60.0000,60.4849,0.2677,55.0385,18.4123,15.8009,22.9327,0.4056,0.5886,6.8130,6.4570,6.1010,6.4550,6.4300,6.1127,0.2461,0.2567,3.9611,7225309.5153,14890569.0000,6.3568,0.0535,-0.6683,1,16.6087,176.9356,-0.0501,0.2372,67.76,70.27,3.31,9835.0680952381,2525.95904761905,173.194763481667,195.719077321429,16.2261904761905,363.162380952381,165.786567246984
2025-07-16,6.5600,6.6200,6.4850,6.5800,4678586,COMP,6.3100,6.7700,6.1200,6.5300,37658528,5.8500,6.5800,5.6950,6.2800,150486084,994500000,5629100000,-154400000,1178000000,765600000,409400000,223800000,None,None,-2672200000,121500000,15700000,-36600000,-28000000,None,-154500000,0.1354,23305.023,69248.0,4.39,4.33,323.048,2.94952520485207,613336.0,330778.0,4.2,159227,6.4810,6.4992,6.5369,6.5959,6.6131,6.5083,6.3385,6.5313,6.4735,0.0590,0.0178,0.0413,56.6178,67.7204,38.7097,56.6178,55.4980,24.6383,28.9839,-29.2308,16.7711,15.3139,0.1250,1.9666,0.2400,0.1481,47.4291,21.4051,3.7855,1.0379,60.0000,0.0000,60.0000,71.4098,0.2804,61.3820,18.4123,14.8981,21.6223,0.3650,0.5298,6.8345,6.4810,6.1275,6.4550,6.4450,6.1521,0.1400,0.2450,3.7235,6314804.6237,19569155.0000,6.3924,0.3280,-0.4360,1,16.2646,160.8513,0.1609,0.3966,67.13,69.67,3.42,9835.0680952381,2525.95904761905,173.194763481667,195.719077321429,16.2261904761905,363.162380952381,165.786567246984
2025-07-17,6.5800,6.7500,6.5100,6.5700,5103692,COMP,6.3100,6.7700,6.1200,6.5300,37658528,5.8500,6.5800,5.6950,6.2800,150486084,994500000,5629100000,-154400000,1178000000,765600000,409400000,223800000,None,None,-2672200000,121500000,15700000,-36600000,-28000000,None,-154500000,0.1354,23305.023,69248.0,4.39,4.33,323.048,2.94952520485207,613336.0,330778.0,4.2,159227,6.5050,6.5121,6.5531,6.6017,6.6100,6.5430,6.3439,6.5332,6.5022,0.0620,0.0266,0.0353,41.3045,54.2208,37.9310,41.3045,55.0970,38.1085,20.9156,-30.7692,18.0692,15.9901,0.1190,1.8635,0.2400,-0.0417,61.4350,23.5721,3.7915,1.0379,50.0000,20.0000,30.0000,69.8333,0.2861,56.2789,29.7524,13.4357,24.8167,0.3285,0.6068,6.8467,6.5050,6.1633,6.4550,6.4450,6.1892,0.2400,0.2445,3.7216,4556301.2022,14465463.0000,6.4180,0.1700,-0.5766,1,16.0021,170.2124,0.3306,0.0852,68.76,71.32,3.52,9835.0680952381,2525.95904761905,173.194763481667,195.719077321429,16.2261904761905,363.162380952381,165.786567246984
2025-07-18,6.6300,6.7750,6.5800,6.6800,5351938,COMP,6.4900,6.7750,6.4600,6.6800,26050041,5.8500,6.5800,5.6950,6.2800,150486084,994500000,5629100000,-154400000,1178000000,765600000,409400000,223800000,None,None,-2672200000,121500000,15700000,-36600000,-28000000,None,-154500000,0.1354,23305.023,69248.0,4.39,4.33,323.048,2.94952520485207,613336.0,330778.0,4.2,159227,6.5310,6.5426,6.5849,6.6409,6.6548,6.5683,6.3523,6.5406,6.5302,0.0723,0.0358,0.0366,48.8273,48.9165,69.8413,48.8273,58.7406,89.1898,50.6455,-14.5038,19.4402,16.4513,0.1065,1.6577,0.2600,0.2564,83.7193,29.6101,4.0498,1.0405,100.0000,10.0000,90.0000,71.4373,0.2961,50.3610,31.7785,12.2907,23.7411,0.2957,0.5711,6.8823,6.5310,6.1797,6.4550,6.4475,6.2240,0.2050,0.2406,3.6012,3466368.0685,19817401.0000,6.4413,0.0053,-0.7033,1,15.8650,179.6961,0.2393,-0.2006,68.53,71.06,3.5,9835.0680952381,2525.95904761905,173.194763481667,195.719077321429,16.2261904761905,363.162380952381,165.786567246984
2025-07-21,6.7800,7.0200,6.7800,6.9500,8194935,COMP,6.4900,6.7750,6.4600,6.6800,26050041,5.8500,6.5800,5.6950,6.2800,150486084,994500000,5629100000,-154400000,1178000000,765600000,409400000,223800000,None,None,-2672200000,121500000,15700000,-36600000,-28000000,None,-154500000,0.1354,23305.023,69248.0,4.39,4.33,323.048,2.94952520485207,613336.0,330778.0,4.2,159227,6.6110,6.6167,6.6611,6.7577,6.8040,6.5993,6.4275,6.5610,6.5640,0.1011,0.0488,0.0523,65.0908,51.7409,87.5000,65.0908,66.2168,100.0000,75.7661,-8.0460,22.3045,17.6817,0.1450,2.2425,0.8000,0.7083,198.0085,43.7241,13.0081,1.1301,100.0000,0.0000,100.0000,82.4111,0.3311,52.0903,48.0836,10.6225,30.2992,0.2661,0.7590,6.9426,6.6110,6.2794,6.6200,6.5850,6.2681,0.3400,0.2505,3.6043,3791811.6780,28012336.0000,6.4702,-0.0675,-0.7532,1,15.7605,183.8685,0.1287,-0.2462,68.39,71.92,3.5,9835.0680952381,2525.95904761905,173.194763481667,195.719077321429,16.2261904761905,363.162380952381,165.786567246984
2025-07-22,7.0200,7.3900,6.9700,7.3000,9148853,COMP,6.4900,6.7750,6.4600,6.6800,26050041,5.8500,6.5800,5.6950,6.2800,150486084,994500000,5629100000,-154400000,1178000000,765600000,409400000,223800000,None,None,-2672200000,121500000,15700000,-36600000,-28000000,None,-154500000,0.1354,23305.023,69248.0,4.39,4.33,323.048,2.94952520485207,613336.0,330778.0,4.2,159227,6.7120,6.7409,6.7864,6.9580,7.0581,6.6403,6.5601,6.5980,6.6131,0.1505,0.0692,0.0813,82.4655,65.4612,90.0552,82.4655,73.2090,100.0000,96.3966,-7.6923,26.3685,20.0185,0.1935,2.9685,1.0100,0.6667,233.3985,53.5544,16.0572,1.1606,100.0000,0.0000,100.0000,83.1186,0.4075,59.3816,62.9446,8.8879,39.0831,0.2395,1.0531,7.1787,6.7120,6.2453,6.8900,6.8050,6.3433,0.4400,0.2695,3.6911,5243665.3658,37161189.0000,6.5103,-0.0176,-0.7195,1,15.5691,181.0106,0.0135,-0.2295,67.56,69.69,3.16,9835.0680952381,2525.95904761905,173.194763481667,195.719077321429,16.2261904761905,363.162380952381,165.786567246984
2025-07-23,7.3000,7.3365,7.2050,7.2500,5377415,COMP,6.4900,6.7750,6.4600,6.6800,26050041,5.8500,6.5800,5.6950,6.2800,150486084,994500000,5629100000,-154400000,1178000000,765600000,409400000,223800000,None,None,-2672200000,121500000,15700000,-36600000,-28000000,None,-154500000,0.1354,23305.023,69248.0,4.39,4.33,323.048,2.94952520485207,613336.0,330778.0,4.2,159227,6.7770,6.8335,6.8842,7.0868,7.1984,6.6973,6.6254,6.6110,6.6768,0.1834,0.0920,0.0914,87.2154,78.2572,84.0909,87.2154,70.8804,87.1433,95.7144,-15.0538,30.0261,22.5364,0.2180,3.3237,0.6500,-0.3802,150.6514,62.5456,9.8485,1.0985,90.0000,0.0000,90.0000,82.3882,0.4918,55.9023,62.9446,8.4308,37.0728,0.2155,0.9478,7.3353,6.7770,6.2187,6.8900,6.9250,6.4689,0.1315,0.2557,3.5263,4820936.6380,31783774.0000,6.5691,0.0826,-0.6463,1,15.4666,175.2616,-0.0664,0.0102,66.05,69.17,3.08,9835.0680952381,2525.95904761905,173.194763481667,195.719077321429,16.2261904761905,363.162380952381,165.786567246984
2025-07-24,7.1750,7.3050,7.1300,7.1300,7116124,COMP,6.4900,6.7750,6.4600,6.6800,26050041,5.8500,6.5800,5.6950,6.2800,150486084,994500000,5629100000,-154400000,1178000000,765600000,409400000,223800000,None,None,-2672200000,121500000,15700000,-36600000,-28000000,None,-154500000,0.1354,23305.023,69248.0,4.39,4.33,323.048,2.94952520485207,613336.0,330778.0,4.2,159227,6.8140,6.8874,6.9484,7.1388,7.2284,6.7737,6.6469,6.6214,6.7486,0.1976,0.1131,0.0845,80.6825,83.4545,67.9012,80.6825,65.3384,45.6012,77.5815,-27.9570,32.2288,23.9902,0.2125,3.2190,0.3700,-0.2571,93.7356,52.1040,5.4734,1.0547,80.0000,30.0000,50.0000,70.4936,0.5582,55.5238,52.0525,10.8641,34.4525,0.2690,0.8530,7.4106,6.8140,6.2174,6.8900,6.9250,6.5794,0.1750,0.2476,3.4725,1945513.9187,24667650.0000,6.6203,0.1524,-0.5910,1,15.7252,171.2313,0.0176,0.2208,67.16,70.42,3.13,9835.0680952381,2525.95904761905,173.194763481667,195.719077321429,16.2261904761905,363.162380952381,165.786567246984
2025-07-25,7.1400,7.2300,7.0100,7.2200,5138518,COMP,6.7800,7.3900,6.7800,7.2200,34975845,5.8500,6.5800,5.6950,6.2800,150486084,994500000,5629100000,-154400000,1178000000,765600000,409400000,223800000,None,None,-2672200000,121500000,15700000,-36600000,-28000000,None,-154500000,0.1354,23305.023,69248.0,4.39,4.33,323.048,2.94952520485207,613336.0,330778.0,4.2,159227,6.8830,6.9479,7.0222,7.2030,7.2795,6.8743,6.7191,6.6513,6.8249,0.2136,0.1332,0.0804,74.7078,80.8685,72.1311,74.7078,67.4587,26.9393,53.2279,-18.2796,32.5961,24.4911,0.2360,3.5505,0.6900,0.3636,67.8661,36.5141,10.5666,1.1057,70.0000,20.0000,50.0000,71.6260,0.6134,59.8713,35.9024,14.7892,31.3566,0.3621,0.7677,7.4917,6.8830,6.2743,6.8900,6.9250,6.6767,0.2200,0.2448,3.3910,2078687.9045,29806168.0000,6.6732,0.1658,-0.5801,1,16.4346,170.4548,0.1022,0.3471,66.38,69.23,3.1,9835.0680952381,2525.95904761905,173.194763481667,195.719077321429,16.2261904761905,363.162380952381,165.786567246984
2025-07-28,7.2400,7.3600,7.1750,7.3500,4632914,COMP,6.7800,7.3900,6.7800,7.2200,34975845,5.8500,6.5800,5.6950,6.2800,150486084,994500000,5629100000,-154400000,1178000000,765600000,409400000,223800000,None,None,-2672200000,121500000,15700000,-36600000,-28000000,None,-154500000,0.1354,23305.023,69248.0,4.39,4.33,323.048,2.94952520485207,613336.0,330778.0,4.2,159227,6.9510,7.0210,7.1071,7.2896,7.3631,6.9833,6.7977,6.6863,6.9047,0.2341,0.1534,0.0807,76.8362,77.4088,90.4762,76.8362,70.3678,63.9017,45.4807,-4.3011,33.6533,25.1211,0.2570,3.8393,0.6800,0.5946,83.5167,45.1094,10.1949,1.1019,60.0000,10.0000,50.0000,71.1924,0.6654,65.3196,43.1683,13.6437,34.3707,0.3259,0.8209,7.6000,6.9510,6.3020,6.9150,6.9250,6.7623,0.1850,0.2388,3.2496,3258942.4087,34439082.0000,6.7187,0.1437,-0.5981,1,17.4999,171.7354,0.2775,0.4795,67.81,70.87,3.12,9835.0680952381,2525.95904761905,173.194763481667,195.719077321429,16.2261904761905,363.162380952381,165.786567246984
2025-07-29,7.3700,7.5100,7.2700,7.3700,8237672,COMP,6.7800,7.3900,6.7800,7.2200,34975845,5.8500,6.5800,5.6950,6.2800,150486084,994500000,5629100000,-154400000,1178000000,765600000,409400000,223800000,None,None,-2672200000,121500000,15700000,-36600000,-28000000,None,-154500000,0.1354,23305.023,69248.0,4.39,4.33,323.048,2.94952520485207,613336.0,330778.0,4.2,159227,7.0400,7.0844,7.1833,7.3561,7.4188,7.0853,6.9369,6.7204,6.9859,0.2491,0.1725,0.0765,78.2024,76.5821,72.0000,78.2024,70.8139,98.7994,63.2135,-13.6585,35.3260,26.0485,0.2915,4.3195,0.8900,0.0000,88.5264,49.4847,13.7346,1.1373,100.0000,0.0000,100.0000,80.2227,0.7082,62.9925,50.3797,12.2734,37.1958,0.2933,0.8888,7.6491,7.0400,6.4309,6.9700,6.9975,6.8376,0.2400,0.2390,3.2424,3008660.0626,42676754.0000,6.7477,0.1266,-0.6119,1,18.8624,172.7261,0.4802,0.2967,70.27,73.21,3.08,9835.0680952381,2525.95904761905,173.194763481667,195.719077321429,16.2261904761905,363.162380952381,165.786567246984
2025-07-30,7.4000,7.4850,7.2300,7.2300,9419311,COMP,6.7800,7.3900,6.7800,7.2200,34975845,5.8500,6.5800,5.6950,6.2800,150486084,994500000,5629100000,-154400000,1178000000,765600000,409400000,223800000,None,None,-2672200000,121500000,15700000,-36600000,-28000000,None,-154500000,0.1354,23305.023,69248.0,4.39,4.33,323.048,2.94952520485207,613336.0,330778.0,4.2,159227,7.1050,7.1109,7.2178,7.3548,7.3834,7.1593,6.9766,6.7459,7.0625,0.2468,0.1874,0.0594,68.8254,74.6213,44.0000,68.8254,63.3925,0.0000,54.2337,-28.0000,36.2865,27.1778,0.3120,4.5930,0.6500,-0.6667,64.3036,44.1107,9.8784,1.0988,90.0000,0.0000,90.0000,67.5138,0.7246,53.3392,44.9307,12.6352,33.2531,0.3040,0.8000,7.6378,7.1050,6.5722,6.9700,7.0100,6.9318,0.2550,0.2406,3.3273,-364296.2210,33257443.0000,6.7727,0.0928,-0.6384,1,20.4891,174.6752,0.5064,-0.1923,71.09,73.98,2.98,9835.0680952381,2525.95904761905,173.194763481667,195.719077321429,16.2261904761905,363.162380952381,165.786567246984
2025-07-31,7.1600,7.9800,6.9300,7.9400,18973499,COMP,6.7800,7.3900,6.7800,7.2200,34975845,6.2400,7.9800,6.0900,7.9400,159574449,994500000,5629100000,-154400000,1178000000,765600000,409400000,223800000,None,None,-2672200000,121500000,15700000,-36600000,-28000000,None,-154500000,0.1354,23305.023,69248.0,4.39,4.33,323.048,2.94952520485207,613336.0,330778.0,4.2,159227,7.2420,7.2616,7.3696,7.5846,7.6726,7.2380,7.1977,6.8056,7.1472,0.2989,0.2097,0.0892,70.7302,72.5860,96.1905,70.7302,76.9843,100.0000,66.2665,-2.8571,38.9822,29.2112,0.3685,5.3612,1.3700,0.7429,157.4723,10.8898,20.8524,1.2085,100.0000,0.0000,100.0000,73.5776,0.7848,66.4446,63.2436,8.5087,37.7893,0.2736,1.2150,7.8529,7.2420,6.6311,7.3100,7.2800,7.9800,1.0500,0.3215,4.0492,3866034.6618,52230942.0000,6.7978,0.1232,-0.6146,1,21.9878,172.9218,0.3172,-0.4539,70.36,73.43,2.99,9835.0680952381,2525.95904761905,173.194763481667,195.719077321429,16.2261904761905,363.162380952381,165.786567246984
2025-08-01,7.6700,8.0500,7.5850,7.8200,14819558,COMP,7.2400,8.0500,6.9300,7.8200,56082954,6.2400,7.9800,6.0900,7.9400,159574449,994500000,5629100000,-154400000,1178000000,765600000,409400000,223800000,None,None,-2672200000,121500000,15700000,-36600000,-28000000,None,-154500000,0.1354,23305.023,69248.0,4.39,4.33,323.048,2.94952520485207,613336.0,330778.0,4.2,159227,7.3560,7.3632,7.4747,7.7104,7.8024,7.3180,7.3012,6.8563,7.2400,0.3267,0.2331,0.0936,73.2183,70.9246,79.4643,73.2183,71.9665,63.0818,54.3606,-18.1102,41.5908,31.9477,0.4125,5.9408,1.1400,0.3226,192.6864,42.8500,17.0659,1.1707,100.0000,0.0000,100.0000,76.7204,0.8464,64.6387,65.0688,7.3307,34.6415,0.2462,1.1635,7.9291,7.3560,6.7829,7.4450,7.4150,6.9300,0.4650,0.3359,4.2949,5295869.1720,37411384.0000,6.8301,0.1272,-0.6115,1,22.5184,172.6947,0.1759,-0.2975,68.39,70.55,3.0,9835.0680952381,2525.95904761905,173.194763481667,195.719077321429,16.2261904761905,363.162380952381,165.786567246984
2025-08-04,7.8200,8.3300,7.7848,8.2400,9458970,COMP,7.2400,8.0500,6.9300,7.8200,56082954,6.2400,7.9800,6.0900,7.9400,159574449,994500000,5629100000,-154400000,1178000000,765600000,409400000,223800000,None,None,-2672200000,121500000,15700000,-36600000,-28000000,None,-154500000,0.1354,23305.023,69248.0,4.39,4.33,323.048,2.94952520485207,613336.0,330778.0,4.2,159227,7.4850,7.5226,7.6355,7.9372,8.0674,7.4097,7.4714,6.8840,7.3470,0.3782,0.2621,0.1161,89.7421,77.8968,93.5714,89.7421,77.6354,100.0000,87.6939,-6.4286,44.5702,35.4694,0.4370,6.2003,1.2900,0.7704,182.8384,49.0442,18.5612,1.1856,100.0000,0.0000,100.0000,77.3952,0.9344,70.2822,71.3843,6.2105,37.1958,0.2216,1.3271,8.1981,7.4850,6.7719,7.6850,7.6300,6.9300,0.5452,0.3568,4.3300,7415375.5364,46870354.0000,6.8847,0.1304,-0.6088,1,22.7372,172.5053,0.1553,0.0671,67.33,69.56,2.89,9835.0680952381,2525.95904761905,173.194763481667,195.719077321429,16.2261904761905,363.162380952381,165.786567246984
2025-08-05,8.2300,8.3200,8.0800,8.2500,10101972,COMP,7.2400,8.0500,6.9300,7.8200,56082954,6.2400,7.9800,6.0900,7.9400,159574449,994500000,5629100000,-154400000,1178000000,765600000,409400000,223800000,None,None,-2672200000,121500000,15700000,-36600000,-28000000,None,-154500000,0.1354,23305.023,69248.0,4.39,4.33,323.048,2.94952520485207,613336.0,330778.0,4.2,159227,7.5800,7.6548,7.7745,8.1022,8.2357,7.5173,7.5841,6.9113,7.4670,0.4151,0.2927,0.1224,89.1071,84.0225,94.2857,89.1071,77.7544,100.0000,87.6939,-5.7143,47.2516,38.6389,0.4340,6.0733,0.9500,0.0833,139.6653,56.7412,13.0137,1.1301,90.0000,70.0000,20.0000,77.9344,1.0224,69.4853,71.3843,5.7786,34.6091,0.1994,1.1944,8.4124,7.5800,6.7476,7.6900,7.6300,6.9860,0.2400,0.3451,4.1832,8947597.8640,56972326.0000,6.9547,0.1430,-0.5987,1,23.1480,171.7801,0.2289,0.1088,66.2,69.14,2.98,9835.0680952381,2525.95904761905,173.194763481667,195.719077321429,16.2261904761905,363.162380952381,165.786567246984
2025-08-06,8.2100,8.3600,8.1801,8.2400,6662533,COMP,7.2400,8.0500,6.9300,7.8200,56082954,6.2400,7.9800,6.0900,7.9400,159574449,994500000,5629100000,-154400000,1178000000,765600000,409400000,223800000,None,None,-2672200000,121500000,15700000,-36600000,-28000000,None,-154500000,0.1354,23305.023,69248.0,4.39,4.33,323.048,2.94952520485207,613336.0,330778.0,4.2,159227,7.6790,7.7612,7.8945,8.2143,8.3282,7.6563,7.6898,6.9379,7.5942,0.4385,0.3219,0.1166,93.1552,90.6681,91.6084,93.1552,77.2974,92.1039,97.3680,-8.3916,49.7533,40.9910,0.4510,6.2396,0.9900,0.1668,111.3073,59.0706,13.6552,1.1366,100.0000,60.0000,40.0000,78.4194,1.0936,67.4452,72.2685,5.4623,33.9316,0.1795,1.1150,8.5646,7.6790,6.7934,7.6900,7.6450,7.0398,0.1799,0.3286,3.9878,8052794.6466,50309793.0000,7.0207,0.1598,-0.5850,1,24.2146,170.8023,0.1718,0.4801,65.38,67.97,3.02,9835.0680952381,2525.95904761905,173.194763481667,195.719077321429,16.2261904761905,363.162380952381,165.786567246984
2025-08-07,8.2800,8.3200,8.0700,8.2100,6191154,COMP,7.2400,8.0500,6.9300,7.8200,56082954,6.2400,7.9800,6.0900,7.9400,159574449,994500000,5629100000,-154400000,1178000000,765600000,409400000,223800000,None,None,-2672200000,121500000,15700000,-36600000,-28000000,None,-154500000,0.1354,23305.023,69248.0,4.39,4.33,323.048,2.94952520485207,613336.0,330778.0,4.2,159227,7.7870,7.8428,7.9911,8.2803,8.3607,7.8050,7.7959,7.0015,7.7217,0.4494,0.3474,0.1020,88.8464,90.3696,80.6452,88.8464,75.8120,66.4411,86.1817,-10.4895,50.5173,41.5567,0.4865,6.6639,1.0800,-0.2800,80.0590,49.2489,15.1473,1.1515,90.0000,50.0000,40.0000,78.4610,1.1387,67.9664,57.3939,8.4692,31.2868,0.2716,1.0035,8.6414,7.7870,6.9326,7.7350,7.6450,7.1190,0.2500,0.3207,3.9066,7191056.0607,44118639.0000,7.0665,0.1767,-0.5711,1,25.7998,169.8253,0.4909,0.9596,64.9,66.99,3.05,9835.0680952381,2525.95904761905,173.194763481667,195.719077321429,16.2261904761905,363.162380952381,165.786567246984
2025-08-08,8.2800,8.2800,8.0450,8.1500,5028745,COMP,7.8200,8.3600,7.7848,8.1500,37443374,6.2400,7.9800,6.0900,7.9400,159574449,994500000,5629100000,-154400000,1178000000,765600000,409400000,223800000,None,None,-2672200000,121500000,15700000,-36600000,-28000000,None,-154500000,0.1354,23305.023,69248.0,4.39,4.33,323.048,2.94952520485207,613336.0,330778.0,4.2,159227,7.8800,7.8987,8.0571,8.3023,8.3404,7.9377,7.8536,7.0589,7.8423,0.4481,0.3675,0.0805,78.5815,86.8610,63.4910,78.5815,72.7073,0.0000,52.8483,-14.6853,50.8694,42.2614,0.4985,6.7534,0.9300,-0.5532,60.5528,46.9596,12.8809,1.1288,80.0000,40.0000,40.0000,78.0026,1.1526,69.8963,54.0382,8.6325,28.9314,0.2695,0.9031,8.6670,7.8800,7.0930,7.7400,7.6450,7.1934,0.2350,0.3122,3.8302,6014575.6288,39089894.0000,7.1171,0.1399,-0.6012,1,26.2299,171.9592,0.7145,0.4741,64.94,67.17,3.03,9835.0680952381,2525.95904761905,173.194763481667,195.719077321429,16.2261904761905,363.162380952381,165.786567246984
2025-08-11,8.1900,8.4400,8.1800,8.2800,6702629,COMP,7.8200,8.3600,7.7848,8.1500,37443374,6.2400,7.9800,6.0900,7.9400,159574449,994500000,5629100000,-154400000,1178000000,765600000,409400000,223800000,None,None,-2672200000,121500000,15700000,-36600000,-28000000,None,-154500000,0.1354,23305.023,69248.0,4.39,4.33,323.048,2.94952520485207,613336.0,330778.0,4.2,159227,7.9730,7.9680,8.1298,8.3550,8.3725,8.0517,7.9232,7.1200,7.9543,0.4523,0.3845,0.0678,67.8766,78.4348,59.4937,67.8766,75.1566,48.5295,38.3235,-10.5960,51.7914,43.5587,0.5110,6.8480,0.9300,0.3462,74.2886,51.4297,12.6531,1.1265,100.0000,30.0000,70.0000,78.6410,1.1516,60.6089,60.0891,7.8248,31.3867,0.2425,0.9728,8.7055,7.9730,7.2405,7.7550,7.6850,7.2634,0.2900,0.3099,3.7433,4494357.4964,45792523.0000,7.1746,0.0878,-0.6423,1,25.9277,174.9608,0.7388,0.2447,65.03,67.36,3.05,9835.0680952381,2525.95904761905,173.194763481667,195.719077321429,16.2261904761905,363.162380952381,165.786567246984
2025-08-12,8.3200,8.4800,8.2550,8.4700,7114629,COMP,7.8200,8.3600,7.7848,8.1500,37443374,6.2400,7.9800,6.0900,7.9400,159574449,994500000,5629100000,-154400000,1178000000,765600000,409400000,223800000,None,None,-2672200000,121500000,15700000,-36600000,-28000000,None,-154500000,0.1354,23305.023,69248.0,4.39,4.33,323.048,2.94952520485207,613336.0,330778.0,4.2,159227,8.0830,8.0593,8.2202,8.4506,8.4684,8.1433,8.0236,7.1875,8.0603,0.4656,0.4007,0.0649,73.5619,73.3400,97.7011,73.5619,78.3167,100.0000,49.5098,-0.6452,52.7620,44.5242,0.5215,6.8968,1.1000,0.6667,87.7804,53.8315,14.9254,1.1493,100.0000,20.0000,80.0000,78.6112,1.1507,64.9176,61.4971,7.2408,30.3709,0.2183,0.9155,8.7474,8.0830,7.4186,7.8500,7.7050,7.3576,0.2250,0.3014,3.5590,5526395.8849,52907152.0000,7.2298,0.0629,-0.6612,1,26.5606,176.3918,0.8615,-0.3530,65.03,67.36,3.05,9835.0680952381,2525.95904761905,173.194763481667,195.719077321429,16.2261904761905,363.162380952381,165.786567246984
2025-08-13,8.5300,8.8750,8.5000,8.8400,10671478,COMP,7.8200,8.3600,7.7848,8.1500,37443374,6.2400,7.9800,6.0900,7.9400,159574449,994500000,5629100000,-154400000,1178000000,765600000,409400000,223800000,None,None,-2672200000,121500000,15700000,-36600000,-28000000,None,-154500000,0.1354,23305.023,69248.0,4.39,4.33,323.048,2.94952520485207,613336.0,330778.0,4.2,159227,8.2440,8.2012,8.3578,8.6375,8.6889,8.2257,8.2594,7.2701,8.1686,0.5002,0.4206,0.0796,84.3260,75.2548,95.7831,84.3260,82.9965,100.0000,82.8432,-1.7995,54.7100,46.8461,0.5695,7.4207,1.6100,0.8267,181.5869,60.8571,22.2683,1.2227,100.0000,10.0000,90.0000,88.1657,1.1724,66.6011,72.2421,6.3003,39.0943,0.1964,1.2190,8.7693,8.2440,7.7187,8.3300,7.9025,7.4698,0.4050,0.3118,3.5272,8207842.9368,63578630.0000,7.3046,0.0379,-0.6798,1,26.5166,177.8284,0.5564,-1.0389,65.03,67.36,3.05,9835.0680952381,2525.95904761905,173.194763481667,195.719077321429,16.2261904761905,363.162380952381,165.786567246984
2025-08-14,8.6100,8.8400,8.5700,8.7600,5095062,COMP,8.1900,8.8750,8.1800,8.7600,29583798,7.6700,8.8750,7.5850,8.7600,81846730,994500000,5629100000,-154400000,1178000000,765600000,409400000,223800000,None,None,-2672200000,121500000,15700000,-36600000,-28000000,None,-154500000,0.1354,23305.023,69248.0,4.39,4.33,323.048,2.94952520485207,613336.0,330778.0,4.2,159227,8.3260,8.3028,8.4516,8.7429,8.7881,8.2927,8.3445,7.3446,8.2782,0.5152,0.4395,0.0757,93.2096,83.6992,86.1446,93.2096,78.9053,60.2376,86.7459,-8.9147,56.4632,49.0270,0.5420,6.9630,0.8200,0.5556,144.8217,62.6609,10.3275,1.1033,90.0000,0.0000,90.0000,79.8340,1.1891,66.5965,72.2421,5.7473,35.6630,0.1768,1.0971,8.8904,8.3260,7.7616,8.3300,8.2300,7.6384,0.2700,0.3076,3.5117,9219102.0092,58483568.0000,7.4008,0.0015,-0.7060,1,26.0449,179.9114,0.2796,-0.7998,65.03,67.36,3.05,9835.0680952381,2525.95904761905,173.194763481667,195.719077321429,16.2261904761905,363.162380952381,165.786567246984
