Unnamed: 0,open,high,low,close,volume,ticker,weekly_prices_open,weekly_prices_high,weekly_prices_low,weekly_prices_close,weekly_prices_volume,monthly_prices_open,monthly_prices_high,monthly_prices_low,monthly_prices_close,monthly_prices_volume,gross_profit,total_revenue,net_income,total_assets,total_liabilities,total_shareholder_equity,cash_short_term_investments,long_term_debt,current_debt,retained_earnings,operating_cashflow,capital_expenditures,cashflow_from_investment,cashflow_from_financing,dividend_payout,net_income_cashflow,reported_eps,gdp,gdp_per_capita,treasury_yield,federal_funds_rate,cpi,inflation,retail_sales,durables,unemployment,nonfarm_payrolls,sma,ema,wma,dema,tema,trima,kama,mama,t3,macd,macd_signal,macd_hist,stoch_slowk,stoch_slowd,stochf_fastk,stochf_fastd,rsi,stochrsi_fastk,stochrsi_fastd,willr,adx,apo,ppo,mom,bop,cci,cmo,roc,rocr,aroon_up,aroon_down,aroon_oscillator,mfi,trix,ultosc,dx,minus_di,plus_di,minus_dm,plus_dm,bbands_upper,bbands_middle,bbands_lower,midpoint,midprice,sar,trange,atr,natr,adosc,obv,ht_trendline,ht_sine,ht_leadsine,ht_trendmode,ht_dcperiod,ht_dcphase,ht_inphase,ht_quadrature,crude_oil_price,brent_oil_price,natural_gas_price,copper_price,aluminum_price,wheat_price,corn_price,sugar_price,coffee_price,commodities_index
2025-12-24,292.93,294.97,292.62,293.64,213166,VMC,297.22,298.28,280.595,291.87,7251835,287.32,297.735,277.9401,297.24,23350880,1999600000,7417700000,911900000,17104800000,8962300000,8142500000,559700000,4906900000,0,5213800000,1409600000,603500000,-2814900000,1056900000,244400000,913100000,7.54,23852.994,70279.0,4.14,3.72,324.054,2.94952520485207,717004.0,330083.0,4.4,159358,292.2341,291.8361,291.3824,291.7545,291.4949,290.7961,291.7216,291.509,292.941,0.223,0.3634,-0.1404,79.9409,69.4891,85.1397,79.9409,52.9806,100.0,100.0,-43.6623,17.1196,-0.5405,-0.1846,-3.1241,0.3021,16.4127,10.2906,-1.0547,0.9895,10.0,50.0,-40.0,63.1691,0.0136,45.3728,11.5904,25.2664,20.0178,14.0438,11.1265,299.8176,292.2341,284.6505,291.7869,291.6197,298.6978,2.3456,5.5583,1.8965,163107.8276,106913188.0,292.7014,-0.7973,-0.137,0,18.5832,307.1277,-8.333,-5.3448,58.72,63.7,3.31,11790.96409090909,2875.897727272727,165.6266704583334,205.3150795535714,14.935,380.4172727272727,170.5647283166936
2025-12-26,293.33,294.56,292.27,294.2,540594,VMC,294.07,294.97,289.79,294.2,2196868,287.32,297.735,277.9401,297.24,23350880,1999600000,7417700000,911900000,17104800000,8962300000,8142500000,559700000,4906900000,0,5213800000,1409600000,603500000,-2814900000,1056900000,244400000,913100000,7.54,23852.994,70279.0,4.14,3.72,324.054,2.94952520485207,717004.0,330083.0,4.4,159358,291.728,292.1647,291.6386,292.3668,292.3865,290.6338,291.7917,291.6157,292.7124,0.3503,0.3608,-0.0105,88.6488,80.4674,89.9346,88.6488,54.1019,100.0,100.0,-30.4803,16.7009,-1.0026,-0.3425,-5.0604,0.3799,35.3368,8.947,-1.6941,0.9831,0.0,40.0,-40.0,56.5976,0.0139,50.4036,12.933,24.8302,19.1431,12.9888,10.0138,298.0949,291.728,285.3612,290.4944,289.8306,297.9525,2.2857,5.231,1.7814,275831.0123,107453782.0,292.6408,-0.5887,0.1553,0,18.6539,-36.0638,-7.6485,7.3789,56.6,.,.,11790.96409090909,2875.897727272727,165.6266704583334,205.3150795535714,14.935,380.4172727272727,170.5647283166936
2025-12-29,294.25,295.075,290.42,292.02,565603,VMC,294.07,294.97,289.79,294.2,2196868,287.32,297.735,277.9401,297.24,23350880,1999600000,7417700000,911900000,17104800000,8962300000,8142500000,559700000,4906900000,0,5213800000,1409600000,603500000,-2814900000,1056900000,244400000,913100000,7.54,23852.994,70279.0,4.14,3.72,324.054,2.94952520485207,717004.0,330083.0,4.4,159358,291.3368,292.0379,291.5913,292.0996,292.0008,290.84,291.7826,291.6083,292.5391,0.2725,0.3431,-0.0707,72.4231,80.3376,42.1949,72.4231,49.0431,0.0,66.6667,-35.3972,17.0371,-1.1334,-0.3875,-3.9126,-0.4791,15.5719,1.6725,-1.3246,0.9868,0.0,30.0,-30.0,59.0425,0.0122,51.2715,20.0628,26.1697,17.4236,13.5364,9.0124,297.2204,291.3368,285.4532,290.4944,288.8899,297.2369,4.6462,5.1725,1.7747,240618.4797,106888179.0,292.5819,-0.3394,0.4251,0,18.7731,-19.8429,-2.2082,11.2214,57.89,63.1,4.35,11790.96409090909,2875.897727272727,165.6266704583334,205.3150795535714,14.935,380.4172727272727,170.5647283166936
2025-12-30,291.52,292.82,288.73,288.88,597314,VMC,294.07,294.97,289.79,294.2,2196868,287.32,297.735,277.9401,297.24,23350880,1999600000,7417700000,911900000,17104800000,8962300000,8142500000,559700000,4906900000,0,5213800000,1409600000,603500000,-2814900000,1056900000,244400000,913100000,7.54,23852.994,70279.0,4.14,3.72,324.054,2.94952520485207,717004.0,330083.0,4.4,159358,290.5582,291.3644,291.0452,290.8638,290.3229,291.0819,291.5678,291.5428,292.3213,-0.0416,0.2662,-0.3078,44.8312,68.6343,2.3641,44.8312,42.6593,0.0,33.3333,-53.1524,17.9531,-1.7637,-0.6033,-7.7852,-0.6455,-39.8912,-4.7809,-2.6291,0.9737,10.0,20.0,-10.0,51.0377,0.0031,48.7363,26.1972,27.3911,16.0189,13.8695,8.1112,295.7209,290.5582,285.3955,289.2567,288.8899,296.55,4.0823,5.0635,1.7561,28224.9155,106290865.0,292.5249,-0.0644,0.6601,0,18.6851,-3.6918,1.2661,8.0687,57.79,62.3,4.4,11790.96409090909,2875.897727272727,165.6266704583334,205.3150795535714,14.935,380.4172727272727,170.5647283166936
2025-12-31,288.01,289.09,285.14,285.22,621948,VMC,294.07,294.97,289.79,294.2,2196868,295.2,303.75,280.595,285.22,19705348,2166000000,7932800000,1081000000,16700400000,8151500000,8548900000,183300000,4361700000,0,5590100000,1813000000,677700000,-529200000,-1695200000,259800000,1078100000,7.99,23852.994,70279.0,4.14,3.72,324.054,2.94952520485207,717004.0,330083.0,4.4,159358,289.8805,290.1491,289.9765,288.7452,287.5636,291.23,291.1962,291.1997,291.9413,-0.5786,0.0972,-0.6759,15.1214,44.1252,0.8052,15.1214,36.5052,0.0,-0.0,-68.0594,19.9093,-2.2108,-0.7569,-6.7772,-0.7063,-120.4676,-17.1873,-2.3253,0.9767,0.0,10.0,-10.0,53.6608,-0.0169,37.9663,37.515,32.4469,14.7434,16.0658,7.3001,296.0702,289.8805,283.6908,289.1619,287.2904,295.8906,3.9425,4.9514,1.7393,-251105.907,105668917.0,292.3185,0.3146,0.8936,0,18.4211,18.3355,3.1524,3.7634,57.26,61.35,4.0,11790.96409090909,2875.897727272727,165.6266704583334,205.3150795535714,14.935,380.4172727272727,170.5647283166936
2026-01-02,285.08,294.73,284.23,292.65,1035276,VMC,294.25,295.075,284.23,292.65,2820141,295.2,303.75,280.595,285.22,19705348,2166000000,7932800000,1081000000,16700400000,8151500000,8548900000,183300000,4361700000,0,5590100000,1813000000,677700000,-529200000,-1695200000,259800000,1078100000,7.99,23852.994,70279.0,4.21,3.64,325.252,2.94952520485207,582400.0,294485.0,4.3,156723,290.6032,290.5031,290.3794,289.6442,289.1232,291.3175,291.2469,291.2445,291.5543,-0.4012,-0.0024,-0.3987,26.9363,28.963,77.6395,26.9363,52.0938,88.5883,29.5294,-22.3605,18.7661,-1.4912,-0.5105,7.2263,0.721,-22.6564,-20.1186,2.5367,1.0254,70.0,0.0,70.0,71.8584,-0.0257,47.9178,8.4769,26.269,22.1634,14.4592,12.1994,295.9084,290.6032,285.2979,289.1619,289.1045,295.2575,10.4801,5.5043,1.8844,-143651.3174,106704193.0,292.1273,0.4617,0.9537,0,18.129,27.4969,3.3957,-1.1565,57.21,61.98,.,12986.60681818182,3133.982727272727,169.2505145833334,203.8978238392856,14.78590909090909,363.9104545454545,179.496919568949
2026-01-05,291.435,297.28,289.88,296.67,988284,VMC,294.25,295.075,284.23,292.65,2820141,295.2,303.75,280.595,285.22,19705348,2166000000,7932800000,1081000000,16700400000,8151500000,8548900000,183300000,4361700000,0,5590100000,1813000000,677700000,-529200000,-1695200000,259800000,1078100000,7.99,23852.994,70279.0,4.21,3.64,325.252,2.94952520485207,582400.0,294485.0,4.3,156723,291.4346,291.5223,291.3804,291.6534,292.0373,291.2133,291.5638,291.4877,291.3303,0.0625,0.0105,0.052,57.9235,33.327,95.3257,57.9235,58.2551,100.0,62.8628,-4.6743,17.0821,-0.8105,-0.2773,8.3142,0.7074,109.4008,3.4568,2.889,1.0289,100.0,90.0,10.0,71.1015,-0.0193,54.1566,1.9268,22.8606,23.7589,13.0133,13.5246,297.2954,291.4346,285.5737,290.3945,290.2049,280.0641,7.386,5.6925,1.9224,175978.1728,107692477.0,292.0165,0.6592,0.9979,0,17.8402,41.2424,2.1793,-4.8713,58.1,63.0,2.82,12986.60681818182,3133.982727272727,169.2505145833334,203.8978238392856,14.78590909090909,363.9104545454545,179.496919568949
2026-01-06,295.45,302.555,294.99,299.85,1015510,VMC,294.25,295.075,284.23,292.65,2820141,295.2,303.75,280.595,285.22,19705348,2166000000,7932800000,1081000000,16700400000,8151500000,8548900000,183300000,4361700000,0,5590100000,1813000000,677700000,-529200000,-1695200000,259800000,1078100000,7.99,23852.994,70279.0,4.21,3.64,325.252,2.94952520485207,582400.0,294485.0,4.3,156723,292.2311,292.9333,292.8073,294.195,295.4341,291.1747,292.0453,291.6436,291.396,0.6782,0.1441,0.5342,86.068,56.9759,85.2387,86.068,62.4947,100.0,96.1961,-14.7613,17.338,-0.2625,-0.0897,7.9649,0.5816,198.0978,19.3614,2.7341,1.0273,100.0,80.0,20.0,67.131,0.0017,55.7993,19.6411,19.9241,29.6637,11.712,17.4372,299.744,292.2311,284.7182,291.9815,292.8374,280.3972,7.5507,5.8783,1.9641,382782.1891,108707987.0,292.1578,0.9207,0.927,0,17.5057,67.0328,-0.1282,-6.036,56.97,62.1,2.85,12986.60681818182,3133.982727272727,169.2505145833334,203.8978238392856,14.78590909090909,363.9104545454545,179.496919568949
2026-01-07,301.69,302.77,291.77,292.12,1146241,VMC,294.25,295.075,284.23,292.65,2820141,295.2,303.75,280.595,285.22,19705348,2166000000,7932800000,1081000000,16700400000,8151500000,8548900000,183300000,4361700000,0,5590100000,1813000000,677700000,-529200000,-1695200000,259800000,1078100000,7.99,23852.994,70279.0,4.21,3.64,325.252,2.94952520485207,582400.0,294485.0,4.3,156723,292.255,292.685,292.6867,293.514,294.1739,291.2389,292.0431,291.6398,291.5788,0.5375,0.2228,0.3147,74.3737,72.7884,42.5566,74.3737,49.0422,48.2386,82.7462,-57.4434,16.2626,-0.0559,-0.0191,0.2395,-0.87,72.4064,7.0176,0.0822,1.0008,100.0,70.0,30.0,52.6929,0.0129,46.4141,6.5838,21.5308,24.5657,13.7547,15.6935,299.7578,292.255,284.7523,291.9815,292.9447,281.2606,10.9792,6.3884,2.191,91081.4178,107561746.0,292.0457,0.9867,0.583,0,17.1162,99.3407,-2.7627,-4.7887,56.01,61.08,3.1,12986.60681818182,3133.982727272727,169.2505145833334,203.8978238392856,14.78590909090909,363.9104545454545,179.496919568949
2026-01-08,291.51,299.75,290.01,299.13,939204,VMC,294.25,295.075,284.23,292.65,2820141,295.2,303.75,280.595,285.22,19705348,2166000000,7932800000,1081000000,16700400000,8151500000,8548900000,183300000,4361700000,0,5590100000,1813000000,677700000,-529200000,-1695200000,259800000,1078100000,7.99,23852.994,70279.0,4.21,3.64,325.252,2.94952520485207,582400.0,294485.0,4.3,156723,292.8828,293.7539,293.8338,295.3068,296.4389,291.8658,292.2098,291.986,291.9458,0.9792,0.374,0.6052,69.3874,76.6097,80.3668,69.3874,58.1248,67.5164,71.9183,-19.6332,14.6405,0.1682,0.0575,6.2781,0.7823,75.3194,0.6935,2.1479,1.0215,90.0,60.0,30.0,54.9344,0.0321,53.9776,0.0416,21.0302,21.0127,14.1359,14.1241,301.2873,292.8828,284.4783,291.9815,292.9447,282.5168,9.7216,6.7217,2.2513,224261.7537,108500950.0,292.031,0.8589,0.2451,0,16.7441,120.8109,-4.8962,2.256,57.74,63.34,2.92,12986.60681818182,3133.982727272727,169.2505145833334,203.8978238392856,14.78590909090909,363.9104545454545,179.496919568949
2026-01-09,301.41,311.92,299.15,311.62,898620,VMC,291.435,311.92,289.88,311.62,4987859,295.2,303.75,280.595,285.22,19705348,2166000000,7932800000,1081000000,16700400000,8151500000,8548900000,183300000,4361700000,0,5590100000,1813000000,677700000,-529200000,-1695200000,259800000,1078100000,7.99,23852.994,70279.0,4.21,3.64,325.252,2.94952520485207,582400.0,294485.0,4.3,156723,294.6774,296.8951,297.1333,300.7357,303.5337,293.3772,293.6347,292.9382,292.7812,2.3086,0.761,1.5476,73.8541,72.5384,98.6388,73.8541,69.047,100.0,71.9183,-1.0834,16.4059,1.2217,0.4163,17.946,0.7995,215.8157,25.9451,6.1231,1.0612,100.0,50.0,50.0,58.8427,0.0794,63.3337,32.294,17.3657,33.9317,12.7223,24.8587,308.4423,294.6774,280.9126,297.8554,297.5111,283.6976,12.7658,7.3261,2.3554,530847.5322,109399570.0,292.3943,0.6339,-0.0986,1,16.4758,140.6585,-1.4224,10.2139,58.96,65.11,2.87,12986.60681818182,3133.982727272727,169.2505145833334,203.8978238392856,14.78590909090909,363.9104545454545,179.496919568949
2026-01-12,310.94,313.37,308.1125,309.62,846128,VMC,291.435,311.92,289.88,311.62,4987859,295.2,303.75,280.595,285.22,19705348,2166000000,7932800000,1081000000,16700400000,8151500000,8548900000,183300000,4361700000,0,5590100000,1813000000,677700000,-529200000,-1695200000,259800000,1078100000,7.99,23852.994,70279.0,4.21,3.64,325.252,2.94952520485207,582400.0,294485.0,4.3,156723,296.2165,299.1022,299.7436,304.0504,307.2458,295.3525,294.5234,293.2602,294.0712,3.1646,1.2417,1.9229,87.6508,76.9641,83.9469,87.6508,65.9849,84.6931,84.0698,-12.8689,18.2725,2.2442,0.7634,15.3908,-0.2511,166.6168,42.0108,5.2413,1.0524,100.0,40.0,60.0,66.6873,0.1334,63.0642,35.0722,16.0855,33.4634,11.4501,23.8201,312.4034,296.2165,280.0296,297.8554,298.2347,285.9082,5.2476,7.1183,2.3034,493177.6796,108553442.0,293.2615,0.6474,-0.0811,1,16.3645,139.6506,4.3644,9.9457,59.39,65.4,2.9,12986.60681818182,3133.982727272727,169.2505145833334,203.8978238392856,14.78590909090909,363.9104545454545,179.496919568949
2026-01-13,309.01,311.36,302.88,311.04,1080268,VMC,291.435,311.92,289.88,311.62,4987859,295.2,303.75,280.595,285.22,19705348,2166000000,7932800000,1081000000,16700400000,8151500000,8548900000,183300000,4361700000,0,5590100000,1813000000,677700000,-529200000,-1695200000,259800000,1078100000,7.99,23852.994,70279.0,4.21,3.64,325.252,2.94952520485207,582400.0,294485.0,4.3,156723,298.1149,301.1657,302.3318,306.9025,310.1623,297.6179,295.812,294.1197,295.7453,3.9122,1.7758,2.1364,90.8705,84.1251,90.0257,90.8705,67.1347,90.4409,91.7113,-7.9959,18.0441,3.3891,1.1499,18.984,0.2394,103.567,24.4913,6.5133,1.0651,90.0,30.0,60.0,62.5994,0.1883,65.5489,15.9889,21.4091,29.5583,15.5277,21.4381,315.9932,298.1149,280.2366,297.8554,298.2347,288.5951,8.464,7.2528,2.3362,750713.3316,109633710.0,294.3024,0.5936,-0.1493,1,16.6195,143.5868,7.4334,3.596,60.85,67.58,3.0,12986.60681818182,3133.982727272727,169.2505145833334,203.8978238392856,14.78590909090909,363.9104545454545,179.496919568949
2026-01-14,305.5,309.95,297.74,298.48,1592569,VMC,291.435,311.92,289.88,311.62,4987859,295.2,303.75,280.595,285.22,19705348,2166000000,7932800000,1081000000,16700400000,8151500000,8548900000,183300000,4361700000,0,5590100000,1813000000,677700000,-529200000,-1695200000,259800000,1078100000,7.99,23852.994,70279.0,4.21,3.64,325.252,2.94952520485207,582400.0,294485.0,4.3,156723,299.0731,300.5747,302.2955,304.785,306.203,299.8343,295.8648,294.3095,297.3855,3.4534,2.1113,1.3421,70.0771,82.8661,36.2586,70.0771,50.3934,0.0,58.378,-51.0981,16.289,4.2574,1.4441,9.5818,-0.5749,30.7401,9.7176,3.3232,1.0332,80.0,20.0,60.0,56.2711,0.2118,54.4428,0.4924,24.3222,24.563,19.1052,19.2943,315.7376,299.0731,282.4086,297.8554,298.2347,291.0133,13.2748,7.855,2.6367,342517.053,108041141.0,295.2211,0.493,-0.2666,1,17.2458,150.4613,5.3859,-1.6112,61.84,68.87,3.13,12986.60681818182,3133.982727272727,169.2505145833334,203.8978238392856,14.78590909090909,363.9104545454545,179.496919568949
2026-01-15,301.63,304.71,299.9,301.71,818764,VMC,291.435,311.92,289.88,311.62,4987859,295.2,303.75,280.595,285.22,19705348,2166000000,7932800000,1081000000,16700400000,8151500000,8548900000,183300000,4361700000,0,5590100000,1813000000,677700000,-529200000,-1695200000,259800000,1078100000,7.99,23852.994,70279.0,4.21,3.64,325.252,2.94952520485207,582400.0,294485.0,4.3,156723,300.719,300.6774,302.6712,304.2061,304.8087,302.0288,296.1369,294.4461,298.858,3.3117,2.3514,0.9603,50.5614,70.503,25.3999,50.5614,53.693,17.6888,36.0432,-40.0137,14.7093,5.4192,1.8352,16.4588,0.0166,17.6709,14.4576,5.7815,1.0578,70.0,10.0,60.0,62.9658,0.2215,53.5842,0.4924,22.3559,22.5771,17.1947,17.3648,314.3468,300.719,287.0912,301.2989,298.2347,293.1897,6.2182,7.6913,2.5541,79937.814,108859905.0,295.8526,0.3455,-0.4193,1,17.5441,159.7872,3.7241,6.36,59.13,66.16,2.92,12986.60681818182,3133.982727272727,169.2505145833334,203.8978238392856,14.78590909090909,363.9104545454545,179.496919568949
2026-01-16,300.86,306.855,300.86,305.97,757959,VMC,310.94,313.37,297.74,305.97,5095688,295.2,303.75,280.595,285.22,19705348,2166000000,7932800000,1081000000,16700400000,8151500000,8548900000,183300000,4361700000,0,5590100000,1813000000,677700000,-529200000,-1695200000,259800000,1078100000,7.99,23852.994,70279.0,4.21,3.64,325.252,2.94952520485207,582400.0,294485.0,4.3,156723,302.0485,301.5344,303.5207,305.1227,305.6646,303.5726,296.5184,294.9933,300.2001,3.5021,2.5815,0.9206,38.1045,52.9143,52.6552,38.1045,57.8058,44.2761,20.6549,-31.5028,13.9285,5.7227,1.9312,13.2948,0.8524,36.6444,16.6194,4.5515,1.0455,60.0,0.0,60.0,62.1147,0.2301,60.8382,6.9007,20.5771,23.6276,15.4752,17.7693,314.6039,302.0485,289.493,301.2989,301.0543,295.1484,5.9837,7.5206,2.4626,135216.6085,109617864.0,296.5992,0.1443,-0.5977,1,17.4505,171.7036,10.3336,7.4391,59.4,66.97,3.06,12986.60681818182,3133.982727272727,169.2505145833334,203.8978238392856,14.78590909090909,363.9104545454545,179.496919568949
2026-01-20,304.84,304.84,296.06,296.15,1043867,VMC,310.94,313.37,297.74,305.97,5095688,295.2,303.75,280.595,285.22,19705348,2166000000,7932800000,1081000000,16700400000,8151500000,8548900000,183300000,4361700000,0,5590100000,1813000000,677700000,-529200000,-1695200000,259800000,1078100000,7.99,23852.994,70279.0,4.21,3.64,325.252,2.94952520485207,582400.0,294485.0,4.3,156723,301.9966,300.4535,302.3463,302.5051,301.6911,304.037,296.5139,295.0232,301.191,2.8296,2.6311,0.1984,26.2144,38.2934,0.5882,26.2144,47.0929,0.0,20.6549,-73.7158,13.321,5.281,1.7798,-0.519,-0.9897,-55.7196,2.262,-0.1753,0.9982,50.0,0.0,50.0,52.1882,0.2159,51.0539,7.8541,24.1292,20.615,18.7186,15.9924,314.6536,301.9966,289.3395,301.2989,301.1192,312.7771,9.8913,7.7576,2.6245,-179792.0202,108573997.0,297.1295,-0.111,-0.7812,0,17.2709,186.3742,11.646,-3.612,60.3,67.68,4.0,12986.60681818182,3133.982727272727,169.2505145833334,203.8978238392856,14.78590909090909,363.9104545454545,179.496919568949
2026-01-21,298.82,301.0,294.99,299.01,972711,VMC,310.94,313.37,297.74,305.97,5095688,295.2,303.75,280.595,285.22,19705348,2166000000,7932800000,1081000000,16700400000,8151500000,8548900000,183300000,4361700000,0,5590100000,1813000000,677700000,-529200000,-1695200000,259800000,1078100000,7.99,23852.994,70279.0,4.21,3.64,325.252,2.94952520485207,582400.0,294485.0,4.3,156723,301.9127,300.0882,301.7005,301.4679,300.2521,303.6704,296.5241,295.1942,301.8354,2.4981,2.6045,-0.1065,26.705,30.3413,26.8717,26.705,50.0863,27.9422,24.0728,-61.4726,13.0789,4.8408,1.6295,-0.8384,0.0316,-64.3668,-0.764,-0.2801,0.9972,40.0,20.0,20.0,42.4634,0.1952,46.8001,10.9001,23.6287,18.9839,17.9147,14.3931,314.6514,301.9127,289.174,301.2989,301.1192,312.4316,5.9986,7.5817,2.5404,-187774.877,109546708.0,297.5664,-0.3773,-0.9216,0,17.1667,202.164,8.9697,-12.7453,60.38,66.72,4.96,12986.60681818182,3133.982727272727,169.2505145833334,203.8978238392856,14.78590909090909,363.9104545454545,179.496919568949
2026-01-22,301.48,306.59,298.09,303.27,938605,VMC,310.94,313.37,297.74,305.97,5095688,295.2,303.75,280.595,285.22,19705348,2166000000,7932800000,1081000000,16700400000,8151500000,8548900000,183300000,4361700000,0,5590100000,1813000000,677700000,-529200000,-1695200000,259800000,1078100000,7.99,23852.994,70279.0,4.21,3.64,325.252,2.94952520485207,582400.0,294485.0,4.3,156723,303.0256,300.5624,301.8429,302.0792,301.1967,303.0908,296.7165,295.5693,302.2746,2.5491,2.5934,-0.0444,32.415,28.4448,69.7851,32.415,54.36,67.8349,31.9257,-43.2363,12.4664,5.3853,1.8093,11.1289,0.2106,-8.8547,7.9996,3.8169,1.0382,30.0,10.0,20.0,52.72,0.1801,49.5143,6.954,21.0158,24.1571,16.1232,18.5332,313.738,303.0256,292.3132,303.3101,301.1192,311.7116,8.4839,7.672,2.5345,-108619.1473,110485313.0,298.0249,-0.6147,-0.9924,0,17.0159,217.9302,0.5998,-19.1902,59.24,65.46,8.42,12986.60681818182,3133.982727272727,169.2505145833334,203.8978238392856,14.78590909090909,363.9104545454545,179.496919568949
2026-01-23,302.11,304.65,297.95,300.07,659323,VMC,304.84,306.59,294.99,300.07,3614506,295.2,303.75,280.595,285.22,19705348,2166000000,7932800000,1081000000,16700400000,8151500000,8548900000,183300000,4361700000,0,5590100000,1813000000,677700000,-529200000,-1695200000,259800000,1078100000,7.99,23852.994,70279.0,4.21,3.64,325.252,2.94952520485207,582400.0,294485.0,4.3,156723,303.1194,300.3697,301.2023,301.453,300.3762,302.2451,296.732,295.648,302.5165,2.3052,2.5358,-0.2306,46.4906,35.2035,42.815,46.4906,50.7344,33.9915,43.2562,-72.3613,11.8675,5.1183,1.7175,0.9382,-0.3045,-54.5921,7.5303,0.3142,1.0031,20.0,0.0,20.0,44.6218,0.1618,43.2267,6.477,19.3446,22.0241,14.6506,16.6799,313.6894,303.1194,292.5495,303.3101,303.6045,311.0204,6.6873,7.5735,2.5287,-143388.177,109825990.0,298.4562,-0.8088,-0.9877,0,17.0287,233.9826,-6.9018,-6.9088,60.7,68.16,30.72,12986.60681818182,3133.982727272727,169.2505145833334,203.8978238392856,14.78590909090909,363.9104545454545,179.496919568949
2026-01-26,301.43,302.45,298.93,300.4,500280,VMC,304.84,306.59,294.99,300.07,3614506,295.2,303.75,280.595,285.22,19705348,2166000000,7932800000,1081000000,16700400000,8151500000,8548900000,183300000,4361700000,0,5590100000,1813000000,677700000,-529200000,-1695200000,259800000,1078100000,7.99,23852.994,70279.0,4.21,3.64,325.252,2.94952520485207,582400.0,294485.0,4.3,156723,301.9996,300.2718,300.6046,301.0781,299.9705,301.1282,296.8797,295.8572,302.5962,2.1141,2.4515,-0.3373,53.0793,43.995,46.6379,53.0793,51.108,55.2508,52.3591,-70.5658,11.3284,3.6611,1.2271,-11.1988,-0.2926,-52.4714,10.5533,-3.6005,0.964,10.0,70.0,-60.0,36.7314,0.1431,47.6348,6.477,18.3964,20.9445,13.1856,15.0119,311.273,301.9996,292.7261,303.0206,303.6045,310.3569,3.5133,7.1675,2.3905,-170805.1049,110326270.0,299.0065,-0.9347,-0.9123,0,17.4526,249.1722,-3.3132,0.8393,60.46,67.7,25.01,12986.60681818182,3133.982727272727,169.2505145833334,203.8978238392856,14.78590909090909,363.9104545454545,179.496919568949
2026-01-27,300.99,301.36,297.71,298.67,495828,VMC,304.84,306.59,294.99,300.07,3614506,295.2,303.75,280.595,285.22,19705348,2166000000,7932800000,1081000000,16700400000,8151500000,8548900000,183300000,4361700000,0,5590100000,1813000000,677700000,-529200000,-1695200000,259800000,1078100000,7.99,23852.994,70279.0,4.21,3.64,325.252,2.94952520485207,582400.0,294485.0,4.3,156723,300.9066,299.8779,299.8964,300.2152,298.9253,300.2831,296.9366,295.9021,302.5104,1.8026,2.3217,-0.5191,40.3924,46.6541,31.7241,40.3924,48.9457,0.0,29.7474,-77.5199,10.3558,2.3451,0.7855,-10.9293,-0.6356,-78.002,5.7704,-3.5366,0.9646,0.0,60.0,-60.0,28.4858,0.1215,45.651,1.6018,19.1998,19.8249,13.0847,13.5107,309.122,300.9066,292.6913,303.0206,302.6014,309.7199,3.6431,6.815,2.2861,-241268.9392,109830442.0,299.3238,-0.9667,-0.8645,0,17.7142,255.1748,-4.5981,-1.9065,62.04,70.28,17.19,12986.60681818182,3133.982727272727,169.2505145833334,203.8978238392856,14.78590909090909,363.9104545454545,179.496919568949
2026-01-28,297.83,300.39,295.59,299.73,697591,VMC,304.84,306.59,294.99,300.07,3614506,295.2,303.75,280.595,285.22,19705348,2166000000,7932800000,1081000000,16700400000,8151500000,8548900000,183300000,4361700000,0,5590100000,1813000000,677700000,-529200000,-1695200000,259800000,1078100000,7.99,23852.994,70279.0,4.21,3.64,325.252,2.94952520485207,582400.0,294485.0,4.3,156723,299.7778,299.7479,299.5794,299.9175,298.725,299.9102,297.0461,296.0652,302.3082,1.6224,2.1818,-0.5594,38.6661,44.0459,37.6364,38.6661,50.3751,26.4002,27.217,-68.3155,9.9852,0.8314,0.2781,-11.2886,0.3958,-90.1747,-2.3836,-3.6362,0.9636,0.0,50.0,-50.0,29.8805,0.1016,47.227,6.6505,21.0086,18.3885,13.8922,12.1597,304.9902,299.7778,294.5654,300.4904,301.8977,309.1083,4.7909,6.6126,2.2104,-87239.9531,110528033.0,299.8031,-0.9995,-0.6848,0,17.6254,271.7808,-4.9371,6.2258,62.75,70.9,9.34,12986.60681818182,3133.982727272727,169.2505145833334,203.8978238392856,14.78590909090909,363.9104545454545,179.496919568949
2026-01-29,302.12,303.81,296.255,299.47,698816,VMC,304.84,306.59,294.99,300.07,3614506,295.2,303.75,280.595,285.22,19705348,2166000000,7932800000,1081000000,16700400000,8151500000,8548900000,183300000,4361700000,0,5590100000,1813000000,677700000,-529200000,-1695200000,259800000,1078100000,7.99,23852.994,70279.0,4.21,3.64,325.252,2.94952520485207,582400.0,294485.0,4.3,156723,299.8766,299.5943,299.4204,299.6075,298.5038,299.811,297.0591,296.2071,302.0253,1.442,2.0339,-0.5919,37.3954,38.818,42.8256,37.3954,49.9936,48.4626,24.9543,-62.2419,9.677,0.4017,0.1341,0.9881,-0.3508,-31.0886,0.2954,0.3317,1.0033,0.0,40.0,-40.0,42.6314,0.0832,51.717,6.9032,18.6461,21.4113,12.503,14.3572,304.9803,299.8766,294.7728,300.4904,300.3532,308.5213,7.5407,6.7054,2.2433,-49406.9671,109829217.0,300.3549,-0.7579,-0.0746,0,17.3589,310.7216,-0.0491,5.7292,64.77,71.0,10.25,12986.60681818182,3133.982727272727,169.2505145833334,203.8978238392856,14.78590909090909,363.9104545454545,179.496919568949
2026-01-30,297.01,301.0,295.84,300.54,976963,VMC,301.43,303.81,295.59,300.54,3369478,285.08,313.37,284.23,300.54,18102807,2166000000,7932800000,1081000000,16700400000,8151500000,8548900000,183300000,4361700000,0,5590100000,1813000000,677700000,-529200000,-1695200000,259800000,1078100000,7.99,23852.994,70279.0,4.21,3.64,325.252,2.94952520485207,582400.0,294485.0,4.3,156723,299.7598,299.6629,299.4377,299.7298,298.8706,299.5682,297.0822,296.2824,301.7188,1.3694,1.901,-0.5315,46.8936,40.9851,60.219,46.8936,51.6672,100.0,58.2876,-53.2238,9.2196,-0.4796,-0.1597,-1.1678,0.6841,-50.9882,-1.4919,-0.3878,0.9961,10.0,30.0,-20.0,31.1668,0.0689,52.3681,5.1023,17.8123,19.7277,11.6669,12.9215,304.7956,299.7598,294.724,300.4904,300.3532,307.9577,5.1502,6.5499,2.1835,225990.3691,110806180.0,300.7183,-0.382,0.3834,0,17.0515,-22.4555,-0.0187,0.3306,64.5,72.25,7.18,12986.60681818182,3133.982727272727,169.2505145833334,203.8978238392856,14.78590909090909,363.9104545454545,179.496919568949
2026-02-02,301.83,307.46,301.83,305.92,991479,VMC,301.43,303.81,295.59,300.54,3369478,285.08,313.37,284.23,300.54,18102807,2166000000,7932800000,1081000000,16700400000,8151500000,8548900000,183300000,4361700000,0,5590100000,1813000000,677700000,-529200000,-1695200000,259800000,1078100000,7.99,23852.994,70279.0,4.13,3.64,326.785,2.94952520485207,582400.0,294485.0,4.4,157286,299.7548,300.6953,300.4525,301.5948,301.573,299.5635,297.1176,296.4635,301.5474,1.7253,1.8658,-0.1405,63.3569,49.2153,87.0261,63.3569,59.2806,100.0,82.8209,-12.3496,10.949,-1.1468,-0.3811,-0.0499,0.7265,200.6709,21.0665,-0.0163,0.9998,100.0,20.0,80.0,33.2244,0.0685,54.8839,26.5136,15.9442,27.4494,10.5002,18.0771,304.7684,299.7548,294.7413,300.4655,300.6551,307.4167,6.9069,6.5856,2.1568,460994.6612,111797659.0,301.2647,0.2345,0.8532,0,16.741,13.5605,-0.2699,0.2388,61.6,67.72,4.4,12986.60681818182,3133.982727272727,169.2505145833334,203.8978238392856,14.78590909090909,363.9104545454545,179.496919568949
2026-02-03,307.72,318.67,307.629,311.01,1406985,VMC,301.43,303.81,295.59,300.54,3369478,285.08,313.37,284.23,300.54,18102807,2166000000,7932800000,1081000000,16700400000,8151500000,8548900000,183300000,4361700000,0,5590100000,1813000000,677700000,-529200000,-1695200000,259800000,1078100000,7.99,23852.994,70279.0,4.13,3.64,326.785,2.94952520485207,582400.0,294485.0,4.4,157286,301.238,302.4637,302.3919,304.6465,305.6787,300.1547,299.4536,296.7427,301.6794,2.3898,1.9706,0.4191,71.3521,60.5342,66.8111,71.3521,65.0654,100.0,100.0,-32.348,14.7332,-0.3793,-0.1257,14.8319,0.298,237.0934,36.2972,5.0177,1.0502,100.0,10.0,90.0,48.9662,0.0855,52.6444,48.791,13.1259,38.1383,9.4502,27.4582,308.6481,301.238,293.8279,304.2633,306.2495,294.4319,12.7259,7.1996,2.3193,341724.4852,113204644.0,301.6471,0.9061,0.9399,0,16.4915,64.9733,-0.5881,-0.8934,62.62,70.01,4.11,12986.60681818182,3133.982727272727,169.2505145833334,203.8978238392856,14.78590909090909,363.9104545454545,179.496919568949
2026-02-04,313.3,314.05,306.6,311.49,1581702,VMC,301.43,303.81,295.59,300.54,3369478,285.08,313.37,284.23,300.54,18102807,2166000000,7932800000,1081000000,16700400000,8151500000,8548900000,183300000,4361700000,0,5590100000,1813000000,677700000,-529200000,-1695200000,259800000,1078100000,7.99,23852.994,70279.0,4.13,3.64,326.785,2.94952520485207,582400.0,294485.0,4.4,157286,302.4836,303.9977,304.1488,307.0387,308.5854,301.0533,301.2238,297.4506,302.1476,2.9213,2.1608,0.7606,74.1291,69.6127,68.5502,74.1291,65.5778,100.0,100.0,-31.1092,17.6927,0.2855,0.0945,12.4564,-0.243,133.4753,31.3021,4.1738,1.0417,90.0,0.0,90.0,45.3493,0.111,56.1591,44.3286,13.1966,34.2122,9.5322,24.7124,311.5901,302.4836,293.3772,304.5028,306.5489,294.9046,7.4359,7.2233,2.3233,419264.4454,114786346.0,301.9097,1.0,0.7096,1,16.3087,89.8,-1.3665,1.2165,64.56,71.15,6.88,12986.60681818182,3133.982727272727,169.2505145833334,203.8978238392856,14.78590909090909,363.9104545454545,179.496919568949
2026-02-05,312.64,314.84,307.88,310.76,1428156,VMC,301.43,303.81,295.59,300.54,3369478,285.08,313.37,284.23,300.54,18102807,2166000000,7932800000,1081000000,16700400000,8151500000,8548900000,183300000,4361700000,0,5590100000,1813000000,677700000,-529200000,-1695200000,259800000,1078100000,7.99,23852.994,70279.0,4.13,3.64,326.785,2.94952520485207,582400.0,294485.0,4.4,157286,303.2312,305.1203,305.5466,308.5269,310.0915,302.3036,302.0176,298.0867,302.8859,3.2464,2.3779,0.8685,66.9046,70.7953,65.3526,66.9046,63.9918,88.5984,96.1995,-34.2721,20.4952,0.1028,0.0339,7.4758,-0.2701,101.3587,34.6141,2.4697,1.0247,80.0,40.0,40.0,48.3861,0.1367,55.8699,45.7173,11.9225,32.0051,8.579,23.0297,313.4449,303.2312,293.0176,304.5028,306.5489,295.3679,6.9468,7.1956,2.3199,334523.2727,113358190.0,302.0519,0.9239,0.3828,1,16.1611,112.4947,-0.1218,3.9961,62.9,69.87,5.28,12986.60681818182,3133.982727272727,169.2505145833334,203.8978238392856,14.78590909090909,363.9104545454545,179.496919568949
2026-02-06,315.0,324.56,312.2,323.72,992677,VMC,301.83,324.56,301.83,323.72,6400999,285.08,313.37,284.23,300.54,18102807,2166000000,7932800000,1081000000,16700400000,8151500000,8548900000,183300000,4361700000,0,5590100000,1813000000,677700000,-529200000,-1695200000,259800000,1078100000,7.99,23852.994,70279.0,4.13,3.64,326.785,2.94952520485207,582400.0,294485.0,4.4,157286,305.5917,308.3907,309.1605,313.8537,316.8164,304.4516,308.4919,298.5871,304.1097,4.496,2.8015,1.6944,76.7357,72.5898,96.3044,76.7357,75.6221,100.0,96.1995,-2.8996,24.3978,1.2362,0.4062,23.6053,0.7055,152.1278,44.6256,7.8815,1.0788,100.0,30.0,70.0,57.0406,0.1853,60.5868,59.5217,9.8315,38.7451,7.7211,30.4283,320.905,305.5917,290.2785,310.6062,309.4884,295.8218,13.7739,7.8535,2.4306,542365.6865,114350867.0,302.7164,0.7691,0.0919,1,16.0407,129.7274,1.215,6.2431,63.77,70.45,4.37,12986.60681818182,3133.982727272727,169.2505145833334,203.8978238392856,14.78590909090909,363.9104545454545,179.496919568949
2026-02-09,322.07,327.89,321.52,327.32,1093776,VMC,301.83,324.56,301.83,323.72,6400999,285.08,313.37,284.23,300.54,18102807,2166000000,7932800000,1081000000,16700400000,8151500000,8548900000,183300000,4361700000,0,5590100000,1813000000,677700000,-529200000,-1695200000,259800000,1078100000,7.99,23852.994,70279.0,4.13,3.64,326.785,2.94952520485207,582400.0,294485.0,4.4,157286,308.2786,311.7198,312.9985,318.9133,322.7532,307.2958,314.3137,299.9928,305.8947,5.7104,3.3833,2.3271,86.3266,76.6556,97.3227,86.3266,77.832,100.0,96.1995,-1.7647,28.2675,3.1395,1.0289,26.8691,0.8242,148.2427,59.4929,8.9614,1.0896,100.0,20.0,80.0,64.478,0.2481,66.2083,63.0943,9.0201,39.8618,6.949,30.7092,327.5292,308.2786,289.0281,312.4028,311.1502,296.9468,6.3579,7.7039,2.3581,863822.8443,115444643.0,303.8359,0.6337,-0.0989,1,16.0,140.6741,4.457,8.464,64.53,71.19,3.25,12986.60681818182,3133.982727272727,169.2505145833334,203.8978238392856,14.78590909090909,363.9104545454545,179.496919568949
2026-02-10,328.12,331.09,325.4,330.37,948210,VMC,301.83,324.56,301.83,323.72,6400999,285.08,313.37,284.23,300.54,18102807,2166000000,7932800000,1081000000,16700400000,8151500000,8548900000,183300000,4361700000,0,5590100000,1813000000,677700000,-529200000,-1695200000,259800000,1078100000,7.99,23852.994,70279.0,4.13,3.64,326.785,2.94952520485207,582400.0,294485.0,4.4,157286,311.4427,314.9971,316.9015,323.5642,327.8296,310.6006,320.463,301.4804,308.2194,6.8396,4.0745,2.765,96.8957,86.6527,97.06,96.8957,79.575,100.0,100.0,-2.0282,32.068,5.268,1.7206,31.64,0.3954,139.6065,63.9678,10.6137,1.1061,100.0,10.0,90.0,70.5978,0.3174,66.6962,66.2727,8.3372,41.1017,6.2541,30.8322,333.2017,311.4427,289.6836,314.3242,312.7472,298.7662,5.6792,7.5014,2.2749,1142148.1725,116392853.0,305.2372,0.5102,-0.2473,1,16.1124,149.3205,8.187,6.8613,64.2,71.01,3.18,12986.60681818182,3133.982727272727,169.2505145833334,203.8978238392856,14.78590909090909,363.9104545454545,179.496919568949
2026-02-11,327.36,329.0119,319.28,319.78,1576753,VMC,301.83,324.56,301.83,323.72,6400999,285.08,313.37,284.23,300.54,18102807,2166000000,7932800000,1081000000,16700400000,8151500000,8548900000,183300000,4361700000,0,5590100000,1813000000,677700000,-529200000,-1695200000,259800000,1078100000,7.99,23852.994,70279.0,4.13,3.64,326.785,2.94952520485207,582400.0,294485.0,4.4,157286,313.4439,315.7567,318.3074,323.3876,326.1116,313.7706,320.3107,302.3651,310.6947,6.8032,4.6203,2.1829,81.8846,88.369,51.271,81.8846,61.055,0.0,66.6667,-32.0851,32.9163,6.833,2.2286,20.0121,-0.7789,70.5337,37.3711,6.6894,1.0669,90.0,0.0,90.0,64.8236,0.3609,57.736,40.5506,14.9361,35.3122,11.7371,27.749,333.9631,313.4439,292.9247,314.3242,312.8719,301.302,11.069,7.8582,2.462,702034.2552,114816100.0,306.7605,0.382,-0.3834,1,16.4815,157.5436,9.4749,1.8378,64.8,71.52,3.25,12986.60681818182,3133.982727272727,169.2505145833334,203.8978238392856,14.78590909090909,363.9104545454545,179.496919568949
2026-02-12,322.65,325.55,317.89,321.92,1202276,VMC,301.83,324.56,301.83,323.72,6400999,285.08,313.37,284.23,300.54,18102807,2166000000,7932800000,1081000000,16700400000,8151500000,8548900000,183300000,4361700000,0,5590100000,1813000000,677700000,-529200000,-1695200000,259800000,1078100000,7.99,23852.994,70279.0,4.13,3.64,326.785,2.94952520485207,582400.0,294485.0,4.4,157286,315.6846,316.7666,319.7377,323.8363,325.6059,316.9206,320.4434,302.744,313.1267,6.8675,5.0697,1.7978,66.5956,81.792,51.4558,66.5956,62.989,10.4431,36.8144,-26.0142,33.1516,7.904,2.5681,22.4075,-0.0953,49.7498,31.969,7.4966,1.075,80.0,10.0,70.0,56.3988,0.3884,59.7582,35.2698,15.2493,31.8672,11.9508,24.9741,334.1546,315.6846,297.2146,314.8582,312.8719,303.6349,7.6455,7.8369,2.439,478142.4593,116018376.0,307.9739,0.2829,-0.4782,1,17.2325,163.569,7.8366,3.0596,63.08,69.8,3.43,12986.60681818182,3133.982727272727,169.2505145833334,203.8978238392856,14.78590909090909,363.9104545454545,179.496919568949
2026-02-13,322.22,328.79,320.36,327.65,1394577,VMC,322.07,331.09,317.89,327.65,6215592,285.08,313.37,284.23,300.54,18102807,2166000000,7932800000,1081000000,16700400000,8151500000,8548900000,183300000,4361700000,0,5590100000,1813000000,677700000,-529200000,-1695200000,259800000,1078100000,7.99,23852.994,70279.0,4.13,3.64,326.785,2.94952520485207,582400.0,294485.0,4.4,157286,318.3905,318.6327,321.8006,325.9438,327.5891,319.8258,321.4589,303.2297,315.5211,7.2959,5.515,1.7809,58.8887,69.123,73.9394,58.8887,67.7534,36.1684,15.5372,-11.7567,33.9375,9.3153,3.0139,27.0587,0.6441,69.8706,36.8706,9.0204,1.0902,70.0,0.0,70.0,65.4382,0.4136,62.2405,41.0101,13.6241,32.5671,10.7557,25.7105,334.6564,318.3905,302.1246,317.5431,315.8613,305.7812,8.4141,7.8946,2.414,666799.784,117412953.0,309.0513,0.1974,-0.5536,1,18.075,168.6151,10.9231,6.7732,63.05,69.96,3.24,12986.60681818182,3133.982727272727,169.2505145833334,203.8978238392856,14.78590909090909,363.9104545454545,179.496919568949
2026-02-17,295.95,311.335,294.72,302.22,2068260,VMC,322.07,331.09,317.89,327.65,6215592,285.08,313.37,284.23,300.54,18102807,2166000000,7932800000,1081000000,16700400000,8151500000,8548900000,183300000,4361700000,0,5590100000,1813000000,677700000,-529200000,-1695200000,259800000,1078100000,7.99,23852.994,70279.0,4.13,3.64,326.785,2.94952520485207,582400.0,294485.0,4.4,157286,318.0212,315.5446,318.7565,318.9998,317.1912,321.1246,321.2746,303.1507,317.242,5.5236,5.5167,0.0069,48.6722,58.0522,20.6214,48.6722,41.4451,0.0,15.5372,-79.3786,32.6207,9.1332,2.9568,-3.693,0.3774,-144.1629,-25.2489,-1.2095,0.9879,60.0,100.0,-40.0,53.5803,0.3827,51.1958,20.7702,33.9413,22.2668,35.2716,23.1395,335.5723,318.0212,300.4701,315.6966,312.313,330.4636,32.8677,10.3919,3.4451,619393.1058,115344693.0,309.4758,0.049,-0.6716,1,18.8223,177.1895,14.1367,0.1085,62.53,69.77,3.13,12986.60681818182,3133.982727272727,169.2505145833334,203.8978238392856,14.78590909090909,363.9104545454545,179.496919568949
2026-02-18,302.22,304.33,297.83,299.36,1584857,VMC,322.07,331.09,317.89,327.65,6215592,285.08,313.37,284.23,300.54,18102807,2166000000,7932800000,1081000000,16700400000,8151500000,8548900000,183300000,4361700000,0,5590100000,1813000000,677700000,-529200000,-1695200000,259800000,1078100000,7.99,23852.994,70279.0,4.13,3.64,326.785,2.94952520485207,582400.0,294485.0,4.4,157286,316.8584,312.499,315.2606,312.8341,308.8015,320.6798,320.6376,302.9328,318.0155,3.8444,5.1822,-1.3378,36.0306,47.8638,13.5309,36.0306,39.5271,0.0,12.0561,-87.2422,31.4357,7.8102,2.5272,-11.628,-0.44,-128.3075,-18.0294,-3.7459,0.9625,50.0,90.0,-40.0,43.0807,0.3163,45.0318,20.7702,31.7396,20.8224,31.7445,20.8255,337.5323,316.8584,296.1844,314.2693,312.313,329.7376,6.4877,10.0015,3.3473,276814.3813,113759836.0,309.6276,-0.2034,-0.8362,0,19.4703,191.7374,13.1306,-11.1461,65.33,71.78,2.98,12986.60681818182,3133.982727272727,169.2505145833334,203.8978238392856,14.78590909090909,363.9104545454545,179.496919568949
2026-02-19,298.29,304.0,297.08,302.85,1437195,VMC,322.07,331.09,317.89,327.65,6215592,285.08,313.37,284.23,300.54,18102807,2166000000,7932800000,1081000000,16700400000,8151500000,8548900000,183300000,4361700000,0,5590100000,1813000000,677700000,-529200000,-1695200000,259800000,1078100000,7.99,23852.994,70279.0,4.13,3.64,326.785,2.94952520485207,582400.0,294485.0,4.4,157286,315.996,310.6404,312.6094,309.394,304.8006,319.0276,320.2868,302.9,317.9345,2.7628,4.6983,-1.9355,19.3383,34.6804,23.8626,19.3383,43.0975,12.649,4.2163,-77.6464,30.4926,6.7562,2.1848,-8.6237,0.659,-101.3787,-19.2762,-2.7738,0.9723,40.0,80.0,-40.0,53.6985,0.2416,45.3337,22.0043,30.2501,19.3385,29.3186,18.743,338.251,315.996,293.741,314.2693,312.313,329.0261,6.9069,9.6921,3.2063,416803.6896,115197031.0,309.4983,-0.4031,-0.9322,1,19.7747,203.7739,6.5719,-24.8261,66.66,73.17,3.09,12986.60681818182,3133.982727272727,169.2505145833334,203.8978238392856,14.78590909090909,363.9104545454545,179.496919568949
2026-02-20,303.37,306.95,298.66,305.29,1631506,VMC,295.95,311.335,294.72,305.29,6721818,285.08,313.37,284.23,300.54,18102807,2166000000,7932800000,1081000000,16700400000,8151500000,8548900000,183300000,4361700000,0,5590100000,1813000000,677700000,-529200000,-1695200000,259800000,1078100000,7.99,23852.994,70279.0,4.13,3.64,326.785,2.94952520485207,582400.0,294485.0,4.4,157286,315.4501,309.5626,310.5579,307.6609,303.3666,316.5463,320.0981,302.9363,317.2286,2.0782,4.1743,-2.0961,22.806,26.0583,31.0244,22.806,45.5928,21.4895,11.3795,-70.9376,28.8662,6.1094,1.975,-5.4597,0.2316,-73.385,-15.1756,-1.7602,0.9824,30.0,70.0,-40.0,54.2393,0.1723,45.6124,14.2287,27.6293,20.7461,26.3867,19.8131,338.5033,315.4501,292.3968,314.2693,312.313,328.3288,8.2743,9.5503,3.1342,747399.6478,116828537.0,309.3883,-0.6524,-0.9972,1,19.9437,220.7204,-3.206,-18.8909,66.69,72.75,3.15,12986.60681818182,3133.982727272727,169.2505145833334,203.8978238392856,14.78590909090909,363.9104545454545,179.496919568949
2026-02-23,303.02,311.14,300.49,310.79,1284040,VMC,295.95,311.335,294.72,305.29,6721818,285.08,313.37,284.23,300.54,18102807,2166000000,7932800000,1081000000,16700400000,8151500000,8548900000,183300000,4361700000,0,5590100000,1813000000,677700000,-529200000,-1695200000,259800000,1078100000,7.99,23852.994,70279.0,4.13,3.64,326.785,2.94952520485207,582400.0,294485.0,4.4,157286,314.1595,309.6789,309.6037,308.2181,305.0652,313.1328,319.7608,303.0816,316.2343,1.9561,3.7307,-1.7746,50.5356,30.8933,96.7198,50.5356,50.9771,100.0,44.7128,-55.8152,26.3585,4.2839,1.3825,-12.9055,0.7296,-40.1226,-10.2957,-3.9942,0.9601,20.0,60.0,-40.0,55.0322,0.1217,53.5544,3.7896,24.5884,22.7928,23.7481,22.0139,336.7947,314.1595,291.5243,314.2693,312.313,327.6455,10.6299,9.6582,3.1135,1196402.6188,118112577.0,309.561,-0.8328,-0.9803,0,20.2542,236.3837,-2.894,-18.8637,66.36,71.9,3.13,12986.60681818182,3133.982727272727,169.2505145833334,203.8978238392856,14.78590909090909,363.9104545454545,179.496919568949
2026-02-24,311.81,318.1,309.52,317.89,1347679,VMC,295.95,311.335,294.72,305.29,6721818,285.08,313.37,284.23,300.54,18102807,2166000000,7932800000,1081000000,16700400000,8151500000,8548900000,183300000,4361700000,0,5590100000,1813000000,677700000,-529200000,-1695200000,259800000,1078100000,7.99,23852.994,70279.0,4.13,3.64,326.785,2.94952520485207,582400.0,294485.0,4.4,157286,313.2183,311.0624,310.1726,310.9993,309.5632,310.1098,319.7069,303.7919,315.3252,2.4035,3.4652,-1.0618,75.5817,49.6411,99.001,75.5817,57.0707,100.0,73.8298,-36.2936,24.8417,2.4698,0.7948,-9.4122,0.7086,14.7638,10.4957,-2.881,0.9712,10.0,50.0,-40.0,55.7163,0.0986,57.3666,11.1901,22.3832,28.0238,21.3733,26.7593,334.4271,313.2183,292.0095,314.2693,312.313,326.9758,8.5638,9.5488,3.0095,1679138.1822,119460256.0,310.0542,-0.9477,-0.8959,0,20.3017,251.3818,-14.0592,-28.7385,65.62,71.21,2.99,12986.60681818182,3133.982727272727,169.2505145833334,203.8978238392856,14.78590909090909,363.9104545454545,179.496919568949
2026-02-25,318.6,319.15,305.275,305.53,1345920,VMC,295.95,311.335,294.72,305.29,6721818,285.08,313.37,284.23,300.54,18102807,2166000000,7932800000,1081000000,16700400000,8151500000,8548900000,183300000,4361700000,0,5590100000,1813000000,677700000,-529200000,-1695200000,259800000,1078100000,7.99,23852.994,70279.0,4.13,3.64,326.785,2.94952520485207,582400.0,294485.0,4.4,157286,310.739,309.9514,308.6696,308.9908,307.0815,308.1273,318.7311,303.8499,314.3765,1.7424,3.1207,-1.3782,78.0027,68.04,38.2873,78.0027,46.0087,20.8342,73.6114,-68.4765,22.4859,-0.3518,-0.1131,-24.793,-0.942,-9.0211,0.5912,-7.5188,0.9248,0.0,40.0,-40.0,47.6904,0.0681,49.067,1.2837,23.5228,24.1346,23.4729,24.0834,329.2675,310.739,292.2105,312.9119,311.2759,326.3195,13.8487,9.9788,3.2722,1311465.6952,118114336.0,310.5701,-0.9993,-0.7338,0,20.1319,267.7958,-23.9885,-2.4314,65.3,70.69,3.02,12986.60681818182,3133.982727272727,169.2505145833334,203.8978238392856,14.78590909090909,363.9104545454545,179.496919568949
2026-02-26,307.0,309.74,305.45,308.99,945673,VMC,295.95,311.335,294.72,305.29,6721818,285.08,313.37,284.23,300.54,18102807,2166000000,7932800000,1081000000,16700400000,8151500000,8548900000,183300000,4361700000,0,5590100000,1813000000,677700000,-529200000,-1695200000,259800000,1078100000,7.99,23852.994,70279.0,4.13,3.64,326.785,2.94952520485207,582400.0,294485.0,4.4,157286,309.662,309.6704,308.2453,308.6543,307.0469,307.3807,318.4777,304.0777,313.4375,1.4802,2.7926,-1.3124,62.5677,72.0507,50.4148,62.5677,49.0787,30.3702,50.4015,-58.1156,20.3657,-1.8909,-0.6069,-10.7696,0.4639,-15.363,0.9977,-3.3742,0.9663,0.0,30.0,-30.0,50.0476,0.0424,58.4626,1.2837,22.4523,23.0363,21.1256,21.675,327.3363,309.662,291.9878,312.9119,311.1652,325.6764,4.2819,9.4091,3.0509,1237517.6479,119060009.0,311.0857,-0.9629,-0.4901,0,20.0443,285.6521,-16.9027,20.3884,65.1,71.66,2.94,12986.60681818182,3133.982727272727,169.2505145833334,203.8978238392856,14.78590909090909,363.9104545454545,179.496919568949
2026-02-27,305.71,311.77,304.68,310.0,1792043,VMC,303.02,319.15,300.49,310.0,6715355,301.83,331.09,294.72,310.0,26053764,2166000000,7932800000,1081000000,16700400000,8151500000,8548900000,183300000,4361700000,0,5590100000,1813000000,677700000,-529200000,-1695200000,259800000,1078100000,7.99,23852.994,70279.0,4.13,3.64,326.785,2.94952520485207,582400.0,294485.0,4.4,157286,308.4723,309.6236,308.2002,308.7542,307.5589,307.3541,318.2219,304.3445,312.5685,1.3382,2.5017,-1.1635,46.5556,62.3753,50.9646,46.5556,50.0008,36.0882,29.0975,-55.1512,18.9508,-3.6062,-1.1555,-11.8974,0.6051,6.1638,-0.9818,-3.7028,0.963,10.0,20.0,-10.0,60.3415,0.0233,60.9018,6.2167,20.7208,23.4678,19.013,21.5337,324.3614,308.4723,292.5832,312.9119,311.1652,325.0461,7.0766,9.1758,2.9656,1380264.4322,120852052.0,311.5903,-0.8127,-0.1627,0,19.8293,305.6391,-8.7531,25.5422,66.96,71.32,2.99,12986.60681818182,3133.982727272727,169.2505145833334,203.8978238392856,14.78590909090909,363.9104545454545,179.496919568949
2026-03-02,306.85,308.51,301.66,306.2,1162059,VMC,303.02,319.15,300.49,310.0,6715355,301.83,331.09,294.72,310.0,26053764,2166000000,7932800000,1081000000,16700400000,8151500000,8548900000,183300000,4361700000,0,5590100000,1813000000,677700000,-529200000,-1695200000,259800000,1078100000,7.99,23852.994,70279.0,4.13,3.64,326.785,2.94952520485207,582400.0,294485.0,4.4,157286,306.3313,308.8958,307.6817,307.589,306.2531,307.728,317.3961,304.37,311.7117,0.9092,2.1832,-1.274,42.4457,50.523,25.9577,42.4457,46.482,4.2793,23.5792,-53.0086,17.2444,-6.0296,-1.9303,-21.4094,-0.0949,-16.0032,-8.7735,-6.5466,0.9345,0.0,10.0,-10.0,51.516,0.0021,58.7074,1.8875,22.1392,21.3189,20.126,19.3803,316.3125,306.3313,296.3502,308.0411,306.3543,324.4284,8.3242,9.0907,2.9745,1433552.1397,119689993.0,312.1354,-0.2915,0.4702,1,19.3119,-16.9498,1.6349,26.4726,71.13,77.24,2.99,12986.60681818182,3133.982727272727,169.2505145833334,203.8978238392856,14.78590909090909,363.9104545454545,179.496919568949
2026-03-03,301.97,302.4,294.725,300.0,1095033,VMC,303.02,319.15,300.49,310.0,6715355,301.83,331.09,294.72,310.0,26053764,2166000000,7932800000,1081000000,16700400000,8151500000,8548900000,183300000,4361700000,0,5590100000,1813000000,677700000,-529200000,-1695200000,259800000,1078100000,7.99,23852.994,70279.0,4.13,3.64,326.785,2.94952520485207,582400.0,294485.0,4.4,157286,306.1098,307.1752,306.4273,304.6982,302.6478,308.0677,317.2432,304.1231,310.7116,0.0691,1.7604,-1.6913,32.8397,40.6137,21.5967,32.8397,41.2229,0.0,13.4558,-78.4033,17.3075,-5.9557,-1.9085,-2.2158,-0.2567,-116.3507,-24.0272,-0.7346,0.9927,60.0,0.0,60.0,55.2076,-0.0306,55.0869,17.8753,26.8419,18.701,25.0353,17.4423,316.5832,306.1098,295.6363,308.0411,306.3568,323.8231,11.4533,9.3269,3.1149,1455544.2165,118594960.0,312.2509,0.0267,0.7257,1,18.7378,1.5287,10.4516,7.2461,74.48,83.28,3.1,12986.60681818182,3133.982727272727,169.2505145833334,203.8978238392856,14.78590909090909,363.9104545454545,179.496919568949
2026-03-04,297.33,297.885,292.5543,295.98,1308374,VMC,303.02,319.15,300.49,310.0,6715355,301.83,331.09,294.72,310.0,26053764,2166000000,7932800000,1081000000,16700400000,8151500000,8548900000,183300000,4361700000,0,5590100000,1813000000,677700000,-529200000,-1695200000,259800000,1078100000,7.99,23852.994,70279.0,4.13,3.64,326.785,2.94952520485207,582400.0,294485.0,4.4,157286,305.7724,305.0379,304.4838,301.2625,298.5227,307.5683,316.9993,303.688,309.4489,-0.91,1.2263,-2.1363,21.794,32.3598,17.8276,21.794,38.1161,0.0,1.4264,-87.1193,17.8048,-5.543,-1.7805,-3.3736,-0.2533,-148.9461,-28.2024,-1.1291,0.9887,50.0,100.0,-50.0,56.4213,-0.0742,51.2823,22.2799,27.0299,17.18,24.6984,15.6981,317.3281,305.7724,294.2167,306.3543,305.2735,323.2299,7.4316,9.1374,3.093,1450977.7837,117286586.0,311.9603,0.471,0.9568,1,18.3591,28.1024,5.5678,-11.6567,74.58,81.56,2.87,12986.60681818182,3133.982727272727,169.2505145833334,203.8978238392856,14.78590909090909,363.9104545454545,179.496919568949
2026-03-05,291.34,293.48,281.35,287.23,1693935,VMC,303.02,319.15,300.49,310.0,6715355,301.83,331.09,294.72,310.0,26053764,2166000000,7932800000,1081000000,16700400000,8151500000,8548900000,183300000,4361700000,0,5590100000,1813000000,677700000,-529200000,-1695200000,259800000,1078100000,7.99,23852.994,70279.0,4.13,3.64,326.785,2.94952520485207,582400.0,294485.0,4.4,157286,304.2134,301.7013,301.0136,295.8824,291.9688,306.1397,315.3016,303.348,307.7339,-2.3634,0.5084,-2.8718,19.5846,24.7394,19.3294,19.5846,32.2396,0.0,-0.0,-84.4444,20.0805,-5.8913,-1.8998,-15.5904,-0.3388,-181.344,-45.4085,-5.1577,0.9484,40.0,100.0,-60.0,45.2094,-0.1366,46.2069,40.5625,34.5022,14.5894,33.4116,14.1283,320.4809,304.2134,287.9458,301.9876,299.6819,321.9807,14.6023,9.6839,3.3779,1300762.2019,115592651.0,310.8754,0.5251,0.9731,1,18.1034,31.6736,-1.182,-8.8189,80.88,88.59,2.9,12986.60681818182,3133.982727272727,169.2505145833334,203.8978238392856,14.78590909090909,363.9104545454545,179.496919568949
2026-03-06,281.54,282.7,273.87,274.99,1535754,VMC,306.85,308.51,273.87,274.99,6795155,301.83,331.09,294.72,310.0,26053764,2166000000,7932800000,1081000000,16700400000,8151500000,8548900000,183300000,4361700000,0,5590100000,1813000000,677700000,-529200000,-1695200000,259800000,1078100000,7.99,23852.994,70279.0,4.13,3.64,326.785,2.94952520485207,582400.0,294485.0,4.4,157286,301.1891,296.7501,295.6057,287.9382,282.2873,303.342,310.3666,302.7704,305.3044,-4.4497,-0.4833,-3.9665,13.4634,18.2807,3.2333,13.4634,26.0075,0.0,-0.0,-97.5265,23.0118,-7.1305,-2.3127,-30.2427,-0.7418,-173.3909,-53.6482,-9.925,0.9008,30.0,100.0,-70.0,33.7923,-0.227,45.2226,49.3931,37.3533,12.6535,37.5363,12.7154,325.3101,301.1891,277.0681,295.8792,295.949,319.511,13.3347,10.049,3.6612,756371.0519,114056897.0,308.8999,0.3314,0.9015,1,17.8035,19.3523,-1.0437,-7.2744,90.77,95.74,3.1,12986.60681818182,3133.982727272727,169.2505145833334,203.8978238392856,14.78590909090909,363.9104545454545,179.496919568949
2026-03-09,271.81,274.33,266.81,274.33,1866733,VMC,306.85,308.51,273.87,274.99,6795155,301.83,331.09,294.72,310.0,26053764,2166000000,7932800000,1081000000,16700400000,8151500000,8548900000,183300000,4361700000,0,5590100000,1813000000,677700000,-529200000,-1695200000,259800000,1078100000,7.99,23852.994,70279.0,4.13,3.64,326.785,2.94952520485207,582400.0,294485.0,4.4,157286,297.6019,292.6737,290.7222,282.1288,276.0874,299.3446,303.678,301.3484,302.205,-6.0448,-1.5956,-4.4492,14.6791,15.909,21.4747,14.6791,25.9437,0.0,-0.0,-85.4647,26.2894,-8.2788,-2.7065,-35.872,0.3351,-143.8579,-59.5869,-11.5641,0.8844,20.0,100.0,-80.0,23.4204,-0.3242,50.0385,55.7882,41.1053,11.6655,40.3245,11.4439,325.6451,297.6019,269.5587,295.8093,292.6781,315.8182,7.6597,9.8101,3.576,1058865.0768,112190164.0,305.947,-0.3604,0.4047,1,17.4369,-21.1278,-4.2071,-11.2162,94.65,94.35,3.25,12986.60681818182,3133.982727272727,169.2505145833334,203.8978238392856,14.78590909090909,363.9104545454545,179.496919568949
2026-03-10,273.5,275.13,269.99,272.0,1217143,VMC,306.85,308.51,273.87,274.99,6795155,301.83,331.09,294.72,310.0,26053764,2166000000,7932800000,1081000000,16700400000,8151500000,8548900000,183300000,4361700000,0,5590100000,1813000000,677700000,-529200000,-1695200000,259800000,1078100000,7.99,23852.994,70279.0,4.13,3.64,326.785,2.94952520485207,582400.0,294485.0,4.4,157286,293.073,288.9149,286.0673,277.2117,271.3212,294.5855,293.4739,299.881,298.5692,-7.4114,-2.7587,-4.6527,13.906,14.0162,17.01,13.906,24.8169,0.0,-0.0,-89.9683,28.9763,-10.0726,-3.3227,-45.2886,-0.2918,-106.7251,-49.2582,-14.2736,0.8573,10.0,90.0,-80.0,21.6839,-0.4198,48.18,53.1583,38.8439,11.8799,36.2921,11.0995,321.5605,293.073,264.5856,290.7067,292.6781,310.9174,5.14,9.3431,3.4349,1001965.8857,110973021.0,302.8021,-0.5268,0.2285,1,17.021,-31.7889,-8.0233,-11.627,83.71,89.84,3.08,12986.60681818182,3133.982727272727,169.2505145833334,203.8978238392856,14.78590909090909,363.9104545454545,179.496919568949
2026-03-11,270.44,271.18,265.95,266.6,1348244,VMC,306.85,308.51,273.87,274.99,6795155,301.83,331.09,294.72,310.0,26053764,2166000000,7932800000,1081000000,16700400000,8151500000,8548900000,183300000,4361700000,0,5590100000,1813000000,677700000,-529200000,-1695200000,259800000,1078100000,7.99,23852.994,70279.0,4.13,3.64,326.785,2.94952520485207,582400.0,294485.0,4.4,157286,289.2378,284.8576,281.254,271.9628,266.1682,289.4609,285.2553,298.2169,294.4873,-8.8285,-3.9727,-4.8558,13.6315,14.0722,2.4097,13.6315,22.3206,0.0,-0.0,-98.5629,31.7998,-10.7506,-3.5837,-38.352,-0.7342,-101.3764,-53.506,-12.5764,0.8742,0.0,100.0,-100.0,21.9817,-0.5149,44.5265,57.2113,40.7188,11.0826,36.7029,9.9896,320.4882,289.2378,257.9875,288.0067,288.5651,306.5067,6.05,9.0137,3.381,565245.909,109624777.0,299.4185,-0.5311,0.2236,1,16.6091,-32.0816,-12.0872,-11.6782,86.8,90.98,3.15,12986.60681818182,3133.982727272727,169.2505145833334,203.8978238392856,14.78590909090909,363.9104545454545,179.496919568949
2026-03-12,263.12,267.81,255.0,263.81,2890120,VMC,306.85,308.51,273.87,274.99,6795155,301.83,331.09,294.72,310.0,26053764,2166000000,7932800000,1081000000,16700400000,8151500000,8548900000,183300000,4361700000,0,5590100000,1813000000,677700000,-529200000,-1695200000,259800000,1078100000,7.99,23852.994,70279.0,4.13,3.64,326.785,2.94952520485207,582400.0,294485.0,4.4,157286,284.7783,281.0308,276.6308,267.3494,261.9648,283.8915,276.4543,296.4966,290.0876,-10.0606,-5.1903,-4.8704,17.2836,14.9404,32.4313,17.2836,21.102,0.0,-0.0,-84.3183,35.2254,-12.4419,-4.1861,-44.5954,0.0539,-104.0828,-62.8673,-14.46,0.8554,10.0,100.0,-90.0,19.6942,-0.6048,47.0731,66.056,46.823,9.5712,43.9826,8.9906,316.5384,284.7783,253.0181,286.6117,283.0901,301.6399,12.81,9.3934,3.5607,680494.2735,106734657.0,296.3559,-0.3859,0.3795,1,16.2727,-22.6979,-16.3019,-11.1067,95.61,102.38,3.27,12986.60681818182,3133.982727272727,169.2505145833334,203.8978238392856,14.78590909090909,363.9104545454545,179.496919568949
2026-03-13,265.32,269.32,263.36,265.42,2019080,VMC,271.81,275.13,255.0,265.42,9341320,301.83,331.09,294.72,310.0,26053764,2166000000,7932800000,1081000000,16700400000,8151500000,8548900000,183300000,4361700000,0,5590100000,1813000000,677700000,-529200000,-1695200000,259800000,1078100000,7.99,23852.994,70279.0,4.13,3.64,326.785,2.94952520485207,582400.0,294485.0,4.4,157286,280.3789,278.1925,273.1111,264.6763,260.406,278.7444,272.1357,294.9427,285.6048,-10.7829,-6.3088,-4.4741,28.8682,19.9278,51.7635,28.8682,23.7704,55.1124,18.3708,-80.3123,37.7987,-14.0467,-4.7709,-43.9935,0.0168,-73.5504,-39.1076,-14.2184,0.8578,0.0,90.0,-90.0,19.4209,-0.6781,44.9845,60.9581,43.7394,10.6094,39.5843,9.6015,309.3346,280.3789,251.4233,284.7153,281.4632,295.1103,5.96,9.05,3.4097,467442.7187,108753737.0,293.6719,-0.2061,0.5462,1,16.068,-11.8941,-21.3743,-5.0734,98.48,103.23,3.2,12986.60681818182,3133.982727272727,169.2505145833334,203.8978238392856,14.78590909090909,363.9104545454545,179.496919568949
2026-03-16,269.4,271.09,265.485,265.95,1160589,VMC,271.81,275.13,255.0,265.42,9341320,301.83,331.09,294.72,310.0,26053764,2166000000,7932800000,1081000000,16700400000,8151500000,8548900000,183300000,4361700000,0,5590100000,1813000000,677700000,-529200000,-1695200000,259800000,1078100000,7.99,23852.994,70279.0,4.13,3.64,326.785,2.94952520485207,582400.0,294485.0,4.4,157286,276.4119,275.9666,270.4877,263.0867,260.1134,274.4827,269.8489,293.4931,281.2598,-11.1837,-7.2838,-3.8999,46.1971,30.783,54.3964,46.1971,24.7019,96.9026,50.6717,-76.6165,39.4958,-14.9597,-5.1342,-39.6707,-0.6155,-58.6126,-33.6029,-12.9804,0.8702,0.0,80.0,-80.0,26.623,-0.7315,41.9028,54.7698,40.8928,11.9506,35.6259,10.4114,300.9862,276.4119,251.8375,281.6212,278.4139,289.4948,5.67,8.712,3.2758,29784.0245,109914326.0,291.1486,-0.0177,0.6945,1,16.0419,-1.0152,-20.6384,6.0575,93.39,101.04,3.03,12986.60681818182,3133.982727272727,169.2505145833334,203.8978238392856,14.78590909090909,363.9104545454545,179.496919568949
2026-03-17,268.55,269.74,264.225,265.46,747759,VMC,271.81,275.13,255.0,265.42,9341320,301.83,331.09,294.72,310.0,26053764,2166000000,7932800000,1081000000,16700400000,8151500000,8548900000,183300000,4361700000,0,5590100000,1813000000,677700000,-529200000,-1695200000,259800000,1078100000,7.99,23852.994,70279.0,4.13,3.64,326.785,2.94952520485207,582400.0,294485.0,4.4,157286,273.0146,274.0563,268.4964,261.9553,260.1598,271.0461,268.2726,292.0914,277.2075,-11.4093,-8.1089,-3.3004,56.9359,44.0004,64.6477,56.9359,24.3956,91.4934,81.1695,-75.2844,41.1567,-16.5476,-5.7147,-33.9724,-0.5603,-58.7364,-35.2899,-11.3456,0.8865,0.0,70.0,-70.0,27.4126,-0.7666,46.6574,56.1046,39.7069,11.1652,33.3233,9.3702,292.8573,273.0146,253.1719,279.615,276.1607,284.6656,5.515,8.3923,3.1614,-283330.5404,109166567.0,288.5887,0.1492,0.8047,1,16.2377,8.5826,-15.5227,9.3479,93.39,101.04,3.03,12986.60681818182,3133.982727272727,169.2505145833334,203.8978238392856,14.78590909090909,363.9104545454545,179.496919568949
2026-03-18,263.74,263.74,257.41,257.86,1354868,VMC,271.81,275.13,255.0,265.42,9341320,301.83,331.09,294.72,310.0,26053764,2166000000,7932800000,1081000000,16700400000,8151500000,8548900000,183300000,4361700000,0,5590100000,1813000000,677700000,-529200000,-1695200000,259800000,1078100000,7.99,23852.994,70279.0,4.13,3.64,326.785,2.94952520485207,582400.0,294485.0,4.4,157286,269.2586,271.1115,265.741,258.8013,257.1611,268.2325,264.4604,290.3799,273.3782,-12.0623,-8.8996,-3.1627,45.6064,49.5798,17.775,45.6064,20.1012,0.0,62.7987,-92.4588,43.3127,-18.2569,-6.3499,-37.56,-0.9289,-117.1229,-43.862,-12.7141,0.8729,0.0,60.0,-60.0,27.6313,-0.7998,36.9259,62.7172,44.0363,10.0899,36.806,8.4332,284.3705,269.2586,254.1468,272.2733,273.9624,280.5124,8.05,8.3581,3.2413,-755466.8668,107811699.0,286.3738,0.2097,0.8397,1,16.6496,12.1074,-12.8727,8.2197,93.39,101.04,3.03,12986.60681818182,3133.982727272727,169.2505145833334,203.8978238392856,14.78590909090909,363.9104545454545,179.496919568949
2026-03-19,254.15,257.42,252.35,257.02,1060498,VMC,271.81,275.13,255.0,265.42,9341320,301.83,331.09,294.72,310.0,26053764,2166000000,7932800000,1081000000,16700400000,8151500000,8548900000,183300000,4361700000,0,5590100000,1813000000,677700000,-529200000,-1695200000,259800000,1078100000,7.99,23852.994,70279.0,4.13,3.64,326.785,2.94952520485207,582400.0,294485.0,4.4,157286,266.292,268.5494,263.5158,256.3812,255.1554,266.1533,261.8639,288.7119,269.7705,-12.5035,-9.6203,-2.8831,35.7809,46.1077,24.92,35.7809,19.6758,0.0,30.4978,-84.3368,45.6653,-18.9607,-6.647,-29.6666,0.5661,-158.8233,-49.3925,-10.3481,0.8965,0.0,100.0,-100.0,29.0957,-0.8268,39.6187,66.8384,47.2984,9.4012,38.1854,7.5899,277.763,266.292,254.821,265.7449,267.2576,276.9407,5.51,8.0733,3.1411,-595747.1368,106751201.0,283.6584,0.3062,0.8897,1,17.2073,17.8296,-10.4399,9.5341,93.39,101.04,3.03,12986.60681818182,3133.982727272727,169.2505145833334,203.8978238392856,14.78590909090909,363.9104545454545,179.496919568949
2026-03-20,257.85,259.49,254.85,258.4,2709042,VMC,269.4,271.09,252.35,258.4,7032756,301.83,331.09,294.72,310.0,26053764,2166000000,7932800000,1081000000,16700400000,8151500000,8548900000,183300000,4361700000,0,5590100000,1813000000,677700000,-529200000,-1695200000,259800000,1078100000,7.99,23852.994,70279.0,4.13,3.64,326.785,2.94952520485207,582400.0,294485.0,4.4,157286,264.685,266.7041,262.0809,255.2384,254.8103,264.6027,261.055,287.1963,266.4606,-12.5965,-10.2156,-2.3809,24.993,35.4601,32.2839,24.993,22.6631,59.4359,19.812,-73.4416,46.9844,-18.252,-6.4509,-16.0697,0.1185,-99.8946,-41.7275,-5.8548,0.9415,0.0,90.0,-90.0,43.392,-0.841,43.733,58.8566,44.4593,11.5148,34.3668,8.9009,275.6128,264.685,253.7572,265.675,263.74,273.0061,4.64,7.73,2.9915,-19256.8097,109460243.0,281.4879,0.3385,0.9047,1,17.9069,19.786,-6.9994,9.0222,93.39,101.04,3.03,12986.60681818182,3133.982727272727,169.2505145833334,203.8978238392856,14.78590909090909,363.9104545454545,179.496919568949
2026-03-23,264.78,267.08,261.65,263.75,1312015,VMC,264.78,267.08,261.65,263.75,1312015,306.85,308.51,252.35,263.75,24481246,2166000000,7932800000,1081000000,16700400000,8151500000,8548900000,183300000,4361700000,0,5590100000,1813000000,677700000,-529200000,-1695200000,259800000,1078100000,7.99,23852.994,70279.0,4.13,3.64,326.785,2.94952520485207,582400.0,294485.0,4.4,157286,263.627,266.167,261.9109,256.3465,257.3423,263.2803,261.2808,286.024,263.6343,-12.0991,-10.5923,-1.5068,40.9196,33.8978,65.5549,40.9196,33.3417,100.0,53.1453,-49.9561,45.5804,-16.9874,-6.0537,-10.58,-0.1897,3.3518,-22.701,-3.8567,0.9614,10.0,80.0,-70.0,53.3898,-0.8311,41.8756,32.9444,39.5275,19.9372,30.9302,15.6008,272.4632,263.627,254.7908,264.51,263.74,269.7012,8.68,7.825,2.9668,123768.1534,110772258.0,279.9092,0.3751,0.9207,1,18.7777,22.0307,-4.0578,6.3915,93.39,101.04,3.03,12986.60681818182,3133.982727272727,169.2505145833334,203.8978238392856,14.78590909090909,363.9104545454545,179.496919568949
