Unnamed: 0,open,high,low,close,volume,ticker,weekly_prices_open,weekly_prices_high,weekly_prices_low,weekly_prices_close,weekly_prices_volume,monthly_prices_open,monthly_prices_high,monthly_prices_low,monthly_prices_close,monthly_prices_volume,gdp,gdp_per_capita,treasury_yield,federal_funds_rate,cpi,inflation,retail_sales,durables,unemployment,nonfarm_payrolls,sma,ema,wma,dema,tema,trima,kama,mama,t3,macd,macd_signal,macd_hist,stoch_slowk,stoch_slowd,stochf_fastk,stochf_fastd,rsi,stochrsi_fastk,stochrsi_fastd,willr,adx,adxr,apo,ppo,mom,cci,cmo,roc,rocr,aroon_up,aroon_down,aroon_oscillator,mfi,trix,ultosc,dx,minus_di,plus_di,minus_dm,plus_dm,bbands_upper,bbands_middle,bbands_lower,midpoint,midprice,sar,trange,atr,natr,adosc,obv,ht_trendline,ht_sine,ht_leadsine,ht_trendmode,ht_dcperiod,ht_dcphase,ht_inphase,ht_quadrature,crude_oil_price,brent_oil_price,natural_gas_price,copper_price,aluminum_price,wheat_price,corn_price,sugar_price,coffee_price,commodities_index
2025-07-03,480.89,486.549,480.36,485.0,3443318,BRK.B,485.9,491.09,478.62,485.0,21310844,501.7,503.23,481.7201,485.77,95967438,23358.435,69499.0,4.39,4.33,323.048,2.94952520485207,643820.0,284621.0,4.2,159210,486.39,486.2068,485.7562,483.9418,484.614,486.573,493.5398,497.8022,484.4392,-4.8244,-5.3798,0.5554,38.4009,31.7418,51.1628,38.4009,43.8933,63.8641,54.6214,-66.6302,24.8815,34.7042,-1.385,-0.2839,-0.14,-83.1454,-25.4603,-0.0289,0.9997,30.0,90.0,-60.0,59.2258,-0.1326,39.0078,15.0514,22.8721,16.8877,15.1771,11.206,492.855,486.39,479.925,486.98,488.1796,497.3567,6.189,6.6356,1.3682,-2339181.1819,759302642.0,494.287,0.3907,0.9272,1,32.7971,23.0008,-2.6569,-12.5746,68.13,70.42,3.24,9835.0680952381,2525.95904761905,173.194763481667,195.719077321429,16.2261904761905,363.162380952381,165.786567246984
2025-07-07,484.42,486.08,476.8,478.03,4674351,BRK.B,485.9,491.09,478.62,485.0,21310844,501.7,503.23,481.7201,485.77,95967438,23358.435,69499.0,4.39,4.33,323.048,2.94952520485207,643820.0,284621.0,4.2,159210,485.708,484.7201,484.2362,481.6505,481.5422,485.9573,493.1341,496.8136,484.0988,-5.1622,-5.3363,0.1741,24.8953,30.0248,8.6074,24.8953,36.2775,1.7822,21.8821,-94.1258,25.006,34.6916,-1.5315,-0.3143,-6.82,-155.6158,-35.5119,-1.4066,0.9859,20.0,100.0,-80.0,47.5197,-0.1339,39.6699,26.127,24.9554,14.6165,17.2194,10.0854,493.8898,485.708,477.5262,485.755,487.2696,496.982,9.28,6.9001,1.4434,-3016916.9755,754628291.0,493.9619,0.4237,0.9401,1,33.4887,25.0679,-3.0336,-5.7383,69.16,71.95,3.24,9835.0680952381,2525.95904761905,173.194763481667,195.719077321429,16.2261904761905,363.162380952381,165.786567246984
2025-07-08,477.35,480.0,473.58,477.47,4116180,BRK.B,485.9,491.09,478.62,485.0,21310844,501.7,503.23,481.7201,485.77,95967438,23358.435,69499.0,4.39,4.33,323.048,2.94952520485207,643820.0,284621.0,4.2,159210,484.678,483.4019,482.7384,479.8119,479.2975,485.0373,492.3757,495.8464,483.5628,-5.4127,-5.3516,-0.0611,27.3287,30.2083,22.2159,27.3287,35.7241,0.0,21.8821,-83.8984,25.9739,32.9788,-1.7585,-0.3615,-10.3,-162.9025,-43.2084,-2.1117,0.9789,10.0,100.0,-90.0,39.294,-0.1393,41.9934,34.6852,27.3165,13.247,18.7174,9.0769,494.0665,484.678,475.2895,485.475,485.6596,496.1747,6.42,6.852,1.4351,-2742464.4591,750512111.0,493.2907,0.4363,0.9448,1,33.1922,25.8654,-4.0562,2.8319,69.55,72.5,3.2,9835.0680952381,2525.95904761905,173.194763481667,195.719077321429,16.2261904761905,363.162380952381,165.786567246984
2025-07-09,477.0,479.4902,475.83,478.91,3367397,BRK.B,485.9,491.09,478.62,485.0,21310844,501.7,503.23,481.7201,485.77,95967438,23358.435,69499.0,4.39,4.33,323.048,2.94952520485207,643820.0,284621.0,4.2,159210,483.221,482.5852,481.6896,478.9797,478.5462,483.8273,491.0742,495.5077,482.8922,-5.4324,-5.3677,-0.0646,21.1409,24.455,32.5994,21.1409,38.4083,32.8573,11.5465,-76.2266,26.8451,31.8518,-2.4945,-0.5136,-14.57,-113.6323,-31.0639,-2.9525,0.9705,0.0,90.0,-90.0,36.9146,-0.1438,46.564,34.6852,25.7861,12.5048,16.8457,8.1692,491.0931,483.221,475.3489,483.54,484.79,494.819,3.6602,6.5329,1.3641,-1649111.0175,753879508.0,492.2302,0.4515,0.9502,1,32.2836,26.8419,0.3308,-0.2058,69.61,71.98,3.08,9835.0680952381,2525.95904761905,173.194763481667,195.719077321429,16.2261904761905,363.162380952381,165.786567246984
2025-07-10,477.87,478.5499,475.5,478.27,4576635,BRK.B,485.9,491.09,478.62,485.0,21310844,501.7,503.23,481.7201,485.77,95967438,23358.435,69499.0,4.39,4.33,323.048,2.94952520485207,643820.0,284621.0,4.2,159210,482.427,481.8006,480.7895,478.2087,477.8652,482.6727,490.3998,495.1629,482.1354,-5.4369,-5.3816,-0.0554,30.3261,26.2652,36.1632,30.3261,37.6322,23.3574,18.7383,-73.2153,27.7234,31.1822,-2.6455,-0.5454,-7.94,-97.9493,-32.0036,-1.633,0.9837,0.0,80.0,-80.0,36.7571,-0.1475,47.6363,35.6288,24.903,11.8193,15.4911,7.3523,490.5313,482.427,474.3227,483.54,482.335,493.5447,3.41,6.2206,1.3006,137009.6457,749302873.0,491.0038,0.4764,0.9586,1,31.012,28.4494,-3.4272,-13.7329,67.78,70.38,3.11,9835.0680952381,2525.95904761905,173.194763481667,195.719077321429,16.2261904761905,363.162380952381,165.786567246984
2025-07-11,476.25,476.85,471.3971,475.86,4416578,BRK.B,484.42,486.08,471.3971,475.86,21151141,501.7,503.23,481.7201,485.77,95967438,23358.435,69499.0,4.39,4.33,323.048,2.94952520485207,643820.0,284621.0,4.2,159210,481.508,480.7205,479.5955,476.898,476.4281,481.4043,489.5086,494.1978,481.2879,-5.5708,-5.4194,-0.1514,33.0526,28.1732,30.3952,33.0526,34.6988,0.0,18.7383,-77.3375,29.5849,30.7635,-2.9505,-0.609,-9.19,-113.6426,-42.7789,-1.8947,0.9811,30.0,100.0,-70.0,36.6785,-0.1525,46.6997,46.3379,28.7074,10.527,18.0449,6.6171,490.2716,481.508,472.7444,482.735,481.2436,492.3468,6.8729,6.2858,1.3209,1750246.0773,744886295.0,489.632,0.4242,0.9403,1,29.5408,25.0992,-6.7913,-6.3143,69.63,72.06,3.22,9835.0680952381,2525.95904761905,173.194763481667,195.719077321429,16.2261904761905,363.162380952381,165.786567246984
2025-07-14,474.32,478.13,473.46,476.31,4294742,BRK.B,484.42,486.08,471.3971,475.86,21151141,501.7,503.23,481.7201,485.77,95967438,23358.435,69499.0,4.39,4.33,323.048,2.94952520485207,643820.0,284621.0,4.2,159210,480.571,479.9186,478.6504,476.135,475.7824,480.0803,488.6687,493.84,480.3917,-5.5763,-5.4508,-0.1255,41.222,34.8669,57.1075,41.222,35.738,28.0162,17.1245,-75.0524,30.4623,30.1585,-3.186,-0.6586,-9.37,-78.019,-31.1667,-1.9293,0.9807,20.0,90.0,-70.0,34.0358,-0.1563,51.7207,38.359,26.5183,11.8143,16.2404,7.2354,489.3536,480.571,471.7884,482.735,481.2436,490.6708,4.67,6.1242,1.2858,2552485.8932,749181037.0,487.9218,0.0659,0.7522,1,28.0011,3.7798,-7.1457,-6.9486,68.19,70.96,3.21,9835.0680952381,2525.95904761905,173.194763481667,195.719077321429,16.2261904761905,363.162380952381,165.786567246984
2025-07-15,475.3,475.72,470.0,470.13,4482349,BRK.B,484.42,486.08,471.3971,475.86,21151141,501.7,503.23,481.7201,485.77,95967438,23358.435,69499.0,4.39,4.33,323.048,2.94952520485207,643820.0,284621.0,4.2,159210,479.007,478.1388,476.752,473.587,472.67,478.7667,486.7093,492.6545,479.3484,-6.0101,-5.5626,-0.4474,29.6242,34.6329,1.3698,29.6242,28.7549,0.0,9.3387,-99.3836,32.1194,29.6533,-3.8795,-0.8034,-15.64,-123.3843,-40.2264,-3.2196,0.9678,10.0,100.0,-90.0,35.5951,-0.1658,43.7684,47.033,29.4269,10.6007,18.0764,6.5118,489.0141,479.007,468.9999,479.87,480.545,489.1289,6.31,6.1428,1.3066,1287256.1437,744698688.0,486.3594,-0.221,0.5334,1,26.6132,-12.7661,-10.8925,1.0208,67.76,70.27,3.31,9835.0680952381,2525.95904761905,173.194763481667,195.719077321429,16.2261904761905,363.162380952381,165.786567246984
2025-07-16,471.2,472.9186,468.88,471.31,3796913,BRK.B,484.42,486.08,471.3971,475.86,21151141,501.7,503.23,481.7201,485.77,95967438,23358.435,69499.0,4.39,4.33,323.048,2.94952520485207,643820.0,284621.0,4.2,159210,477.177,476.8972,475.3525,472.1571,471.2528,477.4763,484.323,491.5873,478.1893,-6.1873,-5.6876,-0.4997,27.8689,32.905,25.1295,27.8689,31.5908,31.945,19.9871,-88.4561,33.8659,29.9198,-4.7635,-0.9884,-18.3,-130.9553,-42.9281,-3.7377,0.9626,0.0,100.0,-100.0,25.391,-0.1753,51.4695,49.5846,29.3115,9.8791,17.3887,5.8606,485.2687,477.177,469.0853,477.565,479.405,487.216,4.0386,5.9324,1.2587,898352.8474,748495601.0,484.8566,-0.3282,0.4359,1,25.1984,-19.1599,-6.3193,10.5012,67.13,69.67,3.42,9835.0680952381,2525.95904761905,173.194763481667,195.719077321429,16.2261904761905,363.162380952381,165.786567246984
2025-07-17,470.065,474.1499,467.65,473.4,4040026,BRK.B,484.42,486.08,471.3971,475.86,21151141,501.7,503.23,481.7201,485.77,95967438,23358.435,69499.0,4.39,4.33,323.048,2.94952520485207,643820.0,284621.0,4.2,159210,476.469,476.2614,474.6658,471.8629,471.4024,476.3803,483.7663,491.2236,477.0205,-6.0889,-5.7678,-0.3211,27.1219,28.205,54.8664,27.1219,36.5603,100.0,43.9817,-69.5751,34.6064,29.7439,-4.9675,-1.0318,-7.08,-95.1941,-45.9113,-1.4735,0.9853,0.0,100.0,-100.0,36.8305,-0.1803,55.8059,41.2714,26.1304,10.8628,15.6499,6.5059,484.5196,476.469,468.4184,477.565,477.0995,485.0157,6.4999,5.9891,1.2651,1646440.1456,752535627.0,483.6103,-0.3314,0.4328,1,23.9074,-19.3526,-3.6078,3.2983,68.76,71.32,3.52,9835.0680952381,2525.95904761905,173.194763481667,195.719077321429,16.2261904761905,363.162380952381,165.786567246984
2025-07-18,474.0,478.6404,473.5,473.8,4015838,BRK.B,474.32,478.6404,467.65,473.8,20629868,501.7,503.23,481.7201,485.77,95967438,23358.435,69499.0,4.39,4.33,323.048,2.94952520485207,643820.0,284621.0,4.2,159210,475.349,475.8139,474.1805,471.8489,471.827,475.2893,482.4264,490.8751,475.9249,-5.9105,-5.7964,-0.1141,45.318,33.4363,55.9579,45.318,37.5254,100.0,77.315,-66.6305,32.6763,28.8411,-5.5205,-1.148,-11.2,-1.1191,-14.3303,-2.3093,0.9769,0.0,90.0,-90.0,37.6011,-0.1808,49.6198,15.3049,23.8151,17.4929,14.0849,10.3458,481.1398,475.349,469.5582,474.52,476.865,482.5845,5.2404,5.9143,1.2483,674176.8772,756551465.0,482.557,-0.2519,0.5062,1,22.7632,-14.5876,-3.9717,0.9988,68.53,71.06,3.5,9835.0680952381,2525.95904761905,173.194763481667,195.719077321429,16.2261904761905,363.162380952381,165.786567246984
2025-07-21,473.035,478.35,472.0,474.41,3791273,BRK.B,474.32,478.6404,467.65,473.8,20629868,501.7,503.23,481.7201,485.77,95967438,23358.435,69499.0,4.39,4.33,323.048,2.94952520485207,643820.0,284621.0,4.2,159210,474.987,475.5586,474.0098,472.1057,472.5067,474.4397,482.1022,490.5458,474.9655,-5.6547,-5.7681,0.1133,57.4442,43.2947,61.5082,57.4442,39.0954,100.0,100.0,-45.2632,31.48,28.727,-5.3605,-1.116,-3.62,3.5386,-19.3062,-0.7573,0.9924,0.0,80.0,-80.0,38.4619,-0.177,46.4567,20.7138,23.7945,15.6285,14.1764,9.3112,480.5085,474.987,469.4655,474.52,473.825,480.4937,6.35,5.9578,1.2558,-75511.2113,760342738.0,481.6281,-0.1079,0.6267,1,21.9723,-6.1957,-3.5189,-1.3665,68.39,71.92,3.5,9835.0680952381,2525.95904761905,173.194763481667,195.719077321429,16.2261904761905,363.162380952381,165.786567246984
2025-07-22,475.5,483.14,475.0,478.13,4521531,BRK.B,474.32,478.6404,467.65,473.8,20629868,501.7,503.23,481.7201,485.77,95967438,23358.435,69499.0,4.39,4.33,323.048,2.94952520485207,643820.0,284621.0,4.2,159210,475.053,476.0261,474.5813,473.5836,474.7383,473.914,482.0733,490.2975,474.2571,-5.0932,-5.6331,0.5399,61.7076,54.8232,67.6566,61.7076,47.9571,100.0,100.0,-32.3434,28.4907,27.6679,-4.8125,-1.0029,0.66,118.3982,-5.6675,0.1382,1.0014,100.0,70.0,30.0,49.101,-0.1656,43.3698,1.5864,20.4629,21.1227,12.7587,13.1701,480.7058,475.053,469.4002,474.52,475.395,467.65,8.73,6.2351,1.304,-707609.574,764864269.0,480.978,0.055,0.7449,1,21.7881,3.1509,-5.7412,-2.8661,67.56,69.69,3.16,9835.0680952381,2525.95904761905,173.194763481667,195.719077321429,16.2261904761905,363.162380952381,165.786567246984
2025-07-23,480.25,484.45,479.2,482.63,4385559,BRK.B,474.32,478.6404,467.65,473.8,20629868,501.7,503.23,481.7201,485.77,95967438,23358.435,69499.0,4.39,4.33,323.048,2.94952520485207,643820.0,284621.0,4.2,159210,475.425,477.2268,475.9589,476.2108,478.3227,474.0103,482.0885,489.9141,473.9319,-4.2361,-5.3537,1.1175,72.7771,63.9763,89.1667,72.7771,56.4701,100.0,100.0,-10.8333,26.3233,27.0234,-3.898,-0.8132,3.72,176.0221,10.286,0.7768,1.0078,100.0,60.0,40.0,50.3767,-0.1442,46.4978,6.8174,18.3916,21.0827,11.4829,13.1631,482.3831,475.425,468.4669,476.38,476.05,467.9598,6.32,6.2435,1.2937,-473942.883,769249828.0,480.5872,0.2564,0.8648,0,21.9568,14.8572,-6.5657,5.2967,66.05,69.17,3.08,9835.0680952381,2525.95904761905,173.194763481667,195.719077321429,16.2261904761905,363.162380952381,165.786567246984
2025-07-24,482.67,486.17,480.6,480.6,5044836,BRK.B,474.32,478.6404,467.65,473.8,20629868,501.7,503.23,481.7201,485.77,95967438,23358.435,69499.0,4.39,4.33,323.048,2.94952520485207,643820.0,284621.0,4.2,159210,475.658,477.8401,476.8998,477.5106,479.8002,474.6,482.0656,489.4484,473.9489,-3.6784,-5.0186,1.3403,72.5049,68.9966,60.6916,72.5049,52.191,77.4124,92.4708,-30.0756,25.0433,27.3141,-3.3845,-0.7065,2.33,139.3422,15.0369,0.4872,1.0049,100.0,50.0,50.0,61.7083,-0.1209,44.7773,13.523,16.7329,21.9662,10.3346,13.5668,483.1194,475.658,468.1966,476.38,476.91,468.6194,5.57,6.1762,1.2851,-1940441.3382,764204992.0,480.2822,0.4542,0.9511,0,22.1826,27.0165,-2.5602,10.5768,67.16,70.42,3.13,9835.0680952381,2525.95904761905,173.194763481667,195.719077321429,16.2261904761905,363.162380952381,165.786567246984
2025-07-25,481.67,484.93,479.6601,484.07,4220504,BRK.B,473.035,486.17,472.0,484.07,21963703,501.7,503.23,481.7201,485.77,95967438,23358.435,69499.0,4.39,4.33,323.048,2.94952520485207,643820.0,284621.0,4.2,159210,476.479,478.9728,478.4293,479.63,482.3106,475.6943,482.2066,489.3408,474.3199,-2.9226,-4.5994,1.6768,78.3461,74.5427,85.18,78.3461,58.2061,100.0,92.4708,-11.3391,23.416,26.9392,-2.5145,-0.525,8.21,106.3908,10.6653,1.7253,1.0173,90.0,40.0,50.0,71.9187,-0.0935,48.6521,8.7705,16.8284,20.064,10.241,12.2101,485.4937,476.479,467.4643,477.1,476.91,469.6724,5.2699,6.0856,1.2572,-1459375.3547,768425496.0,480.2028,0.5766,0.9855,1,22.6533,35.2146,0.2527,9.7616,66.38,69.23,3.1,9835.0680952381,2525.95904761905,173.194763481667,195.719077321429,16.2261904761905,363.162380952381,165.786567246984
2025-07-28,484.35,486.8963,481.1001,481.7,3626059,BRK.B,473.035,486.17,472.0,484.07,21963703,501.7,503.23,481.7201,485.77,95967438,23358.435,69499.0,4.39,4.33,323.048,2.94952520485207,643820.0,284621.0,4.2,159210,477.018,479.4687,479.3785,480.412,482.8394,477.1003,482.189,488.9588,474.9339,-2.4863,-4.1768,1.6905,67.3972,72.7494,56.32,67.3972,53.133,50.5013,75.9712,-26.999,22.7605,27.4399,-1.7765,-0.371,5.39,86.8594,16.0933,1.1316,1.0113,100.0,30.0,70.0,71.5092,-0.0687,40.9945,16.8609,15.2179,21.3904,9.2169,12.9554,486.5571,477.018,467.4789,477.1,477.2732,470.6623,5.7962,6.0566,1.2573,-2044828.4287,764799437.0,480.2053,0.6756,0.999,1,23.5936,42.5018,2.6085,9.9469,67.81,70.87,3.12,9835.0680952381,2525.95904761905,173.194763481667,195.719077321429,16.2261904761905,363.162380952381,165.786567246984
2025-07-29,482.57,485.0001,476.28,476.56,4193187,BRK.B,473.035,486.17,472.0,484.07,21963703,501.7,503.23,481.7201,485.77,95967438,23358.435,69499.0,4.39,4.33,323.048,2.94952520485207,643820.0,284621.0,4.2,159210,477.661,478.9398,479.2953,479.279,480.7707,478.5173,481.9256,488.3388,475.5746,-2.5261,-3.8467,1.3205,48.0458,64.5964,2.6375,48.0458,43.9105,0.0,50.1671,-53.7054,21.0719,27.4689,-0.673,-0.1407,6.43,18.7866,-5.3057,1.3677,1.0137,90.0,20.0,70.0,71.8889,-0.0534,37.4375,5.8748,20.7423,18.4404,13.1153,11.6598,486.0543,477.661,469.2677,477.69,477.2732,471.961,8.7201,6.323,1.3268,-3346953.0085,760606250.0,479.9446,0.7897,0.9922,1,24.4221,52.1535,5.2861,10.5671,70.27,73.21,3.08,9835.0680952381,2525.95904761905,173.194763481667,195.719077321429,16.2261904761905,363.162380952381,165.786567246984
2025-07-30,475.13,479.41,473.88,476.0,3802960,BRK.B,473.035,486.17,472.0,484.07,21963703,501.7,503.23,481.7201,485.77,95967438,23358.435,69499.0,4.39,4.33,323.048,2.94952520485207,643820.0,284621.0,4.2,159210,478.13,478.4053,478.9933,478.2455,479.0577,479.4467,481.7379,487.7219,476.12,-2.5732,-3.592,1.0188,25.0816,46.8415,16.2873,25.0816,43.0069,0.0,16.8338,-56.615,20.4669,27.5367,0.4765,0.0998,4.69,-46.2217,-14.0687,0.9951,1.01,80.0,10.0,70.0,71.8046,-0.045,36.839,15.0214,22.7491,16.8072,14.2038,10.4939,485.5149,478.13,470.7451,478.735,477.2732,473.1558,5.53,6.2437,1.3117,-3857639.9135,756803290.0,479.7062,0.8367,0.9789,1,24.967,56.7919,8.6012,4.7458,71.09,73.98,2.98,9835.0680952381,2525.95904761905,173.194763481667,195.719077321429,16.2261904761905,363.162380952381,165.786567246984
2025-07-31,472.61,477.7,471.88,471.88,6315340,BRK.B,473.035,486.17,472.0,484.07,21963703,485.78,491.09,467.65,471.88,96608776,23358.435,69499.0,4.39,4.33,323.048,2.94952520485207,643820.0,284621.0,4.2,159210,477.978,477.2189,477.8569,476.1174,476.0115,479.708,481.6422,486.9298,476.427,-2.9094,-3.4555,0.546,6.3082,26.4785,0.0,6.3082,36.8137,0.0,0.0,-100.0,20.6238,26.6501,0.7545,0.1581,-1.52,-110.6938,-20.8506,-0.3211,0.9968,70.0,0.0,70.0,59.0303,-0.0461,31.6512,22.0364,23.8392,15.2298,14.7834,9.4445,485.7959,477.978,470.1601,477.975,479.3882,486.8963,5.82,6.2013,1.3142,-5725289.1098,750487950.0,479.2995,0.9048,0.9409,1,25.3552,64.8015,7.9981,-4.9111,70.36,73.43,2.99,9835.0680952381,2525.95904761905,173.194763481667,195.719077321429,16.2261904761905,363.162380952381,165.786567246984
2025-08-01,473.47,475.96,470.62,472.84,5287484,BRK.B,484.35,486.8963,470.62,472.84,23225030,485.78,491.09,467.65,471.88,96608776,23358.435,69499.0,4.26,4.33,323.976,2.94952520485207,641483.0,312347.0,4.3,159410,477.882,476.4227,476.9227,474.8701,474.4143,479.355,481.5778,486.2253,476.4887,-3.0631,-3.377,0.3139,9.9756,13.7885,13.6395,9.9756,39.0848,13.9165,4.6388,-86.3605,21.191,26.3355,1.2665,0.2657,-0.96,-112.3804,-24.9944,-0.2026,0.998,60.0,100.0,-40.0,48.5822,-0.0509,28.3723,26.2954,23.8179,13.8999,14.5651,8.5,485.9232,477.882,469.8408,477.975,478.7582,486.596,5.34,6.1152,1.2933,-6252393.9947,755775434.0,478.8332,0.9579,0.8804,0,25.3564,73.3073,6.2873,-9.2414,68.39,70.55,3.0,9835.0680952381,2525.95904761905,173.194763481667,195.719077321429,16.2261904761905,363.162380952381,165.786567246984
2025-08-04,468.05,468.87,455.185,459.11,10874265,BRK.B,484.35,486.8963,470.62,472.84,23225030,485.78,491.09,467.65,471.88,96608776,23358.435,69499.0,4.26,4.33,323.976,2.94952520485207,641483.0,312347.0,4.3,159410,476.352,473.275,473.5096,469.4292,467.1801,477.9067,479.6695,484.8696,476.0195,-4.2439,-3.5504,-0.6935,8.9346,8.4062,13.1645,8.9346,24.8763,0.0,4.6388,-87.6227,24.8446,26.6676,0.6825,0.1435,-15.3,-218.4151,-56.2033,-3.2251,0.9677,50.0,100.0,-50.0,42.2961,-0.0741,29.2098,57.7272,39.2667,10.5239,28.5436,7.65,490.1878,476.352,462.5162,471.59,471.0406,485.9569,17.655,7.2692,1.5833,-7374897.7428,744901169.0,478.1327,0.9852,0.8179,1,24.805,80.1213,3.7392,-18.9295,67.33,69.56,2.89,9835.0680952381,2525.95904761905,173.194763481667,195.719077321429,16.2261904761905,363.162380952381,165.786567246984
2025-08-05,460.6,467.5762,460.38,464.19,6780711,BRK.B,484.35,486.8963,470.62,472.84,23225030,485.78,491.09,467.65,471.88,96608776,23358.435,69499.0,4.26,4.33,323.976,2.94952520485207,641483.0,312347.0,4.3,159410,474.958,471.6232,471.2984,467.1251,464.7513,475.803,478.5861,484.456,475.1085,-4.7154,-3.7834,-0.932,21.3254,13.4119,37.1723,21.3254,34.6437,53.8726,22.5964,-71.6032,28.1329,27.2281,-0.0475,-0.01,-13.94,-125.5646,-35.1702,-2.9155,0.9708,40.0,90.0,-50.0,44.4909,-0.0986,29.8337,57.7272,34.7675,9.3181,25.6892,6.885,490.5001,474.958,459.4159,471.59,471.0406,484.1106,8.4662,7.3889,1.5918,-7036598.7272,751681880.0,477.0939,0.8989,0.3257,1,23.9196,115.9898,-3.9722,-19.1267,66.2,69.14,2.98,9835.0680952381,2525.95904761905,173.194763481667,195.719077321429,16.2261904761905,363.162380952381,165.786567246984
2025-08-06,465.0,469.55,463.0,468.91,4557081,BRK.B,484.35,486.8963,470.62,472.84,23225030,485.78,491.09,467.65,471.88,96608776,23358.435,69499.0,4.26,4.33,323.976,2.94952520485207,641483.0,312347.0,4.3,159410,473.586,471.1299,470.1987,467.046,465.4427,473.5153,477.93,483.6787,473.9932,-4.6545,-3.9576,-0.6969,37.0987,22.4529,60.9594,37.0987,42.3781,100.0,51.2909,-56.7189,30.0974,27.5703,-0.9195,-0.1938,-13.72,-73.737,-25.6866,-2.8428,0.9716,30.0,80.0,-50.0,44.5223,-0.1153,35.2193,47.7778,31.65,11.1846,23.1203,8.1703,488.5899,473.586,458.5821,471.59,471.0406,482.3751,6.55,7.305,1.5579,-5091887.4962,756238961.0,476.0489,-0.9771,-0.8414,1,22.9492,257.7096,-7.5879,-12.214,65.38,67.97,3.02,9835.0680952381,2525.95904761905,173.194763481667,195.719077321429,16.2261904761905,363.162380952381,165.786567246984
2025-08-07,469.2,472.7,461.37,461.47,5755747,BRK.B,484.35,486.8963,470.62,472.84,23225030,485.78,491.09,467.65,471.88,96608776,23358.435,69499.0,4.26,4.33,323.976,2.94952520485207,641483.0,312347.0,4.3,159410,471.673,469.3735,467.9958,464.5952,462.7152,471.1017,476.3831,482.5682,472.658,-5.1473,-4.1956,-0.9518,42.7948,33.7397,30.2527,42.7948,35.1025,58.4298,70.7674,-80.1806,30.3787,26.8974,-1.9925,-0.4207,-19.13,-75.0565,-29.1241,-3.9804,0.9602,20.0,70.0,-50.0,34.7712,-0.1348,33.3005,32.9111,26.9975,13.6274,20.8083,10.5033,487.4692,471.673,455.8768,471.59,471.0406,480.7437,11.33,7.7075,1.6702,-5632471.1192,750483214.0,475.0439,-0.9871,-0.5849,1,22.1014,279.2008,-10.4545,-6.251,64.9,66.99,3.05,9835.0680952381,2525.95904761905,173.194763481667,195.719077321429,16.2261904761905,363.162380952381,165.786567246984
2025-08-08,462.94,465.83,462.55,465.4,3330571,BRK.B,468.05,472.7,455.185,465.4,31298375,485.78,491.09,467.65,471.88,96608776,23358.435,69499.0,4.26,4.33,323.976,2.94952520485207,641483.0,312347.0,4.3,159410,469.806,468.6511,466.8553,464.1504,462.8394,468.7307,475.4046,481.7098,471.2504,-5.1613,-4.3887,-0.7726,49.8445,43.246,58.3214,49.8445,41.0432,92.3729,83.6009,-67.7875,30.632,26.6962,-3.3365,-0.7052,-18.67,-64.7122,-24.4921,-3.8569,0.9614,10.0,60.0,-50.0,27.4714,-0.1486,36.0992,32.9111,25.4009,12.8215,18.7274,9.453,483.5843,469.806,456.0277,470.405,471.0406,479.2102,4.36,7.3727,1.5842,-4559704.2854,753813785.0,474.1264,-0.9006,-0.3294,1,21.2803,295.7657,-9.9071,-2.5095,64.94,67.17,3.03,9835.0680952381,2525.95904761905,173.194763481667,195.719077321429,16.2261904761905,363.162380952381,165.786567246984
2025-08-11,466.46,468.494,463.504,464.73,3712076,BRK.B,468.05,472.7,455.185,465.4,31298375,485.78,491.09,467.65,471.88,96608776,23358.435,69499.0,4.26,4.33,323.976,2.94952520485207,641483.0,312347.0,4.3,159410,468.109,467.9381,465.9324,463.6725,462.7921,466.9213,474.5377,480.8608,469.8595,-5.1668,-4.5443,-0.6225,41.2942,44.6445,35.3084,41.2942,40.3436,73.6963,74.833,-67.986,29.5965,25.3342,-4.4545,-0.9426,-16.97,-43.3197,-20.6057,-3.5229,0.9648,0.0,50.0,-50.0,27.4034,-0.1579,36.9729,20.2774,23.6243,15.6587,16.8547,11.1717,479.6,468.109,456.618,467.835,470.0926,477.7686,4.99,7.1345,1.5352,-4307062.0458,750101709.0,473.3275,-0.73,-0.033,1,20.419,313.1107,-12.5728,-2.8251,65.03,67.36,3.05,9835.0680952381,2525.95904761905,173.194763481667,195.719077321429,16.2261904761905,363.162380952381,165.786567246984
2025-08-12,465.53,472.4726,465.06,470.39,3771514,BRK.B,468.05,472.7,455.185,465.4,31298375,485.78,491.09,467.65,471.88,96608776,23358.435,69499.0,4.26,4.33,323.976,2.94952520485207,641483.0,312347.0,4.3,159410,467.492,468.3839,466.3471,465.2586,465.4713,466.0717,474.4519,480.3373,468.6829,-4.6607,-4.5676,-0.0931,57.7472,49.6286,79.6117,57.7472,48.5715,100.0,88.6898,-37.2343,27.0259,23.7464,-5.0845,-1.0759,-6.17,20.6898,-14.1478,-1.2947,0.9871,0.0,40.0,-40.0,34.6539,-0.156,39.9172,3.8905,21.0822,19.5032,15.1692,14.0331,477.6916,467.492,457.2924,467.555,467.2975,476.4136,7.7426,7.1953,1.5296,-3286435.1221,753873223.0,472.8653,-0.5222,0.2338,0,19.5266,-31.4817,-13.0983,11.4235,64.22,66.8,2.93,9835.0680952381,2525.95904761905,173.194763481667,195.719077321429,16.2261904761905,363.162380952381,165.786567246984
2025-08-13,471.7,479.6,471.5,477.31,4629437,BRK.B,468.05,472.7,455.185,465.4,31298375,485.78,491.09,467.65,471.88,96608776,23358.435,69499.0,4.26,4.33,323.976,2.94952520485207,641483.0,312347.0,4.3,159410,467.623,470.0069,468.1322,468.7776,470.503,465.9143,474.4699,480.1859,467.9597,-3.6591,-4.3859,0.7268,67.4528,55.4981,87.4383,67.4528,56.6866,100.0,91.2321,-9.3795,26.1506,23.3872,-5.2535,-1.111,1.31,132.935,8.4062,0.2752,1.0028,100.0,30.0,70.0,42.6983,-0.1383,48.637,18.2729,18.4572,26.7106,13.6523,19.7572,478.2798,467.623,456.9662,468.21,467.3925,455.185,9.21,7.3967,1.5497,-1930019.4127,758502660.0,472.7524,-0.0906,0.6402,0,18.713,-5.196,-3.8798,12.9475,63.68,66.25,2.95,9835.0680952381,2525.95904761905,173.194763481667,195.719077321429,16.2261904761905,363.162380952381,165.786567246984
2025-08-14,478.345,479.22,474.42,479.22,4187144,BRK.B,468.05,472.7,455.185,465.4,31298375,485.78,491.09,467.65,471.88,96608776,23358.435,69499.0,4.26,4.33,323.976,2.94952520485207,641483.0,312347.0,4.3,159410,468.357,471.682,470.2407,472.0468,474.7627,466.585,474.5784,480.1666,467.7833,-2.6803,-4.0448,1.3645,88.2737,71.1579,97.7713,88.2737,58.6859,100.0,100.0,-1.5564,25.3628,23.2769,-4.8105,-1.0167,7.34,135.7871,16.6983,1.5555,1.0156,90.0,20.0,70.0,52.5035,-0.1102,51.2267,18.2729,17.2158,24.9142,12.2871,17.7815,480.9252,468.357,455.7888,469.165,467.3925,455.6733,4.8,7.1371,1.4893,132607.324,762689804.0,472.8517,0.4267,0.9412,0,18.0968,25.2603,-3.0538,5.4791,64.99,68.12,2.78,9835.0680952381,2525.95904761905,173.194763481667,195.719077321429,16.2261904761905,363.162380952381,165.786567246984
2025-08-15,482.35,482.48,476.29,477.2,5229761,BRK.B,466.46,482.48,463.504,477.2,21529932,485.78,491.09,467.65,471.88,96608776,23358.435,69499.0,4.26,4.33,323.976,2.94952520485207,641483.0,312347.0,4.3,159410,468.793,472.6852,471.8485,473.8046,476.644,467.996,474.613,480.0183,468.0664,-2.044,-3.6446,1.6006,85.795,80.5072,72.1754,85.795,55.6665,83.5385,94.5128,-19.3442,25.5325,25.1886,-4.5445,-0.9601,4.36,124.7141,21.7398,0.9221,1.0092,100.0,10.0,90.0,62.6269,-0.0807,45.4162,27.0597,15.7026,27.3535,11.0584,19.2633,482.2258,468.793,455.3602,469.165,468.8325,456.1518,6.19,7.0424,1.4758,-210402.8989,757460043.0,472.9511,0.7279,0.9996,0,17.6359,46.7139,-1.3843,9.0381,63.78,67.3,2.98,9835.0680952381,2525.95904761905,173.194763481667,195.719077321429,16.2261904761905,363.162380952381,165.786567246984
2025-08-18,477.97,479.0,474.66,478.52,3911272,BRK.B,466.46,482.48,463.504,477.2,21529932,485.78,491.09,467.65,471.88,96608776,23358.435,69499.0,4.26,4.33,323.976,2.94952520485207,641483.0,312347.0,4.3,159410,470.734,473.7461,473.6171,475.5299,478.3967,470.1147,475.117,479.9883,468.7263,-1.4169,-3.1991,1.7822,82.4047,85.4911,77.2675,82.4047,57.263,85.932,89.8235,-17.9186,24.9691,26.551,-2.809,-0.5932,19.41,82.6273,14.9992,4.2277,1.0423,90.0,0.0,90.0,71.761,-0.0509,56.7536,19.8982,17.1032,25.6005,11.5825,17.337,483.6069,470.734,457.8611,470.345,471.43,457.205,4.34,6.7721,1.4152,637617.7691,761371315.0,472.7305,0.9681,0.8617,0,17.2791,75.4888,1.8842,7.9278,64.51,68.18,2.96,9835.0680952381,2525.95904761905,173.194763481667,195.719077321429,16.2261904761905,363.162380952381,165.786567246984
2025-08-19,479.77,485.8999,479.77,485.31,4726408,BRK.B,466.46,482.48,463.504,477.2,21529932,485.78,491.09,467.65,471.88,96608776,23358.435,69499.0,4.26,4.33,323.976,2.94952520485207,641483.0,312347.0,4.3,159410,472.846,475.8486,476.2673,479.0284,482.5161,472.5433,476.5264,480.2544,469.8155,-0.3678,-2.6328,2.265,81.7821,83.3273,95.9034,81.7821,64.5578,100.0,89.8235,-2.4048,26.1405,28.1189,-1.056,-0.2228,21.12,120.369,28.7424,4.5499,1.0455,100.0,0.0,100.0,70.5876,-0.0145,59.1,36.6834,15.256,32.9336,10.4243,22.5032,487.5335,472.846,458.1585,473.39,473.635,458.216,7.3799,6.8329,1.4079,2140985.1412,766097723.0,472.5643,0.993,0.6189,1,17.0262,96.7676,3.7633,9.7029,63.38,66.62,2.87,9835.0680952381,2525.95904761905,173.194763481667,195.719077321429,16.2261904761905,363.162380952381,165.786567246984
2025-08-20,487.0,492.2178,485.829,488.68,4779763,BRK.B,466.46,482.48,463.504,477.2,21529932,485.78,491.09,467.65,471.88,96608776,23358.435,69499.0,4.26,4.33,323.976,2.94952520485207,641483.0,312347.0,4.3,159410,474.823,478.1816,479.1462,482.692,486.6343,475.1443,478.1182,480.6757,471.3478,0.7272,-1.9608,2.688,84.4311,82.8726,80.1223,84.4311,67.607,100.0,95.3107,-11.4686,28.3075,29.3431,0.6185,0.1304,19.77,138.6349,41.2557,4.2162,1.0422,100.0,10.0,90.0,70.8801,0.0267,60.827,47.8099,13.7154,38.8439,9.3818,26.5708,491.9746,474.823,457.6714,475.075,476.7939,459.877,6.9078,6.8404,1.3998,2397873.4803,770877486.0,472.6076,0.8833,0.2931,1,16.8618,117.9559,9.385,8.8859,64.19,67.61,2.8,9835.0680952381,2525.95904761905,173.194763481667,195.719077321429,16.2261904761905,363.162380952381,165.786567246984
2025-08-21,487.24,489.049,483.68,488.59,3082174,BRK.B,466.46,482.48,463.504,477.2,21529932,485.78,491.09,467.65,471.88,96608776,23358.435,69499.0,4.26,4.33,323.976,2.94952520485207,641483.0,312347.0,4.3,159410,477.535,480.074,481.6493,485.3127,489.1341,477.7777,481.4518,481.0714,473.2283,1.5696,-1.2548,2.8243,85.1212,83.7781,79.338,85.1212,67.4348,98.5582,99.5194,-12.2281,29.3372,29.9846,2.931,0.6176,27.12,106.4588,32.1129,5.8769,1.0588,90.0,0.0,90.0,75.1022,0.0666,62.8433,38.6046,15.8259,35.728,10.5927,23.9137,493.9438,477.535,461.1262,476.705,477.3839,462.4643,5.369,6.6933,1.3699,3097987.1914,767795312.0,472.9596,0.6819,-0.035,1,16.7787,137.0079,11.2248,-0.0147,64.56,68.41,2.88,9835.0680952381,2525.95904761905,173.194763481667,195.719077321429,16.2261904761905,363.162380952381,165.786567246984
2025-08-22,491.5,493.14,486.57,489.0,4205084,BRK.B,477.97,493.14,474.66,489.0,20704701,485.78,491.09,467.65,471.88,96608776,23358.435,69499.0,4.26,4.33,323.976,2.94952520485207,641483.0,312347.0,4.3,159410,479.895,481.6969,483.7338,487.311,490.7446,480.2127,483.7506,481.4678,475.3339,2.2444,-0.5549,2.7993,79.0192,82.8572,77.5974,79.0192,67.8492,100.0,99.5194,-13.9695,30.9786,30.2875,5.0445,1.0623,23.6,107.1057,38.0996,5.0709,1.0507,100.0,0.0,100.0,83.3698,0.1023,60.8038,45.7509,14.2696,38.338,9.5334,25.6133,495.4078,479.895,464.3822,476.865,478.322,464.8445,6.57,6.6809,1.3662,2754520.4455,772000396.0,473.5672,0.4481,-0.3153,1,16.811,153.3808,8.5777,-4.7203,64.08,68.29,2.76,9835.0680952381,2525.95904761905,173.194763481667,195.719077321429,16.2261904761905,363.162380952381,165.786567246984
2025-08-25,489.01,489.02,481.83,486.18,3935117,BRK.B,477.97,493.14,474.66,489.0,20704701,485.78,491.09,467.65,471.88,96608776,23358.435,69499.0,4.26,4.33,323.976,2.94952520485207,641483.0,312347.0,4.3,159410,482.04,482.512,484.8765,487.7722,490.2921,482.5097,484.3034,481.5621,477.4682,2.5226,0.0606,2.462,68.2928,77.4778,47.9432,68.2928,61.8358,0.0,66.1861,-24.7863,30.5564,28.7911,6.9655,1.4662,21.45,51.045,18.9788,4.6156,1.0462,90.0,0.0,90.0,74.1678,0.1285,58.2364,26.7566,19.7867,34.2432,13.3201,23.052,494.1252,482.04,469.9548,479.695,479.1,467.6741,7.19,6.7318,1.3846,2626555.1501,768065279.0,474.3157,0.2126,-0.5406,1,16.9011,167.7228,5.8075,-2.2589,65.18,.,2.76,9835.0680952381,2525.95904761905,173.194763481667,195.719077321429,16.2261904761905,363.162380952381,165.786567246984
2025-08-26,485.02,492.79,484.5267,492.21,8217481,BRK.B,477.97,493.14,474.66,489.0,20704701,485.78,491.09,467.65,471.88,96608776,23358.435,69499.0,4.26,4.33,323.976,2.94952520485207,641483.0,312347.0,4.3,159410,484.222,484.2753,486.7256,490.0218,492.4813,484.577,486.1195,481.775,479.6397,3.1928,0.687,2.5058,72.4392,73.2504,91.7772,72.4392,68.4743,100.0,66.6667,-4.2976,30.9328,28.5417,8.365,1.7579,21.82,88.6027,25.4994,4.6387,1.0464,80.0,0.0,80.0,76.7349,0.1539,65.3966,34.3208,17.4119,35.6091,11.9881,24.5168,494.9033,484.222,473.5407,484.705,482.32,470.2207,8.2633,6.885,1.3988,4583036.6709,776282760.0,475.2475,0.0004,-0.7068,1,17.0292,179.9792,6.6399,2.2227,63.6,66.89,2.82,9835.0680952381,2525.95904761905,173.194763481667,195.719077321429,16.2261904761905,363.162380952381,165.786567246984
2025-08-27,491.08,497.21,490.6,495.72,4385918,BRK.B,477.97,493.14,474.66,489.0,20704701,485.78,491.09,467.65,471.88,96608776,23358.435,69499.0,4.26,4.33,323.976,2.94952520485207,641483.0,312347.0,4.3,159410,486.063,486.3562,488.8162,492.7603,495.3108,486.3817,488.1214,482.4723,481.8843,3.9616,1.3419,2.6196,76.6775,72.4699,90.3121,76.6775,71.6623,100.0,66.6667,-6.538,32.0504,28.7066,9.22,1.9336,18.41,128.8117,37.9879,3.857,1.0386,100.0,0.0,100.0,76.6986,0.1802,67.7306,42.109,15.7335,38.6222,10.7892,26.4851,497.652,486.063,474.474,486.46,485.815,472.5126,6.61,6.8575,1.3833,5733150.2541,780668678.0,476.6955,-0.1261,-0.7906,1,17.2663,187.2443,8.7729,0.4231,64.49,67.75,2.88,9835.0680952381,2525.95904761905,173.194763481667,195.719077321429,16.2261904761905,363.162380952381,165.786567246984
2025-08-28,498.03,500.14,496.07,499.86,4530429,BRK.B,477.97,493.14,474.66,489.0,20704701,485.78,491.09,467.65,471.88,96608776,23358.435,69499.0,4.26,4.33,323.976,2.94952520485207,641483.0,312347.0,4.3,159410,488.127,488.8114,491.3247,496.06,498.8377,488.183,490.7366,483.3417,484.2563,4.8489,2.0433,2.8056,93.52,80.8789,98.4708,93.52,74.9784,100.0,100.0,-1.0989,33.5213,29.5269,9.885,2.0669,20.64,153.4979,46.8962,4.307,1.0431,100.0,0.0,100.0,76.9624,0.2087,67.3171,46.7591,14.6821,40.4712,9.7103,26.7666,501.3435,488.127,474.9105,488.53,487.4,475.4763,4.42,6.6137,1.3231,6925616.8391,785199107.0,478.1301,-0.1392,-0.7986,1,17.6746,187.9991,8.002,-3.352,64.96,68.61,2.9,9835.0680952381,2525.95904761905,173.194763481667,195.719077321429,16.2261904761905,363.162380952381,165.786567246984
2025-08-29,500.85,506.72,500.85,502.98,4663613,BRK.B,489.01,506.72,481.83,502.98,25732558,473.47,506.72,455.185,502.98,104553050,23358.435,69499.0,4.26,4.33,323.976,2.94952520485207,641483.0,312347.0,4.3,159410,490.705,491.3875,494.0253,499.4259,502.3448,490.138,494.5183,484.3236,486.7831,5.7378,2.7822,2.9556,91.2523,87.1499,84.9739,91.2523,77.2114,100.0,100.0,-11.6656,35.734,30.3516,10.956,2.2837,25.78,167.9239,53.3966,5.4023,1.054,100.0,10.0,90.0,76.8055,0.2385,67.257,55.6485,13.1648,46.2011,8.7393,30.6699,504.4373,490.705,476.9727,490.75,490.69,478.9292,6.86,6.6384,1.3198,6376850.7672,789862720.0,479.8942,-0.1774,-0.8213,1,18.2666,190.2194,6.1274,-5.688,64.36,67.83,2.88,9835.0680952381,2525.95904761905,173.194763481667,195.719077321429,16.2261904761905,363.162380952381,165.786567246984
2025-09-02,504.24,505.9,497.62,501.14,4977844,BRK.B,489.01,506.72,481.83,502.98,25732558,473.47,506.72,455.185,502.98,104553050,23358.435,69499.0,4.26,4.33,323.976,2.94952520485207,641483.0,312347.0,4.3,159410,492.967,493.1607,495.9225,501.1884,503.5677,492.1983,496.0989,485.1644,489.356,6.2221,3.4702,2.7519,86.1006,90.291,74.8573,86.1006,72.9456,51.1768,83.7256,-20.705,36.4263,31.2834,11.1165,2.307,22.62,106.1147,40.4852,4.7271,1.0473,90.0,0.0,90.0,74.7388,0.2625,62.2665,42.6571,16.3106,40.5775,11.0954,27.6029,505.307,492.967,480.627,494.145,493.245,483.3757,8.28,6.8025,1.3574,5335445.5064,784884876.0,481.4024,-0.165,-0.8141,1,19.0389,189.496,2.8035,-3.3739,65.95,68.09,2.7,9835.0680952381,2525.95904761905,173.194763481667,195.719077321429,16.2261904761905,363.162380952381,165.786567246984
2025-09-03,499.55,502.11,496.59,501.49,3193209,BRK.B,489.01,506.72,481.83,502.98,25732558,473.47,506.72,455.185,502.98,104553050,23358.435,69499.0,4.26,4.33,323.976,2.94952520485207,641483.0,312347.0,4.3,159410,494.585,494.6751,497.4722,502.4823,504.2486,494.3127,497.1613,485.4909,491.8743,6.5585,4.0879,2.4706,75.7957,84.3829,67.5558,75.7957,73.2579,28.7543,59.9771,-21.0125,36.6396,32.4736,10.8695,2.2471,16.18,71.2875,36.4168,3.334,1.0333,80.0,0.0,80.0,66.9386,0.28,66.5681,38.5594,16.5049,37.2215,11.0158,24.8427,506.7262,494.585,482.4438,494.58,494.275,487.1108,5.52,6.6743,1.3309,5212160.0148,788078085.0,482.6327,-0.1586,-0.8103,1,20.2071,189.1242,3.0502,5.9637,64.36,67.76,3.0,9835.0680952381,2525.95904761905,173.194763481667,195.719077321429,16.2261904761905,363.162380952381,165.786567246984
2025-09-04,502.9,507.38,501.26,506.91,2976722,BRK.B,489.01,506.72,481.83,502.98,25732558,473.47,506.72,455.185,502.98,104553050,23358.435,69499.0,4.26,4.33,323.976,2.94952520485207,641483.0,312347.0,4.3,159410,496.408,496.8996,499.7131,505.1074,506.8803,496.57,499.2275,486.5619,494.3761,7.1797,4.7062,2.4734,79.4192,80.4385,95.8444,79.4192,77.6888,100.0,59.9771,-1.8395,37.6941,33.5156,10.7925,2.2224,18.23,102.8563,44.512,3.7305,1.0373,100.0,30.0,70.0,65.6792,0.2974,69.1494,47.1841,14.9788,41.742,9.9142,27.6284,509.859,496.408,482.957,496.545,494.605,490.2483,6.12,6.6188,1.3057,5489555.5604,791054807.0,483.3996,-0.1137,-0.7829,1,21.7349,186.5303,7.1439,9.3348,63.81,66.41,3.11,9835.0680952381,2525.95904761905,173.194763481667,195.719077321429,16.2261904761905,363.162380952381,165.786567246984
2025-09-05,506.0,507.661,497.75,499.77,4222890,BRK.B,504.24,507.661,496.59,499.77,15370665,473.47,506.72,455.185,502.98,104553050,23358.435,69499.0,4.26,4.33,323.976,2.94952520485207,641483.0,312347.0,4.3,159410,497.526,497.4215,500.3244,504.5639,505.1429,498.5897,499.2636,487.2223,496.6593,7.015,5.168,1.847,64.0413,73.0854,28.7237,64.0413,62.5251,0.0,42.9181,-30.5486,37.258,34.1183,9.9955,2.0502,11.18,54.8319,30.6236,2.2882,1.0229,100.0,20.0,80.0,63.876,0.3024,60.4258,33.3332,17.8939,35.7877,12.4328,24.8655,510.0161,497.526,485.0359,496.545,494.7455,493.332,9.911,6.9481,1.3903,4308046.1476,786831917.0,483.5906,-0.075,-0.7581,1,23.5781,184.3002,9.6915,6.8576,62.22,64.92,3.05,9835.0680952381,2525.95904761905,173.194763481667,195.719077321429,16.2261904761905,363.162380952381,165.786567246984
2025-09-08,499.0,499.65,493.46,493.78,5146322,BRK.B,504.24,507.661,496.59,499.77,15370665,473.47,506.72,455.185,502.98,104553050,23358.435,69499.0,4.26,4.33,323.976,2.94952520485207,641483.0,312347.0,4.3,159410,498.004,496.7594,499.6433,502.0615,501.0295,499.927,499.1624,487.5502,498.4809,6.3281,5.4,0.9281,42.2738,61.9114,2.2534,42.2738,52.9003,0.0,33.3333,-53.7378,35.3546,32.9555,9.0545,1.8518,4.78,-26.8997,15.5436,0.9775,1.0098,90.0,10.0,80.0,53.5496,0.291,53.5065,18.2243,22.4854,32.5075,15.4795,22.379,509.4768,498.004,486.5312,496.545,494.7455,507.661,6.31,6.8843,1.3942,1964896.5633,781685595.0,483.6002,-0.0328,-0.7299,1,25.7146,181.878,11.698,0.5833,62.6,65.44,3.1,9835.0680952381,2525.95904761905,173.194763481667,195.719077321429,16.2261904761905,363.162380952381,165.786567246984
2025-09-09,492.45,496.85,491.7201,492.72,3748686,BRK.B,504.24,507.661,496.59,499.77,15370665,473.47,506.72,455.185,502.98,104553050,23358.435,69499.0,4.26,4.33,323.976,2.94952520485207,641483.0,312347.0,4.3,159410,498.658,496.025,498.6825,499.7621,497.6374,500.5177,498.9837,487.8086,499.7421,5.6334,5.4467,0.1867,12.4165,39.5772,6.2725,12.4165,51.3462,0.0,0.0,-64.5838,33.0672,32.0,8.309,1.6945,6.54,-77.8964,9.8298,1.3452,1.0135,80.0,0.0,80.0,53.6903,0.2685,47.9412,12.4806,23.3595,30.0218,15.6715,20.1411,507.8862,498.658,489.4298,499.56,496.0938,507.661,5.1299,6.7088,1.3616,99922.3429,777936909.0,483.504,-0.0053,-0.7108,1,28.1378,180.3025,9.7475,-12.3412,62.97,67.97,3.12,9835.0680952381,2525.95904761905,173.194763481667,195.719077321429,16.2261904761905,363.162380952381,165.786567246984
2025-09-10,490.0,491.7,486.2701,490.08,5561592,BRK.B,504.24,507.661,496.59,499.77,15370665,473.47,506.72,455.185,502.98,104553050,23358.435,69499.0,4.26,4.33,323.976,2.94952520485207,641483.0,312347.0,4.3,159410,498.445,494.9441,497.1229,497.1174,494.0994,500.2293,498.893,487.9222,500.3966,4.8142,5.3202,-0.506,8.7789,21.1564,17.8108,8.7789,47.4857,0.0,0.0,-82.1892,30.1393,31.0949,7.1115,1.4474,-2.13,-148.2799,-6.2974,-0.4327,0.9957,70.0,0.0,70.0,38.3065,0.2372,49.4416,3.7879,29.2601,27.1243,19.5543,18.127,508.3334,498.445,488.5566,498.495,496.9656,507.0234,6.4499,6.6829,1.3636,41580.0991,772375317.0,483.4284,0.0124,-0.6983,1,30.149,179.2868,5.1614,-14.0965,64.01,67.62,2.89,9835.0680952381,2525.95904761905,173.194763481667,195.719077321429,16.2261904761905,363.162380952381,165.786567246984
2025-09-11,489.33,497.24,489.03,496.91,3669007,BRK.B,504.24,507.661,496.59,499.77,15370665,473.47,506.72,455.185,502.98,104553050,23358.435,69499.0,4.26,4.33,323.976,2.94952520485207,641483.0,312347.0,4.3,159410,498.564,495.3015,496.8438,497.3721,494.8188,499.2983,498.8793,488.3716,500.6613,4.6624,5.1886,-0.5262,24.6079,15.2678,49.7403,24.6079,56.8184,62.055,20.685,-50.2597,28.204,30.8626,6.2505,1.2696,1.19,-65.2201,1.8148,0.2401,1.0024,60.0,90.0,-30.0,37.2765,0.2107,55.4017,10.7859,25.7458,31.9711,17.5989,21.8543,508.3465,498.564,488.7815,498.495,496.9656,505.7782,8.21,6.8356,1.3756,1087496.201,776044324.0,483.5768,-0.0498,-0.7414,1,31.3349,182.8518,5.0568,-16.1799,62.71,67.25,2.81,9835.0680952381,2525.95904761905,173.194763481667,195.719077321429,16.2261904761905,363.162380952381,165.786567246984
2025-09-12,495.745,497.6256,493.34,493.74,2951721,BRK.B,499.0,499.65,486.2701,493.74,21077328,473.47,506.72,455.185,502.98,104553050,23358.435,69499.0,4.26,4.33,323.976,2.94952520485207,641483.0,312347.0,4.3,159410,497.952,495.0176,495.9667,496.4794,493.8923,497.7933,498.7434,488.64,500.6071,4.2375,4.9984,-0.7609,41.1268,24.8379,55.8293,41.1268,52.0482,48.8878,36.981,-65.0791,26.558,31.146,4.9125,0.9964,-6.12,-47.0606,13.2963,-1.2243,0.9878,50.0,80.0,-30.0,34.8289,0.1842,50.7698,11.7443,24.0691,30.475,15.839,20.0545,508.0927,497.952,487.8113,498.495,496.9656,504.6077,4.2856,6.5806,1.3328,652642.7378,773092603.0,483.9231,-0.1935,-0.8306,1,31.3946,191.1574,0.4266,-35.0196,63.02,67.87,2.86,9835.0680952381,2525.95904761905,173.194763481667,195.719077321429,16.2261904761905,363.162380952381,165.786567246984
2025-09-15,493.6,495.27,489.5,491.54,3629775,BRK.B,499.0,499.65,486.2701,493.74,21077328,473.47,506.72,455.185,502.98,104553050,23358.435,69499.0,4.26,4.33,323.976,2.94952520485207,641483.0,312347.0,4.3,159410,496.808,494.3853,494.8009,495.064,492.3066,496.2167,498.284,488.698,500.26,3.6808,4.7349,-1.0541,50.6593,38.798,46.4083,50.6593,48.8836,14.9785,41.9738,-75.3638,23.9149,30.1706,3.0515,0.618,-11.44,-75.3987,1.5417,-2.2744,0.9773,40.0,70.0,-30.0,24.0125,0.156,45.9135,0.1275,27.8405,27.7696,18.0951,18.049,507.0028,496.808,486.6132,498.495,496.9656,503.5074,5.77,6.4996,1.3223,77145.0555,769462828.0,484.4332,-0.3294,-0.9006,1,30.8257,199.2326,-10.711,-27.3968,63.66,67.88,3.0,9835.0680952381,2525.95904761905,173.194763481667,195.719077321429,16.2261904761905,363.162380952381,165.786567246984
2025-09-16,491.27,491.92,487.2,490.99,4069971,BRK.B,499.0,499.65,486.2701,493.74,21077328,473.47,506.72,455.185,502.98,104553050,23358.435,69499.0,4.26,4.33,323.976,2.94952520485207,641483.0,312347.0,4.3,159410,495.793,493.768,493.7431,493.8182,491.0479,494.889,497.8729,488.8126,499.6667,3.1588,4.4197,-1.2609,47.9342,46.5734,41.5649,47.9342,48.0717,6.2789,23.3817,-77.935,22.1957,29.4177,1.413,0.2858,-10.15,-95.4637,-5.0166,-2.0254,0.9797,30.0,60.0,-30.0,24.6342,0.1278,50.4414,6.7227,29.4001,25.6962,18.5856,16.2441,506.0811,495.793,485.5049,498.495,496.9656,502.4732,4.72,6.3216,1.2875,619377.6109,765392857.0,485.0157,-0.4528,-0.9506,1,31.0977,206.9244,-14.0336,-6.912,64.89,69.69,3.07,9835.0680952381,2525.95904761905,173.194763481667,195.719077321429,16.2261904761905,363.162380952381,165.786567246984
2025-09-17,490.935,495.99,490.3001,492.33,5060688,BRK.B,499.0,499.65,486.2701,493.74,21077328,473.47,506.72,455.185,502.98,104553050,23358.435,69499.0,4.26,4.33,323.976,2.94952520485207,641483.0,312347.0,4.3,159410,494.877,493.5065,493.1135,493.3337,490.8846,493.917,497.6136,488.9885,498.9255,2.8207,4.0999,-1.2792,45.7263,48.1066,49.2058,45.7263,50.306,25.5448,15.6007,-71.6707,20.5303,29.1122,0.146,0.0295,-9.16,-40.3165,4.2455,-1.8266,0.9817,20.0,50.0,-30.0,35.8348,0.103,52.8517,5.5416,26.7272,29.8632,16.727,18.6897,504.588,494.877,485.166,498.495,496.9656,501.501,5.6899,6.2584,1.2712,323581.1938,770453545.0,485.4594,-0.501,-0.9662,1,31.9204,210.0669,-14.2437,12.461,64.41,69.19,3.19,9835.0680952381,2525.95904761905,173.194763481667,195.719077321429,16.2261904761905,363.162380952381,165.786567246984
2025-09-18,489.64,494.88,488.0,490.5,4058878,BRK.B,499.0,499.65,486.2701,493.74,21077328,473.47,506.72,455.185,502.98,104553050,23358.435,69499.0,4.26,4.33,323.976,2.94952520485207,641483.0,312347.0,4.3,159410,493.236,492.9599,492.3176,492.3712,490.0272,493.1117,496.6595,489.0641,498.0707,2.3777,3.7554,-1.3777,40.8078,44.8228,31.6529,40.8078,47.2228,0.0,10.6079,-80.2257,18.6334,27.9457,-1.586,-0.3205,-16.41,-65.9003,-2.8202,-3.2373,0.9676,10.0,40.0,-30.0,27.7556,0.0794,52.5034,1.5617,27.457,26.6126,17.3544,16.8207,499.0047,493.236,487.4673,494.925,496.9656,500.5871,6.88,6.3206,1.2886,-179742.18,766394667.0,486.0952,-0.5997,-0.9899,1,31.74,216.8469,-6.2013,27.8235,63.91,67.83,3.1,9835.0680952381,2525.95904761905,173.194763481667,195.719077321429,16.2261904761905,363.162380952381,165.786567246984
2025-09-19,491.87,494.5,488.88,492.85,7356280,BRK.B,493.6,495.99,487.2,492.85,24175592,473.47,506.72,455.185,502.98,104553050,23358.435,69499.0,4.26,4.33,323.976,2.94952520485207,641483.0,312347.0,4.3,159410,492.544,492.9399,492.2475,492.4419,490.5983,492.61,496.4858,489.1398,497.2038,2.191,3.4425,-1.2516,48.3787,44.971,64.2776,48.3787,51.467,100.0,41.8483,-50.8225,16.9263,26.1404,-2.491,-0.5032,-6.92,-21.6918,0.0594,-1.3846,0.9862,0.0,30.0,-30.0,42.1287,0.0608,53.9921,1.5617,24.9882,24.2198,15.619,15.1387,496.3315,492.544,488.7565,493.495,492.96,499.7281,5.62,6.2505,1.2682,596933.5969,773750947.0,487.0908,-0.7286,-0.9995,0,30.9358,226.7683,0.2594,10.0631,63.02,67.05,2.89,9835.0680952381,2525.95904761905,173.194763481667,195.719077321429,16.2261904761905,363.162380952381,165.786567246984
2025-09-22,490.57,494.71,489.23,493.71,3582875,BRK.B,493.6,495.99,487.2,492.85,24175592,473.47,506.72,455.185,502.98,104553050,23358.435,69499.0,4.26,4.33,323.976,2.94952520485207,641483.0,312347.0,4.3,159410,492.537,493.0799,492.4595,492.7871,491.4464,492.3817,496.4735,489.3683,496.4056,2.0883,3.1717,-1.0834,56.664,48.6169,74.0614,56.664,53.0037,100.0,66.6667,-34.482,15.3133,24.1903,-2.7335,-0.5519,-0.07,11.2397,1.2812,-0.0142,0.9999,0.0,20.0,-20.0,51.8767,0.0473,51.9571,0.797,22.7701,22.41,14.0571,13.8348,496.3156,492.537,488.7584,493.495,491.9478,498.9206,5.48,6.1735,1.2504,1584343.1199,777333822.0,488.4938,-0.8361,-0.9791,0,29.7587,236.7342,-2.0872,-2.1423,62.99,66.87,2.9,9835.0680952381,2525.95904761905,173.194763481667,195.719077321429,16.2261904761905,363.162380952381,165.786567246984
2025-09-23,493.765,499.28,493.5223,494.1,3933240,BRK.B,493.6,495.99,487.2,492.85,24175592,473.47,506.72,455.185,502.98,104553050,23358.435,69499.0,4.26,4.33,323.976,2.94952520485207,641483.0,312347.0,4.3,159410,492.675,493.2654,492.7436,493.1775,492.2483,492.3317,496.4488,489.6049,495.7233,2.0152,2.9404,-0.9252,64.139,56.3939,54.078,64.139,53.7417,100.0,100.0,-39.8158,15.2547,22.697,-2.9915,-0.6035,1.38,133.2327,15.378,0.2801,1.0028,100.0,10.0,90.0,60.666,0.038,49.338,14.7271,20.6321,27.7586,12.6514,17.0213,496.5693,492.675,488.7807,493.495,492.775,486.2701,5.7577,6.1319,1.241,843902.8271,781267062.0,490.3288,-0.9541,-0.8865,0,28.446,252.5687,-3.1447,0.8527,62.99,66.87,2.9,9835.0680952381,2525.95904761905,173.194763481667,195.719077321429,16.2261904761905,363.162380952381,165.786567246984
2025-09-24,493.3,497.16,493.11,497.09,2811544,BRK.B,493.6,495.99,487.2,492.85,24175592,473.47,506.72,455.185,502.98,104553050,23358.435,69499.0,4.26,4.33,323.976,2.94952520485207,641483.0,312347.0,4.3,159410,493.376,493.9608,493.5464,494.4578,494.1762,492.498,496.4896,489.9791,495.2409,2.1735,2.787,-0.6135,69.5749,63.4593,80.5851,69.5749,59.1997,100.0,100.0,-18.1291,15.0275,21.6157,-2.5345,-0.5111,7.01,108.27,13.646,1.4304,1.0143,90.0,0.0,90.0,71.5157,0.0351,53.2207,12.9828,19.9175,25.8608,11.7985,15.3192,497.6542,493.376,489.0978,493.795,493.24,486.5303,4.05,5.9237,1.1917,1327935.349,784078606.0,491.9998,-0.9999,-0.6998,0,27.2237,270.5862,-2.5474,2.2637,62.99,66.87,2.9,9835.0680952381,2525.95904761905,173.194763481667,195.719077321429,16.2261904761905,363.162380952381,165.786567246984
2025-09-25,496.15,499.0,494.73,494.96,4056103,BRK.B,493.6,495.99,487.2,492.85,24175592,473.47,506.72,455.185,502.98,104553050,23358.435,69499.0,4.26,4.33,323.976,2.94952520485207,641483.0,312347.0,4.3,159410,493.181,494.1425,493.8344,494.6978,494.515,492.738,496.4635,490.2282,494.9219,2.1028,2.6502,-0.5474,64.3749,66.0296,58.4615,64.3749,54.1432,34.6087,78.2029,-35.7616,15.4331,20.9955,-2.6915,-0.5428,-1.95,104.719,18.9574,-0.3924,0.9961,80.0,30.0,50.0,71.7923,0.0333,48.5398,19.0832,18.4405,27.1385,10.6187,15.6273,496.9438,493.181,489.4182,493.795,493.24,486.7853,4.27,5.7583,1.1634,253680.8773,780022503.0,493.3734,-0.8928,-0.3128,0,26.1593,296.7708,-1.9641,4.634,62.99,66.87,2.9,9835.0680952381,2525.95904761905,173.194763481667,195.719077321429,16.2261904761905,363.162380952381,165.786567246984
2025-09-26,496.94,502.1,496.65,500.03,3707648,BRK.B,490.57,502.1,489.23,500.03,18091410,504.24,507.661,486.2701,500.03,78714995,23358.435,69499.0,4.26,4.33,323.976,2.94952520485207,641483.0,312347.0,4.3,159410,493.81,495.2129,495.0796,496.5431,497.0275,493.431,496.6985,490.7183,494.8486,2.4279,2.6057,-0.1778,74.3209,69.4235,83.9161,74.3209,62.5934,100.0,78.2029,-13.8926,16.7368,20.3259,-2.071,-0.4176,6.29,160.3643,25.0297,1.2739,1.0127,100.0,20.0,80.0,72.3217,0.0381,53.5119,28.4705,16.2076,29.1097,9.5568,17.1645,499.397,493.81,488.223,495.265,494.65,487.0352,7.14,5.8965,1.1792,74713.6443,783730151.0,494.4011,-0.4481,0.3153,0,25.252,-26.6199,-0.0227,8.038,62.99,66.87,2.9,9835.0680952381,2525.95904761905,173.194763481667,195.719077321429,16.2261904761905,363.162380952381,165.786567246984
