Unnamed: 0,open,high,low,close,volume,ticker,weekly_prices_open,weekly_prices_high,weekly_prices_low,weekly_prices_close,weekly_prices_volume,monthly_prices_open,monthly_prices_high,monthly_prices_low,monthly_prices_close,monthly_prices_volume,gross_profit,total_revenue,net_income,total_assets,total_liabilities,total_shareholder_equity,cash_short_term_investments,long_term_debt,current_debt,retained_earnings,operating_cashflow,capital_expenditures,cashflow_from_investment,cashflow_from_financing,dividend_payout,net_income_cashflow,reported_eps,gdp,gdp_per_capita,treasury_yield,federal_funds_rate,cpi,inflation,retail_sales,durables,unemployment,nonfarm_payrolls,sma,ema,wma,dema,tema,trima,kama,mama,t3,macd,macd_signal,macd_hist,stoch_slowk,stoch_slowd,stochf_fastk,stochf_fastd,rsi,stochrsi_fastk,stochrsi_fastd,willr,adx,adxr,apo,ppo,mom,bop,cci,cmo,roc,rocr,aroon_up,aroon_down,aroon_oscillator,mfi,trix,ultosc,dx,minus_di,plus_di,minus_dm,plus_dm,bbands_upper,bbands_middle,bbands_lower,midpoint,midprice,sar,trange,atr,natr,adosc,obv,ht_trendline,ht_sine,ht_leadsine,ht_trendmode,ht_dcperiod,ht_dcphase,ht_inphase,ht_quadrature,crude_oil_price,brent_oil_price,natural_gas_price,copper_price,aluminum_price,wheat_price,corn_price,sugar_price,coffee_price,commodities_index
2025-06-11,268.68,269.6199,265.7862,268.15,7434064,JPM,263.02,267.12,260.31,265.73,34842650,242.84,269.52,242.17,264.0,165123789,158785000000,270789000000,58471000000,4002814000000,3658056000000,344758000000,469317000000,389836000000,0,376166000000,-42012000000,0,-163403000000,63447000000,14783000000,58471000000,19.74,23305.023,69302.0,4.38,4.33,322.561,2.94952520485207,616005.0,330862.0,4.1,160256,264.2193,264.4563,264.8774,266.4935,266.2387,263.7781,262.4115,254.8593,265.3871,4.1121,4.5232,-0.4111,88.4786,79.4041,84.2114,88.4786,64.7041,88.3187,87.3896,-15.7886,21.2846,24.3593,0.6091,0.2311,4.6381,-0.1382,137.1789,27.5954,1.7686,1.0177,100.0,60.0,40.0,51.4844,0.1962,63.4876,24.2234,14.6474,24.012,6.1595,10.0975,268.0627,264.2193,260.3759,264.0262,263.7176,257.7403,3.8157,4.2052,1.5756,6185781.0495,-788416027.0,263.1085,0.9283,0.3935,0,19.8589,111.8251,0.8235,-3.1576,68.91,71.29,2.73,9835.0680952381,2525.95904761905,173.194763481667,195.719077321429,16.2261904761905,363.162380952381,165.786567246984
2025-06-12,266.86,268.29,265.14,268.24,6618026,JPM,263.02,267.12,260.31,265.73,34842650,242.84,269.52,242.17,264.0,165123789,158785000000,270789000000,58471000000,4002814000000,3658056000000,344758000000,469317000000,389836000000,0,376166000000,-42012000000,0,-163403000000,63447000000,14783000000,58471000000,19.74,23305.023,69302.0,4.38,4.33,322.561,2.94952520485207,616005.0,330862.0,4.1,160256,264.6045,264.9147,265.3788,266.9565,266.7518,264.2405,262.6514,255.1017,265.6043,4.0461,4.4278,-0.3817,86.2369,87.2177,77.9917,86.2369,64.894,73.6205,87.3131,-14.8219,21.0554,23.9194,0.8649,0.3279,3.8518,0.4381,83.2688,23.0575,1.4639,1.0146,90.0,50.0,40.0,50.392,0.1919,64.3636,18.9927,15.0962,22.1751,6.1867,9.0878,268.6962,264.6045,260.5128,264.0262,263.7176,258.8013,3.1352,4.0982,1.535,8025195.8755,-781798001.0,263.4376,0.7365,0.0425,0,19.4488,132.5631,-1.408,-0.6519,68.73,70.84,2.9,9835.0680952381,2525.95904761905,173.194763481667,195.719077321429,16.2261904761905,363.162380952381,165.786567246984
2025-06-13,265.08,267.02,262.71,264.95,7098265,JPM,266.0,269.6199,262.71,264.95,36973854,242.84,269.52,242.17,264.0,165123789,158785000000,270789000000,58471000000,4002814000000,3658056000000,344758000000,469317000000,389836000000,0,376166000000,-42012000000,0,-163403000000,63447000000,14783000000,58471000000,19.74,23305.023,69302.0,4.38,4.33,322.561,2.94952520485207,616005.0,330862.0,4.1,160256,264.699,264.6943,265.2149,266.1846,265.5659,264.7574,262.6615,255.5317,265.7937,3.6871,4.2796,-0.5926,64.8735,79.863,32.4173,64.8735,53.2578,0.0,53.9797,-50.1606,19.0689,22.3568,1.0859,0.4119,0.9455,-0.0302,-35.8158,7.1368,0.3598,1.0036,80.0,40.0,40.0,53.0815,0.1798,64.2227,1.1901,18.8418,19.2957,7.9866,8.179,268.6572,264.699,260.7409,264.0262,263.7176,259.7562,5.504,4.2388,1.6074,8137204.397,-788896266.0,263.5287,0.4798,-0.2812,0,19.1312,151.3308,-0.1545,4.3686,73.84,76.0,2.65,9835.0680952381,2525.95904761905,173.194763481667,195.719077321429,16.2261904761905,363.162380952381,165.786567246984
2025-06-16,267.0,271.73,266.85,270.36,8566019,JPM,266.0,269.6199,262.71,264.95,36973854,242.84,269.52,242.17,264.0,165123789,158785000000,270789000000,58471000000,4002814000000,3658056000000,344758000000,469317000000,389836000000,0,376166000000,-42012000000,0,-163403000000,63447000000,14783000000,58471000000,19.74,23305.023,69302.0,4.38,4.33,322.561,2.94952520485207,616005.0,330862.0,4.1,160256,265.2664,265.493,266.0127,267.3659,267.1726,265.337,262.9776,255.8028,266.0357,3.7933,4.1824,-0.3891,65.0735,72.0613,84.8115,65.0735,64.7924,88.3177,53.9794,-11.9965,19.6889,22.5231,1.5138,0.574,5.6732,0.6885,148.0675,25.4056,2.1537,1.0215,100.0,30.0,70.0,62.8081,0.1758,68.3278,25.269,16.0099,26.8368,7.188,12.0489,269.8947,265.2664,260.638,264.9021,264.7677,260.6157,6.7481,4.4897,1.6685,8638501.5651,-780330247.0,263.6278,0.2415,-0.5154,0,18.9033,166.0227,2.1623,4.1603,72.53,75.05,2.9,9835.0680952381,2525.95904761905,173.194763481667,195.719077321429,16.2261904761905,363.162380952381,165.786567246984
2025-06-17,268.17,270.59,267.8,269.52,6739262,JPM,266.0,269.6199,262.71,264.95,36973854,242.84,269.52,242.17,264.0,165123789,158785000000,270789000000,58471000000,4002814000000,3658056000000,344758000000,469317000000,389836000000,0,376166000000,-42012000000,0,-163403000000,63447000000,14783000000,58471000000,19.74,23305.023,69302.0,4.38,4.33,322.561,2.94952520485207,616005.0,330862.0,4.1,160256,265.5898,265.9945,266.5554,267.9371,267.8362,265.8781,263.1084,256.4253,266.3308,3.7666,4.0992,-0.3326,64.2426,64.7298,75.4989,64.2426,62.1466,76.3895,54.9024,-19.352,20.2469,22.7988,1.6064,0.6085,3.2347,0.4839,101.8033,28.9685,1.2206,1.0122,90.0,20.0,70.0,53.5438,0.1736,68.1732,25.269,14.9804,25.1111,6.4692,10.844,270.5438,265.5898,260.6358,264.9021,264.7677,261.4733,2.7769,4.3184,1.6098,8557829.9336,-787069509.0,263.7668,0.0361,-0.6811,0,18.7531,177.9315,3.3653,1.5922,75.62,78.7,2.9,9835.0680952381,2525.95904761905,173.194763481667,195.719077321429,16.2261904761905,363.162380952381,165.786567246984
2025-06-18,270.0,277.72,269.72,273.96,9586440,JPM,266.0,269.6199,262.71,264.95,36973854,242.84,269.52,242.17,264.0,165123789,158785000000,270789000000,58471000000,4002814000000,3658056000000,344758000000,469317000000,389836000000,0,376166000000,-42012000000,0,-163403000000,63447000000,14783000000,58471000000,19.74,23305.023,69302.0,4.38,4.33,322.561,2.94952520485207,616005.0,330862.0,4.1,160256,266.5592,267.2083,267.8428,269.7908,270.2317,266.5347,264.0556,257.2375,266.7669,4.0553,4.0904,-0.0352,78.4202,69.2454,74.95,78.4202,69.4687,100.0,88.2357,-21.5968,23.0876,22.9793,2.1638,0.8184,9.6941,0.495,189.4165,35.8492,3.6863,1.0369,100.0,10.0,90.0,63.4384,0.1816,65.0326,48.6536,12.3806,35.8433,5.8222,16.8561,272.7321,266.5592,260.3864,266.6936,267.7486,262.5506,8.1614,4.7027,1.7247,7929857.2176,-777483069.0,264.1416,0.0253,-0.689,1,18.6622,178.5527,3.4059,-1.1701,75.89,78.38,3.43,9835.0680952381,2525.95904761905,173.194763481667,195.719077321429,16.2261904761905,363.162380952381,165.786567246984
2025-06-20,275.57,277.3,273.8119,275.0,13969674,JPM,267.0,277.72,266.85,275.0,38861395,242.84,269.52,242.17,264.0,165123789,158785000000,270789000000,58471000000,4002814000000,3658056000000,344758000000,469317000000,389836000000,0,376166000000,-42012000000,0,-163403000000,63447000000,14783000000,58471000000,19.74,23305.023,69302.0,4.38,4.33,322.561,2.94952520485207,616005.0,330862.0,4.1,160256,267.8581,268.3896,269.1421,271.4691,272.2365,267.2851,265.7442,258.0609,267.3737,4.3178,4.1359,0.1819,77.4426,73.3684,81.8787,77.4426,70.932,100.0,92.1298,-18.1213,25.6442,23.5973,2.7679,1.0441,12.9886,-0.1634,167.9823,47.8187,4.9819,1.0498,90.0,0.0,90.0,75.7317,0.1957,61.6173,48.6536,11.4421,33.1261,5.24,15.1705,274.033,267.8581,261.6832,268.7041,268.943,264.4913,3.4717,4.5796,1.6732,5535165.6789,-763513395.0,264.7139,0.1362,-0.6042,1,18.5672,172.1721,2.164,-3.9231,75.72,78.73,3.09,9835.0680952381,2525.95904761905,173.194763481667,195.719077321429,16.2261904761905,363.162380952381,165.786567246984
2025-06-23,275.06,278.55,272.1128,278.27,8094559,JPM,267.0,277.72,266.85,275.0,38861395,242.84,269.52,242.17,264.0,165123789,158785000000,270789000000,58471000000,4002814000000,3658056000000,344758000000,469317000000,389836000000,0,376166000000,-42012000000,0,-163403000000,63447000000,14783000000,58471000000,19.74,23305.023,69302.0,4.38,4.33,322.561,2.94952520485207,616005.0,330862.0,4.1,160256,269.1062,269.9479,270.797,273.7424,274.9553,268.2688,267.6526,258.4389,268.1998,4.7339,4.2555,0.4784,84.8119,80.2249,97.6068,84.8119,75.1012,100.0,100.0,-1.7677,26.692,23.8377,3.1401,1.1807,12.481,0.4987,135.0369,36.1024,4.7191,1.0472,100.0,50.0,50.0,75.926,0.2181,65.8845,36.1221,13.4537,28.6695,6.4071,13.6534,276.8824,269.1062,261.33,270.3314,269.356,266.1603,6.4069,4.7623,1.7195,6403806.2136,-755418836.0,265.5128,0.2989,-0.4634,1,18.4617,162.6057,-0.2593,-1.3676,69.36,74.34,3.5,9835.0680952381,2525.95904761905,173.194763481667,195.719077321429,16.2261904761905,363.162380952381,165.786567246984
2025-06-24,280.21,282.715,279.51,281.26,9267941,JPM,267.0,277.72,266.85,275.0,38861395,242.84,269.52,242.17,264.0,165123789,158785000000,270789000000,58471000000,4002814000000,3658056000000,344758000000,469317000000,389836000000,0,376166000000,-42012000000,0,-163403000000,63447000000,14783000000,58471000000,19.74,23305.023,69302.0,4.38,4.33,322.561,2.94952520485207,616005.0,330862.0,4.1,160256,270.5514,271.7639,272.7661,276.3543,277.9979,269.64,269.9634,258.8688,269.2834,5.2434,4.4531,0.7903,89.9101,84.0548,90.2447,89.9101,78.268,100.0,100.0,-7.2732,28.8278,24.8929,3.5626,1.3344,14.4516,0.3276,153.7524,53.8116,5.4435,1.0544,100.0,40.0,60.0,76.3449,0.2485,63.9561,48.0501,12.195,34.754,5.7664,16.4335,280.2355,270.5514,260.8672,271.8194,271.4287,267.9328,4.4241,4.7285,1.6891,6448421.6804,-746150895.0,266.4374,0.3516,-0.4134,1,18.4998,159.4163,0.7268,4.1955,65.45,69.13,3.3,9835.0680952381,2525.95904761905,173.194763481667,195.719077321429,16.2261904761905,363.162380952381,165.786567246984
2025-06-25,281.5,284.28,280.91,284.06,6826901,JPM,267.0,277.72,266.85,275.0,38861395,242.84,269.52,242.17,264.0,165123789,158785000000,270789000000,58471000000,4002814000000,3658056000000,344758000000,469317000000,389836000000,0,376166000000,-42012000000,0,-163403000000,63447000000,14783000000,58471000000,19.74,23305.023,69302.0,4.38,4.33,322.561,2.94952520485207,616005.0,330862.0,4.1,160256,272.0901,273.7564,274.9791,279.1425,281.1382,271.3735,272.4633,260.0615,270.6424,5.8051,4.7235,1.0816,95.4469,90.0563,98.489,95.4469,80.8079,100.0,100.0,-1.0199,31.1257,26.2051,4.1673,1.5554,15.3872,0.7596,134.0843,56.3553,5.7558,1.0576,100.0,30.0,70.0,76.2565,0.2851,68.9481,51.8072,11.304,35.6077,5.1898,16.3478,283.8983,272.0901,260.2819,273.2128,272.2075,270.3541,3.3541,4.5911,1.6239,7769038.9516,-739323994.0,267.3387,0.3785,-0.3869,1,18.899,157.7622,2.9668,5.2748,65.98,68.4,3.26,9835.0680952381,2525.95904761905,173.194763481667,195.719077321429,16.2261904761905,363.162380952381,165.786567246984
2025-06-26,284.7,289.41,284.47,288.75,8942062,JPM,267.0,277.72,266.85,275.0,38861395,242.84,269.52,242.17,264.0,165123789,158785000000,270789000000,58471000000,4002814000000,3658056000000,344758000000,469317000000,389836000000,0,376166000000,-42012000000,0,-163403000000,63447000000,14783000000,58471000000,19.74,23305.023,69302.0,4.38,4.33,322.561,2.94952520485207,616005.0,330862.0,4.1,160256,274.1404,276.2354,277.761,282.6704,285.1615,273.5671,276.1109,261.428,272.3217,6.5514,5.089,1.4623,94.9727,93.4432,96.1844,94.9727,84.2366,100.0,100.0,-2.4719,34.1986,27.627,4.9605,1.8428,20.503,0.8198,144.5845,62.232,7.6823,1.0768,100.0,20.0,80.0,76.8403,0.3308,70.6702,61.8549,10.0136,42.4891,4.6708,19.8188,288.4734,274.1404,259.8074,275.5467,274.7605,272.8716,5.3248,4.6645,1.623,9687960.4654,-730381932.0,268.2648,0.4047,-0.3604,1,19.8168,156.1263,4.5725,6.4261,66.44,68.57,3.23,9835.0680952381,2525.95904761905,173.194763481667,195.719077321429,16.2261904761905,363.162380952381,165.786567246984
2025-06-27,285.81,288.6962,285.04,287.11,17868633,JPM,275.06,289.41,272.1128,287.11,51000096,242.84,269.52,242.17,264.0,165123789,158785000000,270789000000,58471000000,4002814000000,3658056000000,344758000000,469317000000,389836000000,0,376166000000,-42012000000,0,-163403000000,63447000000,14783000000,58471000000,19.74,23305.023,69302.0,4.38,4.33,322.561,2.94952520485207,616005.0,330862.0,4.1,160256,276.0185,277.9669,279.8734,284.6485,286.8885,275.9697,277.9631,262.6445,274.2165,6.9312,5.4575,1.4737,93.7921,94.7372,86.7031,93.7921,78.769,40.1496,80.0499,-8.6142,36.9643,28.0166,5.707,2.1113,18.7812,0.3556,107.2866,63.1156,7.0347,1.0703,90.0,10.0,80.0,67.2634,0.3713,69.6413,61.8549,9.204,39.0539,4.2037,17.8369,291.0116,276.0185,261.0254,275.5467,274.7605,275.9068,3.6925,4.5673,1.5983,10344570.1342,-748250565.0,269.1275,0.4069,-0.3582,1,21.1472,155.9926,6.91,5.5788,66.66,69.37,3.23,9835.0680952381,2525.95904761905,173.194763481667,195.719077321429,16.2261904761905,363.162380952381,165.786567246984
2025-06-30,290.4,292.65,288.92,289.91,12689156,JPM,275.06,289.41,272.1128,287.11,51000096,263.02,292.65,260.31,289.91,174367151,158785000000,270789000000,58471000000,4002814000000,3658056000000,344758000000,469317000000,389836000000,0,376166000000,-42012000000,0,-163403000000,63447000000,14783000000,58471000000,10.03,23305.023,69302.0,4.38,4.33,322.561,2.94952520485207,616005.0,330862.0,4.1,160256,278.5028,279.8902,282.151,286.9307,289.0569,278.5343,281.3633,263.9396,276.2728,7.3721,5.8404,1.5317,87.345,92.0366,79.1476,87.345,81.0966,47.3915,62.5137,-10.6202,40.0848,29.8868,6.9019,2.5412,24.8425,-0.1314,114.4788,68.6607,9.4206,1.0942,100.0,0.0,100.0,75.858,0.4092,69.5441,68.1695,8.1154,42.8759,3.7833,19.9884,292.7226,278.5028,264.2829,278.3983,278.4331,278.335,5.5139,4.6619,1.6157,7778517.6406,-735561409.0,269.8254,0.4083,-0.3567,1,22.8256,155.8989,7.4635,5.0782,66.3,68.15,3.26,9835.0680952381,2525.95904761905,173.194763481667,195.719077321429,16.2261904761905,363.162380952381,165.786567246984
2025-07-01,290.89,291.13,286.59,290.41,9338260,JPM,275.06,289.41,272.1128,287.11,51000096,263.02,292.65,260.31,289.91,174367151,158785000000,270789000000,58471000000,4002814000000,3658056000000,344758000000,469317000000,389836000000,0,376166000000,-42012000000,0,-163403000000,63447000000,14783000000,58471000000,10.03,23305.023,69302.0,4.39,4.33,323.048,2.94952520485207,643681.0,284637.0,4.2,159210,280.4983,281.5543,284.0673,288.6763,290.4826,280.9605,283.6632,265.1947,278.41,7.6732,6.207,1.4663,82.2569,87.798,80.9199,82.2569,81.4991,49.9311,45.8241,-9.0141,41.2487,30.7478,7.616,2.7909,19.9556,-0.1057,87.1287,53.2846,7.416,1.0742,90.0,0.0,90.0,66.9123,0.4409,72.8234,51.7236,12.3161,38.7073,5.724,17.9896,294.4716,280.4983,266.525,278.6471,278.9059,280.9224,4.5186,4.6476,1.6079,8050467.9503,-726223149.0,270.416,0.4019,-0.3633,1,24.8158,156.3024,9.192,5.4304,66.64,67.63,3.14,9835.0680952381,2525.95904761905,173.194763481667,195.719077321429,16.2261904761905,363.162380952381,165.786567246984
2025-07-02,292.04,292.822,289.7,292.0,8158692,JPM,275.06,289.41,272.1128,287.11,51000096,263.02,292.65,260.31,289.91,174367151,158785000000,270789000000,58471000000,4002814000000,3658056000000,344758000000,469317000000,389836000000,0,376166000000,-42012000000,0,-163403000000,63447000000,14783000000,58471000000,10.03,23305.023,69302.0,4.39,4.33,323.048,2.94952520485207,643681.0,284637.0,4.2,159210,282.7357,283.2036,285.9086,290.3801,291.9026,283.2885,286.0867,266.4663,280.5717,7.948,6.5552,1.3928,83.4085,84.3368,90.158,83.4085,82.7934,73.6037,56.9754,-3.5581,42.6492,32.8684,8.573,3.127,22.3742,-0.0128,94.3752,58.8485,8.3408,1.0834,100.0,0.0,100.0,73.6481,0.4669,70.8987,55.2544,11.4645,39.7784,5.1516,17.8747,295.236,282.7357,270.2355,281.6479,279.9469,282.9924,3.1073,4.4936,1.5462,8658818.7359,-718064457.0,270.858,0.3881,-0.3773,1,27.1015,157.166,10.1635,4.7265,68.66,70.8,3.1,9835.0680952381,2525.95904761905,173.194763481667,195.719077321429,16.2261904761905,363.162380952381,165.786567246984
2025-07-03,292.15,296.4,291.21,296.0,6541646,JPM,290.4,296.4,286.59,296.0,36727754,263.02,292.65,260.31,289.91,174367151,158785000000,270789000000,58471000000,4002814000000,3658056000000,344758000000,469317000000,389836000000,0,376166000000,-42012000000,0,-163403000000,63447000000,14783000000,58471000000,10.03,23305.023,69302.0,4.39,4.33,323.048,2.94952520485207,643681.0,284637.0,4.2,159210,285.0687,285.5302,288.3203,293.3055,295.0411,285.421,289.5698,267.9429,282.8093,8.5014,6.9444,1.557,89.3096,84.9917,96.8508,89.3096,86.3871,100.0,74.5116,-1.5644,44.7734,35.2088,9.2547,3.3554,23.3297,0.7418,124.6414,63.3512,8.556,1.0856,100.0,0.0,100.0,73.0226,0.4964,73.9143,63.8906,10.032,45.5326,4.6365,21.0437,297.8881,285.0687,272.2493,284.8527,283.6159,284.6827,5.7746,4.6217,1.5614,9881119.5617,-711522811.0,271.2734,0.3887,-0.3767,1,29.2408,157.1281,11.9508,1.5388,68.13,70.42,3.24,9835.0680952381,2525.95904761905,173.194763481667,195.719077321429,16.2261904761905,363.162380952381,165.786567246984
2025-07-07,295.25,296.04,290.08,291.97,8825732,JPM,290.4,296.4,286.59,296.0,36727754,263.02,292.65,260.31,289.91,174367151,158785000000,270789000000,58471000000,4002814000000,3658056000000,344758000000,469317000000,389836000000,0,376166000000,-42012000000,0,-163403000000,63447000000,14783000000,58471000000,10.03,23305.023,69302.0,4.39,4.33,323.048,2.94952520485207,643681.0,284637.0,4.2,159210,286.8952,286.7011,289.5751,294.0206,295.0678,287.27,290.0265,269.1443,284.9904,8.5166,7.2588,1.2577,82.4368,85.0516,60.3015,82.4368,73.583,0.0,57.8679,-17.3262,45.9212,36.3066,9.5185,3.4316,18.2646,-0.5503,92.6113,55.8984,6.6731,1.0667,90.0,10.0,80.0,62.4612,0.513,67.8286,56.2511,11.1509,39.8261,5.3028,18.9393,297.7761,286.8952,276.0142,286.48,283.6159,287.0261,5.96,4.7555,1.6288,8455712.3073,-720348543.0,271.6261,0.3872,-0.3782,1,30.6196,157.2212,10.893,-6.7195,69.16,71.95,3.24,9835.0680952381,2525.95904761905,173.194763481667,195.719077321429,16.2261904761905,363.162380952381,165.786567246984
2025-07-08,289.275,289.7,280.31,282.78,15440856,JPM,290.4,296.4,286.59,296.0,36727754,263.02,292.65,260.31,289.91,174367151,158785000000,270789000000,58471000000,4002814000000,3658056000000,344758000000,469317000000,389836000000,0,376166000000,-42012000000,0,-163403000000,63447000000,14783000000,58471000000,10.03,23305.023,69302.0,4.39,4.33,323.048,2.94952520485207,643681.0,284637.0,4.2,159210,287.4772,285.9882,288.8269,291.3936,290.6843,288.525,289.8336,269.417,286.8043,7.6983,7.3467,0.3516,57.5012,76.4159,15.3511,57.5012,53.4936,0.0,33.3333,-74.8114,42.1214,35.4746,9.1855,3.3007,5.8199,-0.6917,-53.3697,8.3909,2.1014,1.021,80.0,0.0,80.0,50.4587,0.4975,55.4479,7.9233,26.7034,31.2991,14.5425,17.0454,296.6603,287.4772,278.294,287.968,287.2971,296.4,11.66,5.446,1.9259,4775578.1772,-735789399.0,272.1239,0.3211,-0.4426,1,31.4786,161.2707,8.5342,-4.5813,69.55,72.5,3.2,9835.0680952381,2525.95904761905,173.194763481667,195.719077321429,16.2261904761905,363.162380952381,165.786567246984
2025-07-09,287.18,287.195,282.48,283.16,11273801,JPM,290.4,296.4,286.59,296.0,36727754,263.02,292.65,260.31,289.91,174367151,158785000000,270789000000,58471000000,4002814000000,3658056000000,344758000000,469317000000,389836000000,0,376166000000,-42012000000,0,-163403000000,63447000000,14783000000,58471000000,10.03,23305.023,69302.0,4.39,4.33,323.048,2.94952520485207,643681.0,284637.0,4.2,159210,287.7996,285.474,288.042,289.4759,287.7472,289.1977,289.7318,269.6919,288.1426,6.9999,7.2774,-0.2775,31.1218,57.0199,17.7129,31.1218,54.0697,1.7515,0.5838,-78.7515,38.7016,34.9136,8.6241,3.0891,3.224,-0.8526,-69.4971,14.7985,1.1517,1.0115,70.0,0.0,70.0,51.4546,0.464,51.9282,7.9233,24.36,28.5525,13.0883,15.3408,296.0834,287.7996,279.5157,289.3614,287.9938,296.0782,4.715,5.3729,1.8975,283479.358,-724515598.0,272.5761,0.2592,-0.4996,1,31.8181,164.9746,8.5654,-4.7879,69.61,71.98,3.08,9835.0680952381,2525.95904761905,173.194763481667,195.719077321429,16.2261904761905,363.162380952381,165.786567246984
2025-07-10,283.0,288.31,283.0,288.19,8413847,JPM,290.4,296.4,286.59,296.0,36727754,263.02,292.65,260.31,289.91,174367151,158785000000,270789000000,58471000000,4002814000000,3658056000000,344758000000,469317000000,389836000000,0,376166000000,-42012000000,0,-163403000000,63447000000,14783000000,58471000000,10.03,23305.023,69302.0,4.39,4.33,323.048,2.94952520485207,643681.0,284637.0,4.2,159210,288.3463,285.9678,288.1129,289.6461,287.967,289.4857,289.6933,270.6168,289.1197,6.7741,7.1767,-0.4026,27.3462,38.6564,48.9745,27.3462,61.1484,23.2715,8.341,-51.0255,36.0082,35.1034,8.1281,2.9006,5.4672,0.9774,-39.0142,16.3562,1.9338,1.0193,60.0,0.0,60.0,52.2197,0.4318,56.55,11.7683,21.9497,27.805,11.7795,14.9217,295.9079,288.3463,280.7846,289.39,288.355,295.7628,5.31,5.3666,1.8622,976164.4863,-716101751.0,273.2089,0.1777,-0.5702,1,31.8644,169.7618,6.8459,-5.0394,67.78,70.38,3.11,9835.0680952381,2525.95904761905,173.194763481667,195.719077321429,16.2261904761905,363.162380952381,165.786567246984
2025-07-11,285.52,287.38,283.655,286.86,7384674,JPM,295.25,296.04,280.31,286.86,51338910,263.02,292.65,260.31,289.91,174367151,158785000000,270789000000,58471000000,4002814000000,3658056000000,344758000000,469317000000,389836000000,0,376166000000,-42012000000,0,-163403000000,63447000000,14783000000,58471000000,10.03,23305.023,69302.0,4.39,4.33,323.048,2.94952520485207,643681.0,284637.0,4.2,159210,288.2932,286.13,287.8427,289.2723,287.4598,289.2056,289.6775,271.4289,289.787,6.4139,7.0242,-0.6102,36.1092,31.5257,41.6402,36.1092,58.4996,24.9187,16.6472,-59.2915,33.5843,35.2743,7.0764,2.5164,-0.5307,0.3597,-50.9251,18.443,-0.1847,0.9982,50.0,70.0,-20.0,44.5839,0.3976,56.3125,11.7683,20.0657,25.4184,10.6015,13.4296,295.8883,288.2932,280.6981,289.39,288.355,295.4538,4.535,5.2834,1.8418,2864447.48,-723486425.0,273.9601,0.0985,-0.6341,1,31.8654,174.3499,8.4899,-7.7967,69.63,72.06,3.22,9835.0680952381,2525.95904761905,173.194763481667,195.719077321429,16.2261904761905,363.162380952381,165.786567246984
2025-07-14,287.07,289.3,285.2556,288.7,9079941,JPM,295.25,296.04,280.31,286.86,51338910,263.02,292.65,260.31,289.91,174367151,158785000000,270789000000,58471000000,4002814000000,3658056000000,344758000000,469317000000,389836000000,0,376166000000,-42012000000,0,-163403000000,63447000000,14783000000,58471000000,10.03,23305.023,69302.0,4.39,4.33,323.048,2.94952520485207,643681.0,284637.0,4.2,159210,288.5874,286.5973,287.9167,289.5505,287.913,288.5296,289.6635,272.2925,290.2404,6.2054,6.8604,-0.655,59.9884,41.1479,89.3504,59.9884,61.0904,99.2431,49.1444,-47.8558,32.1221,36.1034,6.2844,2.2261,2.9416,0.403,-14.5305,23.6174,1.0294,1.0103,40.0,60.0,-20.0,57.8975,0.3669,56.7642,18.9623,18.4928,27.1472,9.5414,14.0066,295.9925,288.5874,281.1823,289.39,288.355,295.1509,4.0444,5.1595,1.7872,5408388.0593,-714406484.0,274.9089,-0.0145,-0.7173,1,31.3777,180.8329,5.6586,-29.122,68.19,70.96,3.21,9835.0680952381,2525.95904761905,173.194763481667,195.719077321429,16.2261904761905,363.162380952381,165.786567246984
2025-07-15,288.0,291.95,285.48,286.55,12526110,JPM,295.25,296.04,280.31,286.86,51338910,263.02,292.65,260.31,289.91,174367151,158785000000,270789000000,58471000000,4002814000000,3658056000000,344758000000,469317000000,389836000000,0,376166000000,-42012000000,0,-163403000000,63447000000,14783000000,58471000000,10.03,23305.023,69302.0,4.39,4.33,323.048,2.94952520485207,643681.0,284637.0,4.2,159210,288.3878,286.5887,287.5462,288.9979,287.2131,287.7721,289.6306,272.5776,290.4916,5.7998,6.6483,-0.8485,57.9895,51.3623,42.9778,57.9895,56.5101,34.4759,52.8792,-61.2181,31.7068,36.4777,4.9425,1.7437,-1.9953,-0.2241,-5.7652,24.3649,-0.6915,0.9931,30.0,50.0,-20.0,57.805,0.334,48.8699,27.9691,16.2312,28.8362,8.5872,15.2559,295.8935,288.3878,280.8821,289.39,288.355,294.8541,6.47,5.2906,1.8463,3290098.9231,-726932594.0,275.832,-0.1092,-0.7801,1,30.5625,186.2701,-6.2441,-30.8546,67.76,70.27,3.31,9835.0680952381,2525.95904761905,173.194763481667,195.719077321429,16.2261904761905,363.162380952381,165.786567246984
2025-07-16,288.4,290.73,283.01,285.82,9979768,JPM,295.25,296.04,280.31,286.86,51338910,263.02,292.65,260.31,289.91,174367151,158785000000,270789000000,58471000000,4002814000000,3658056000000,344758000000,469317000000,389836000000,0,376166000000,-42012000000,0,-163403000000,63447000000,14783000000,58471000000,10.03,23305.023,69302.0,4.39,4.33,323.048,2.94952520485207,643681.0,284637.0,4.2,159210,288.0655,286.4489,287.0794,288.3058,286.3935,287.2955,289.5702,273.2398,290.551,5.3577,6.3902,-1.0324,54.6122,57.53,31.5084,54.6122,54.9557,0.0,44.573,-65.7551,30.0121,36.3307,3.7836,1.3309,-3.2229,-0.3342,-39.0606,11.071,-1.115,0.9888,20.0,40.0,-20.0,57.4552,0.2992,48.0659,14.7598,18.4305,24.8131,10.1985,13.7304,295.7066,288.0655,280.4245,289.39,288.355,294.5632,7.72,5.5335,1.936,1260656.8237,-736912362.0,276.6817,-0.1991,-0.8338,1,30.9703,191.4861,-11.9421,-1.9802,67.13,69.67,3.42,9835.0680952381,2525.95904761905,173.194763481667,195.719077321429,16.2261904761905,363.162380952381,165.786567246984
2025-07-17,283.44,290.2965,283.44,289.9,8509504,JPM,295.25,296.04,280.31,286.86,51338910,263.02,292.65,260.31,289.91,174367151,158785000000,270789000000,58471000000,4002814000000,3658056000000,344758000000,469317000000,389836000000,0,376166000000,-42012000000,0,-163403000000,63447000000,14783000000,58471000000,10.03,23305.023,69302.0,4.39,4.33,323.048,2.94952520485207,643681.0,284637.0,4.2,159210,287.993,287.0764,287.4129,289.109,287.6882,287.072,289.5722,274.0728,290.5434,5.2758,6.1673,-0.8915,50.5185,54.3734,77.0694,50.5185,61.5276,100.0,44.8253,-40.3978,28.4868,36.6301,2.6286,0.9211,-0.7254,0.9422,1.1468,12.8725,-0.2496,0.9975,10.0,30.0,-20.0,57.58,0.2733,57.4337,14.7598,16.2001,21.8104,9.1787,12.3573,295.5488,287.993,280.4372,289.39,288.355,294.2781,6.8565,5.6658,1.9544,2710246.3156,-728402858.0,277.3313,-0.2376,-0.8549,1,32.2929,193.7477,-6.393,16.9967,68.76,71.32,3.52,9835.0680952381,2525.95904761905,173.194763481667,195.719077321429,16.2261904761905,363.162380952381,165.786567246984
2025-07-18,289.52,292.5,288.23,291.27,12217018,JPM,287.07,292.5,283.01,291.27,52312341,263.02,292.65,260.31,289.91,174367151,158785000000,270789000000,58471000000,4002814000000,3658056000000,344758000000,469317000000,389836000000,0,376166000000,-42012000000,0,-163403000000,63447000000,14783000000,58471000000,10.03,23305.023,69302.0,4.39,4.33,323.048,2.94952520485207,643681.0,284637.0,4.2,159210,287.52,287.8389,288.0087,290.1258,289.1713,287.0767,289.6152,274.9326,290.5618,5.2607,5.986,-0.7252,65.2056,56.7788,87.039,65.2056,63.5137,100.0,66.6667,-30.3242,27.9843,36.9527,1.2256,0.4281,-4.73,0.4098,110.1455,30.3391,-1.598,0.984,0.0,20.0,-20.0,59.8938,0.2558,61.4374,23.4612,14.9483,24.1125,8.2608,13.3251,293.423,287.52,281.617,287.375,288.175,293.9988,4.27,5.5262,1.8973,4704623.9896,-716185840.0,277.8346,-0.2726,-0.8731,1,32.7375,195.8174,-1.3783,16.6966,68.53,71.06,3.5,9835.0680952381,2525.95904761905,173.194763481667,195.719077321429,16.2261904761905,363.162380952381,165.786567246984
2025-07-21,291.0,294.18,290.58,290.97,7898141,JPM,287.07,292.5,283.01,291.27,52312341,263.02,292.65,260.31,289.91,174367151,158785000000,270789000000,58471000000,4002814000000,3658056000000,344758000000,469317000000,389836000000,0,376166000000,-42012000000,0,-163403000000,63447000000,14783000000,58471000000,10.03,23305.023,69302.0,4.39,4.33,323.048,2.94952520485207,643681.0,284637.0,4.2,159210,287.42,288.4082,288.636,290.7451,290.0051,287.4617,289.6255,275.2534,290.6318,5.1651,5.8218,-0.6567,78.4569,64.727,71.2623,78.4569,62.7259,90.7938,96.9313,-23.1435,28.1412,35.1313,0.2624,0.0914,-1.0,-0.0083,161.9812,37.2018,-0.3425,0.9966,0.0,10.0,-10.0,68.2723,0.2422,55.0729,29.5532,13.9394,25.6348,7.4347,13.6726,293.0455,287.42,281.7945,287.025,287.245,280.31,3.6,5.3336,1.833,3124260.8655,-724083981.0,278.6187,-0.3877,-0.9259,1,32.3027,202.8089,1.7816,11.3609,68.39,71.92,3.5,9835.0680952381,2525.95904761905,173.194763481667,195.719077321429,16.2261904761905,363.162380952381,165.786567246984
2025-07-22,291.5,293.625,289.18,291.43,6717461,JPM,287.07,292.5,283.01,291.27,52312341,263.02,292.65,260.31,289.91,174367151,158785000000,270789000000,58471000000,4002814000000,3658056000000,344758000000,469317000000,389836000000,0,376166000000,-42012000000,0,-163403000000,63447000000,14783000000,58471000000,10.03,23305.023,69302.0,4.39,4.33,323.048,2.94952520485207,643681.0,284637.0,4.2,159210,288.285,288.9576,289.3651,291.3191,290.7338,288.1183,289.8584,276.0622,290.7622,5.068,5.671,-0.6031,77.8939,73.8521,75.3805,77.8939,63.4973,99.8081,96.8673,-23.5043,27.3931,33.0473,0.4039,0.1403,8.65,-0.0157,113.9292,28.8025,3.0589,1.0306,90.0,0.0,90.0,74.4051,0.2314,53.0066,20.6608,15.4273,23.4622,8.0912,12.3053,293.4302,288.285,283.1398,287.295,288.33,280.5874,4.445,5.2447,1.7997,2220171.6602,-717366520.0,279.7314,-0.4949,-0.9644,1,31.327,209.6644,2.7152,-0.3836,67.56,69.69,3.16,9835.0680952381,2525.95904761905,173.194763481667,195.719077321429,16.2261904761905,363.162380952381,165.786567246984
2025-07-23,292.84,296.99,292.55,296.76,7083510,JPM,287.07,292.5,283.01,291.27,52312341,263.02,292.65,260.31,289.91,174367151,158785000000,270789000000,58471000000,4002814000000,3658056000000,344758000000,469317000000,389836000000,0,376166000000,-42012000000,0,-163403000000,63447000000,14783000000,58471000000,10.03,23305.023,69302.0,4.39,4.33,323.048,2.94952520485207,643681.0,284637.0,4.2,159210,289.645,290.3762,290.906,293.4691,293.5885,289.014,291.1141,277.0971,291.0667,5.3593,5.6087,-0.2494,81.6485,79.3331,98.3026,81.6485,71.1773,100.0,96.8673,-1.644,27.949,31.9786,0.9227,0.3196,13.6,0.8829,164.6991,38.8198,4.8029,1.048,100.0,0.0,100.0,73.3085,0.2329,55.4314,32.9514,13.8016,27.3674,7.2821,14.4398,295.7523,289.645,283.5377,291.29,289.995,280.8593,5.56,5.2763,1.778,3668820.9191,-710283010.0,281.1229,-0.5859,-0.9873,1,30.0342,215.8685,-0.4004,0.7744,66.05,69.17,3.08,9835.0680952381,2525.95904761905,173.194763481667,195.719077321429,16.2261904761905,363.162380952381,165.786567246984
2025-07-24,297.42,299.5899,296.2,296.55,7001242,JPM,287.07,292.5,283.01,291.27,52312341,263.02,292.65,260.31,289.91,174367151,158785000000,270789000000,58471000000,4002814000000,3658056000000,344758000000,469317000000,389836000000,0,376166000000,-42012000000,0,-163403000000,63447000000,14783000000,58471000000,10.03,23305.023,69302.0,4.39,4.33,323.048,2.94952520485207,643681.0,284637.0,4.2,159210,290.481,291.4987,292.1615,294.9476,295.3367,290.0427,291.7699,277.4862,291.5533,5.5097,5.5889,-0.0792,82.3077,80.6167,73.2401,82.3077,70.5277,92.3137,97.3739,-18.3349,29.2362,31.4102,1.0674,0.3688,8.36,-0.2566,154.943,47.6789,2.9009,1.029,100.0,0.0,100.0,72.9669,0.2392,55.3364,40.8215,12.882,30.6542,6.5539,15.5957,297.7424,290.481,283.2196,291.29,291.2999,281.5045,3.3899,5.0876,1.7156,2160257.071,-717284252.0,282.6547,-0.6732,-0.9989,1,28.571,222.3154,2.0651,9.3088,67.16,70.42,3.13,9835.0680952381,2525.95904761905,173.194763481667,195.719077321429,16.2261904761905,363.162380952381,165.786567246984
2025-07-25,296.7,298.9,295.955,298.62,5918875,JPM,291.0,299.5899,289.18,298.62,34619229,263.02,292.65,260.31,289.91,174367151,158785000000,270789000000,58471000000,4002814000000,3658056000000,344758000000,469317000000,389836000000,0,376166000000,-42012000000,0,-163403000000,63447000000,14783000000,58471000000,10.03,23305.023,69302.0,4.39,4.33,323.048,2.94952520485207,643681.0,284637.0,4.2,159210,291.657,292.7935,293.6413,296.6747,297.3467,291.2593,293.1353,278.5428,292.233,5.7299,5.6171,0.1128,87.4085,83.7882,90.6829,87.4085,73.206,100.0,97.4379,-5.8499,30.2238,31.1729,1.6819,0.58,11.76,0.652,126.7237,46.1011,4.0996,1.041,90.0,30.0,60.0,80.9467,0.2502,61.1704,39.1118,12.6063,28.8017,6.1435,14.0361,299.9304,291.657,283.3836,292.22,291.2999,282.5896,2.945,4.8734,1.632,2871898.0524,-711365377.0,284.5886,-0.7337,-0.9993,1,27.0444,227.1938,5.3151,5.7252,66.38,69.23,3.1,9835.0680952381,2525.95904761905,173.194763481667,195.719077321429,16.2261904761905,363.162380952381,165.786567246984
2025-07-28,297.66,299.43,296.82,298.28,5840417,JPM,291.0,299.5899,289.18,298.62,34619229,263.02,292.65,260.31,289.91,174367151,158785000000,270789000000,58471000000,4002814000000,3658056000000,344758000000,469317000000,389836000000,0,376166000000,-42012000000,0,-163403000000,63447000000,14783000000,58471000000,10.03,23305.023,69302.0,4.39,4.33,323.048,2.94952520485207,643681.0,284637.0,4.2,159210,292.615,293.791,294.8455,297.7828,298.423,292.5727,293.9711,279.5297,293.0565,5.81,5.6557,0.1543,83.7799,84.4987,87.4168,83.7799,72.0117,87.6988,93.3375,-7.9005,31.2852,31.496,2.0138,0.693,9.58,0.2375,100.3092,48.2693,3.3183,1.0332,80.0,20.0,60.0,80.2666,0.2607,57.9307,40.8383,11.8983,28.3246,5.5292,13.1625,301.4934,292.615,283.7366,292.22,291.2999,283.6096,2.61,4.647,1.5579,3122661.614,-717205794.0,286.484,-0.5483,-0.979,1,25.6185,213.2474,5.457,0.9988,67.81,70.87,3.12,9835.0680952381,2525.95904761905,173.194763481667,195.719077321429,16.2261904761905,363.162380952381,165.786567246984
2025-07-29,300.0,301.2931,296.2,297.04,7635719,JPM,291.0,299.5899,289.18,298.62,34619229,263.02,292.65,260.31,289.91,174367151,158785000000,270789000000,58471000000,4002814000000,3658056000000,344758000000,469317000000,389836000000,0,376166000000,-42012000000,0,-163403000000,63447000000,14783000000,58471000000,10.03,23305.023,69302.0,4.39,4.33,323.048,2.94952520485207,643681.0,284637.0,4.2,159210,293.664,294.3818,295.65,298.131,298.4565,293.9973,294.6095,279.8799,293.9318,5.7076,5.6661,0.0416,76.4848,82.5578,51.3548,76.4848,67.5463,0.0,62.5663,-23.2625,32.8304,31.4212,2.6381,0.9065,10.49,-0.5812,79.8688,43.6666,3.6608,1.0366,100.0,10.0,90.0,79.1289,0.2656,52.1515,46.7372,10.6066,29.2209,4.9762,13.7094,301.8824,293.664,285.4456,292.22,292.1516,284.5684,5.0931,4.6916,1.5795,1313227.0287,-724841513.0,288.3668,0.5668,-0.1818,1,24.3543,145.472,4.786,2.2996,70.27,73.21,3.08,9835.0680952381,2525.95904761905,173.194763481667,195.719077321429,16.2261904761905,363.162380952381,165.786567246984
2025-07-30,297.42,300.61,297.38,299.63,8061742,JPM,291.0,299.5899,289.18,298.62,34619229,263.02,292.65,260.31,289.91,174367151,158785000000,270789000000,58471000000,4002814000000,3658056000000,344758000000,469317000000,389836000000,0,376166000000,-42012000000,0,-163403000000,63447000000,14783000000,58471000000,10.03,23305.023,69302.0,4.39,4.33,323.048,2.94952520485207,643681.0,284637.0,4.2,159210,295.045,295.336,296.7347,299.1843,299.5316,295.355,296.0026,280.8674,294.8518,5.769,5.6867,0.0823,69.2054,76.4901,68.8447,69.2054,71.6292,72.1396,53.2795,-9.3155,34.2211,31.354,3.4897,1.1969,13.81,0.6842,84.2311,47.1368,4.8317,1.0483,90.0,0.0,90.0,91.3506,0.2709,56.1172,46.7372,9.7798,26.9429,4.4786,12.3384,302.0835,295.045,288.0065,294.765,292.3665,285.9064,3.57,4.5795,1.5284,1462188.1373,-716779771.0,289.8386,0.6721,-0.0484,1,23.2077,137.7728,6.5672,3.009,71.09,73.98,2.98,9835.0680952381,2525.95904761905,173.194763481667,195.719077321429,16.2261904761905,363.162380952381,165.786567246984
2025-07-31,299.14,300.975,295.5,296.24,14749652,JPM,291.0,299.5899,289.18,298.62,34619229,290.89,301.2931,280.31,296.24,198596608,158785000000,270789000000,58471000000,4002814000000,3658056000000,344758000000,469317000000,389836000000,0,376166000000,-42012000000,0,-163403000000,63447000000,14783000000,58471000000,10.03,23305.023,69302.0,4.39,4.33,323.048,2.94952520485207,643681.0,284637.0,4.2,159210,295.679,295.5004,296.952,298.7835,298.6052,296.3377,296.0219,281.636,295.7065,5.4809,5.6455,-0.1646,44.3244,63.3382,12.7738,44.3244,60.5507,0.0,24.0465,-38.6822,33.8514,30.9178,3.843,1.3168,6.34,-0.5297,43.5019,32.6693,2.187,1.0219,80.0,0.0,80.0,74.1709,0.2671,50.4981,30.5244,12.6595,23.7835,5.9108,11.1046,301.8365,295.679,289.5215,295.3,294.7616,287.1373,5.475,4.669,1.5761,-2034241.2496,-731529423.0,290.862,0.5543,-0.1966,1,22.1927,146.3361,7.2174,-1.3629,70.36,73.43,2.99,9835.0680952381,2525.95904761905,173.194763481667,195.719077321429,16.2261904761905,363.162380952381,165.786567246984
2025-08-01,290.4,291.795,284.2376,289.37,12007111,JPM,297.66,301.2931,284.2376,289.37,48294641,290.89,301.2931,280.31,296.24,198596608,158785000000,270789000000,58471000000,4002814000000,3658056000000,344758000000,469317000000,389836000000,0,376166000000,-42012000000,0,-163403000000,63447000000,14783000000,58471000000,10.03,23305.023,69302.0,4.26,4.33,323.048,2.94952520485207,643681.0,284637.0,4.3,159410,295.489,294.3857,295.8049,296.16,294.7796,296.7903,295.9344,282.0227,296.2783,4.6447,5.4453,-0.8007,37.237,50.2556,30.0923,37.237,44.9103,0.0,24.0465,-69.9077,32.9452,30.5432,3.9845,1.3669,-1.9,-0.1363,-157.3741,-19.8126,-0.6523,0.9935,70.0,100.0,-30.0,59.9322,0.2428,43.7431,24.7889,30.6941,18.4996,16.5821,9.9941,302.2651,295.489,288.7129,294.5,292.7654,301.2931,12.0024,5.4024,1.8669,-1911012.9818,-743536534.0,291.4168,0.2893,-0.4723,0,21.3544,163.1837,6.0584,-3.3142,68.39,70.55,3.0,9835.0680952381,2525.95904761905,173.194763481667,195.719077321429,16.2261904761905,363.162380952381,165.786567246984
2025-08-04,290.26,294.32,290.26,294.26,6649542,JPM,297.66,301.2931,284.2376,289.37,48294641,290.89,301.2931,280.31,296.24,198596608,158785000000,270789000000,58471000000,4002814000000,3658056000000,344758000000,469317000000,389836000000,0,376166000000,-42012000000,0,-163403000000,63447000000,14783000000,58471000000,10.03,23305.023,69302.0,4.26,4.33,323.048,2.94952520485207,643681.0,284637.0,4.3,159410,295.818,294.3629,295.5815,295.7958,294.3872,296.864,295.903,282.6346,296.6181,4.3267,5.2216,-0.8949,33.8765,38.4793,58.7634,33.8765,54.2553,34.9753,11.6584,-41.2366,30.938,29.1655,4.199,1.4399,3.29,0.9852,-62.9286,2.9886,1.1307,1.0113,60.0,90.0,-30.0,59.3384,0.2182,51.8162,12.8733,27.858,21.5035,14.9239,11.5197,301.9758,295.818,289.6602,294.5,292.7654,300.975,4.95,5.3571,1.8205,366355.5211,-736886992.0,291.607,0.0072,-0.702,0,20.6743,179.5863,5.1208,-6.3745,67.33,69.56,2.89,9835.0680952381,2525.95904761905,173.194763481667,195.719077321429,16.2261904761905,363.162380952381,165.786567246984
2025-08-05,294.69,295.785,287.24,291.37,7182333,JPM,297.66,301.2931,284.2376,289.37,48294641,290.89,301.2931,280.31,296.24,198596608,158785000000,270789000000,58471000000,4002814000000,3658056000000,344758000000,469317000000,389836000000,0,376166000000,-42012000000,0,-163403000000,63447000000,14783000000,58471000000,10.03,23305.023,69302.0,4.26,4.33,323.048,2.94952520485207,643681.0,284637.0,4.3,159410,295.812,293.8187,294.7727,294.5459,292.8159,296.505,295.8834,283.0714,296.7078,3.7977,4.9368,-1.1391,43.8231,38.3122,42.6135,43.8231,48.8174,14.6231,16.5328,-58.1812,30.1126,29.0308,3.7635,1.2887,-0.06,-0.3885,-97.5517,-6.8849,-0.0206,0.9998,50.0,80.0,-30.0,59.0061,0.1882,50.1765,22.6842,28.9847,18.2662,16.4515,10.3677,301.987,295.812,289.637,294.5,292.7654,300.6403,8.545,5.6759,1.948,1188480.3923,-744069325.0,291.8192,-0.4023,-0.9318,0,20.1228,203.7194,1.7809,-7.746,66.2,69.14,2.98,9835.0680952381,2525.95904761905,173.194763481667,195.719077321429,16.2261904761905,363.162380952381,165.786567246984
2025-08-06,292.3,293.29,290.16,291.35,6330155,JPM,297.66,301.2931,284.2376,289.37,48294641,290.89,301.2931,280.31,296.24,198596608,158785000000,270789000000,58471000000,4002814000000,3658056000000,344758000000,469317000000,389836000000,0,376166000000,-42012000000,0,-163403000000,63447000000,14783000000,58471000000,10.03,23305.023,69302.0,4.26,4.33,323.048,2.94952520485207,643681.0,284637.0,4.3,159410,295.271,293.3699,293.9615,293.5976,291.7735,295.683,295.7067,283.4853,296.5741,3.3384,4.6171,-1.2788,47.957,41.8856,42.4941,47.957,48.7798,24.7406,24.7797,-58.2985,29.3698,29.303,2.813,0.9618,-5.41,-0.3035,-73.7337,3.0957,-1.823,0.9818,40.0,70.0,-30.0,58.5848,0.1569,47.9479,22.6842,27.3113,17.2116,14.8063,9.331,301.9467,295.271,288.5953,294.5,292.7654,300.3122,3.13,5.4213,1.8608,934139.0709,-750399480.0,292.0968,-0.6008,-0.9901,0,19.7494,216.9255,0.5532,-4.9869,65.38,67.97,3.02,9835.0680952381,2525.95904761905,173.194763481667,195.719077321429,16.2261904761905,363.162380952381,165.786567246984
2025-08-07,292.94,293.46,286.41,286.94,8057109,JPM,297.66,301.2931,284.2376,289.37,48294641,290.89,301.2931,280.31,296.24,198596608,158785000000,270789000000,58471000000,4002814000000,3658056000000,344758000000,469317000000,389836000000,0,376166000000,-42012000000,0,-163403000000,63447000000,14783000000,58471000000,10.03,23305.023,69302.0,4.26,4.33,323.048,2.94952520485207,643681.0,284637.0,4.3,159410,294.31,292.2008,292.4467,291.4306,289.1217,294.4553,295.0861,283.5544,296.1614,2.5887,4.2114,-1.6228,36.1701,42.6501,23.4027,36.1701,41.0372,0.0,13.1212,-84.1553,29.8394,30.0316,1.9145,0.6548,-9.61,-0.8511,-97.6811,-9.026,-3.2406,0.9676,30.0,60.0,-30.0,49.4083,0.1175,44.56,34.066,30.5787,15.0387,17.0757,8.3979,302.5549,294.31,286.0651,293.285,292.7654,299.9907,7.05,5.5842,1.9461,-1433004.0503,-758456589.0,292.2689,-0.7872,-0.9927,0,19.505,231.9213,-0.6839,-9.016,64.9,66.99,3.05,9835.0680952381,2525.95904761905,173.194763481667,195.719077321429,16.2261904761905,363.162380952381,165.786567246984
2025-08-08,288.98,291.23,284.706,288.76,6634506,JPM,290.26,295.785,284.706,288.76,34853645,290.89,301.2931,280.31,296.24,198596608,158785000000,270789000000,58471000000,4002814000000,3658056000000,344758000000,469317000000,389836000000,0,376166000000,-42012000000,0,-163403000000,63447000000,14783000000,58471000000,10.03,23305.023,69302.0,4.26,4.33,323.048,2.94952520485207,643681.0,284637.0,4.3,159410,293.324,291.5752,291.4376,290.4332,288.2399,293.2177,294.6142,283.8147,295.538,2.117,3.7925,-1.6756,34.1628,39.43,36.5918,34.1628,45.0376,30.2646,18.335,-73.4842,30.7182,31.0017,0.8335,0.285,-9.86,-0.0337,-90.9804,-14.1239,-3.3019,0.967,20.0,50.0,-30.0,41.8843,0.0802,45.7572,38.6275,30.0663,13.3108,17.0721,7.5581,301.6294,293.324,285.0186,293.285,292.7654,299.6756,6.524,5.6782,1.9664,-1758570.7421,-751822083.0,292.4911,-0.9696,-0.8587,0,19.2863,255.829,-5.914,-6.5765,64.94,67.17,3.03,9835.0680952381,2525.95904761905,173.194763481667,195.719077321429,16.2261904761905,363.162380952381,165.786567246984
2025-08-11,289.4,291.32,288.78,289.56,5510113,JPM,290.26,295.785,284.706,288.76,34853645,290.89,301.2931,280.31,296.24,198596608,158785000000,270789000000,58471000000,4002814000000,3658056000000,344758000000,469317000000,389836000000,0,376166000000,-42012000000,0,-163403000000,63447000000,14783000000,58471000000,10.03,23305.023,69302.0,4.26,4.33,323.048,2.94952520485207,643681.0,284637.0,4.3,159410,292.452,291.2088,290.7533,289.9746,288.1047,292.1317,294.3081,284.1019,294.7962,1.7871,3.3915,-1.6044,34.6023,34.9784,43.8126,34.6023,46.8004,74.0755,34.78,-68.7936,31.4531,32.1417,-0.0815,-0.0279,-8.72,0.063,-53.2053,0.6635,-2.9234,0.9708,10.0,40.0,-30.0,41.5391,0.0484,47.0462,38.067,28.632,12.8435,15.3649,6.8923,300.3121,292.452,284.5919,293.285,292.7654,299.3669,2.56,5.3664,1.8533,-2408325.4017,-746311970.0,292.6713,-0.997,-0.6504,0,19.1882,274.4273,-5.5387,1.5657,65.03,67.36,3.05,9835.0680952381,2525.95904761905,173.194763481667,195.719077321429,16.2261904761905,363.162380952381,165.786567246984
2025-08-12,291.5,294.75,290.34,292.85,8572034,JPM,290.26,295.785,284.706,288.76,34853645,290.89,301.2931,280.31,296.24,198596608,158785000000,270789000000,58471000000,4002814000000,3658056000000,344758000000,469317000000,389836000000,0,376166000000,-42012000000,0,-163403000000,63447000000,14783000000,58471000000,10.03,23305.023,69302.0,4.26,4.33,323.048,2.94952520485207,643681.0,284637.0,4.3,159410,292.033,291.5072,290.8256,290.7416,289.595,291.229,294.277,284.5394,294.0847,1.7707,3.0673,-1.2966,53.8292,40.8648,81.0832,53.8292,53.6006,100.0,68.1134,-48.544,30.096,32.1585,-0.8155,-0.2785,-4.19,0.3061,13.1236,5.8537,-1.4106,0.9859,0.0,30.0,-30.0,42.0922,0.029,48.2892,17.882,25.8537,18.01,13.8284,9.6331,299.294,292.033,284.772,293.285,292.6063,299.0643,5.19,5.3487,1.8264,-2077927.0016,-737739936.0,292.9194,-0.9156,-0.363,0,19.2387,293.7135,-3.8079,1.2997,64.22,66.8,2.93,9835.0680952381,2525.95904761905,173.194763481667,195.719077321429,16.2261904761905,363.162380952381,165.786567246984
2025-08-13,293.95,294.55,287.16,290.53,8420407,JPM,290.26,295.785,284.706,288.76,34853645,290.89,301.2931,280.31,296.24,198596608,158785000000,270789000000,58471000000,4002814000000,3658056000000,344758000000,469317000000,389836000000,0,376166000000,-42012000000,0,-163403000000,63447000000,14783000000,58471000000,10.03,23305.023,69302.0,4.26,4.33,323.048,2.94952520485207,643681.0,284637.0,4.3,159410,291.123,291.3295,290.5524,290.5577,289.6146,290.488,294.0558,284.6592,293.4221,1.5527,2.7644,-1.2117,60.9602,49.7973,57.9849,60.9602,48.7211,61.1608,78.4121,-62.4052,29.9494,31.9004,-1.961,-0.6691,-9.1,-0.4628,-16.8094,-5.3475,-3.0371,0.9696,10.0,20.0,-10.0,32.1986,0.013,44.6199,28.6304,28.1398,15.6132,15.6256,8.6697,296.341,291.123,285.905,291.59,292.6063,298.7678,7.39,5.5528,1.9113,-1989516.9461,-746160343.0,293.1048,-0.7149,-0.0111,0,19.1896,314.3667,-3.8836,0.9529,63.68,66.25,2.95,9835.0680952381,2525.95904761905,173.194763481667,195.719077321429,16.2261904761905,363.162380952381,165.786567246984
2025-08-14,290.58,294.2,289.6391,294.16,6322381,JPM,290.26,295.785,284.706,288.76,34853645,290.89,301.2931,280.31,296.24,198596608,158785000000,270789000000,58471000000,4002814000000,3658056000000,344758000000,469317000000,389836000000,0,376166000000,-42012000000,0,-163403000000,63447000000,14783000000,58471000000,10.03,23305.023,69302.0,4.26,4.33,323.048,2.94952520485207,643681.0,284637.0,4.3,159410,290.915,291.8442,291.1045,291.6338,291.3214,290.2637,294.0569,285.1342,292.9058,1.6537,2.5422,-0.8886,77.7313,64.1736,94.1258,77.7313,55.7278,100.0,87.0536,-14.0724,29.8175,31.3813,-2.382,-0.8121,-2.08,0.7849,84.4425,3.4979,-0.7021,0.993,0.0,10.0,-10.0,44.3273,0.0078,48.63,28.6304,25.7864,14.3074,14.063,7.8028,295.4172,290.915,286.4128,290.6,290.0113,298.4772,4.5609,5.4537,1.854,203897.2289,-739837962.0,293.2655,-0.3976,0.3677,0,19.0341,-23.4279,-3.7439,1.5614,64.99,68.12,2.78,9835.0680952381,2525.95904761905,173.194763481667,195.719077321429,16.2261904761905,363.162380952381,165.786567246984
2025-08-15,294.84,295.5,289.82,290.49,7340518,JPM,289.4,295.5,287.16,290.49,36165453,290.89,301.2931,280.31,296.24,198596608,158785000000,270789000000,58471000000,4002814000000,3658056000000,344758000000,469317000000,389836000000,0,376166000000,-42012000000,0,-163403000000,63447000000,14783000000,58471000000,10.03,23305.023,69302.0,4.26,4.33,323.048,2.94952520485207,643681.0,284637.0,4.3,159410,291.027,291.5979,291.0273,291.2244,290.8353,290.407,294.0288,285.402,292.4789,1.4212,2.318,-0.8968,64.0129,67.5682,39.9281,64.0129,48.3121,16.9335,59.3648,-47.7931,28.9017,29.9198,-2.231,-0.7608,1.12,-0.7658,41.788,4.1504,0.387,1.0039,20.0,0.0,20.0,47.1589,0.0012,45.3685,20.6596,23.1119,15.1973,12.6567,8.3225,295.4244,291.027,286.6296,290.6,290.2455,298.1924,5.68,5.4763,1.8852,-701943.654,-747178480.0,293.3446,-0.04,0.6783,0,18.8746,-2.2903,-3.7309,3.8909,63.78,67.3,2.98,9835.0680952381,2525.95904761905,173.194763481667,195.719077321429,16.2261904761905,363.162380952381,165.786567246984
2025-08-18,290.0,291.9,288.41,291.53,5386856,JPM,289.4,295.5,287.16,290.49,36165453,290.89,301.2931,280.31,296.24,198596608,158785000000,270789000000,58471000000,4002814000000,3658056000000,344758000000,469317000000,389836000000,0,376166000000,-42012000000,0,-163403000000,63447000000,14783000000,58471000000,10.03,23305.023,69302.0,4.26,4.33,323.048,2.94952520485207,643681.0,284637.0,4.3,159410,290.754,291.5856,291.1187,291.2698,290.9988,290.6363,293.9844,285.7084,292.1352,1.3059,2.1156,-0.8097,62.1507,67.965,52.3981,62.1507,50.3907,28.0295,48.321,-38.406,28.6288,29.3707,-2.532,-0.8633,-2.73,0.4384,-14.5481,-1.6111,-0.9278,0.9907,10.0,40.0,-30.0,38.4483,-0.0034,53.4604,26.1728,24.2552,14.1924,12.8011,7.4902,294.6218,290.754,286.8862,290.55,290.2455,297.9133,3.49,5.2777,1.8103,341870.9145,-741791624.0,293.3729,0.3027,0.888,0,18.7061,17.6182,-1.3217,7.3426,64.51,68.18,2.96,9835.0680952381,2525.95904761905,173.194763481667,195.719077321429,16.2261904761905,363.162380952381,165.786567246984
2025-08-19,290.83,292.48,289.53,290.66,6031520,JPM,289.4,295.5,287.16,290.49,36165453,290.89,301.2931,280.31,296.24,198596608,158785000000,270789000000,58471000000,4002814000000,3658056000000,344758000000,469317000000,389836000000,0,376166000000,-42012000000,0,-163403000000,63447000000,14783000000,58471000000,10.03,23305.023,69302.0,4.26,4.33,323.048,2.94952520485207,643681.0,284637.0,4.3,159410,290.683,291.4173,291.1016,291.0213,290.7338,290.9493,293.9609,285.8074,291.8453,1.1312,1.9187,-0.7875,44.7642,56.9759,41.9664,44.7642,48.5751,3.5454,16.1695,-44.8397,27.9948,28.6823,-2.5645,-0.8745,-0.71,-0.0576,4.3856,3.119,-0.2437,0.9976,0.0,30.0,-30.0,47.8943,-0.0083,51.1101,22.289,22.8369,14.5121,11.5209,7.3212,294.5289,290.683,286.8371,290.55,290.103,297.6398,2.95,5.0449,1.7357,288927.876,-747823144.0,293.2562,0.5527,0.9801,0,18.5601,33.5526,1.7774,5.1655,63.38,66.62,2.87,9835.0680952381,2525.95904761905,173.194763481667,195.719077321429,16.2261904761905,363.162380952381,165.786567246984
2025-08-20,290.81,293.33,287.27,292.24,7374244,JPM,289.4,295.5,287.16,290.49,36165453,290.89,301.2931,280.31,296.24,198596608,158785000000,270789000000,58471000000,4002814000000,3658056000000,344758000000,469317000000,389836000000,0,376166000000,-42012000000,0,-163403000000,63447000000,14783000000,58471000000,10.03,23305.023,69302.0,4.26,4.33,323.048,2.94952520485207,643681.0,284637.0,4.3,159410,290.772,291.5669,291.3847,291.3652,291.2891,291.27,293.9477,286.1291,291.6306,1.1075,1.7565,-0.649,51.5844,52.8331,60.3888,51.5844,52.0606,50.548,27.3743,-30.202,28.3381,29.0888,-2.2495,-0.7677,0.89,0.236,12.276,-6.6264,0.3055,1.0031,70.0,20.0,50.0,48.6652,-0.0096,56.3563,31.4277,24.5392,12.8033,12.6289,6.5891,294.7155,290.772,286.8285,290.55,290.103,297.3717,6.06,5.1464,1.761,1743286.9208,-740448900.0,293.0677,0.7413,0.9988,0,18.5067,47.8415,2.4737,1.4869,64.19,67.61,2.8,9835.0680952381,2525.95904761905,173.194763481667,195.719077321429,16.2261904761905,363.162380952381,165.786567246984
2025-08-21,291.94,292.7661,289.4725,291.47,6624161,JPM,289.4,295.5,287.16,290.49,36165453,290.89,301.2931,280.31,296.24,198596608,158785000000,270789000000,58471000000,4002814000000,3658056000000,344758000000,469317000000,389836000000,0,376166000000,-42012000000,0,-163403000000,63447000000,14783000000,58471000000,10.03,23305.023,69302.0,4.26,4.33,323.048,2.94952520485207,643681.0,284637.0,4.3,159410,291.225,291.5493,291.5116,291.3699,291.3258,291.5283,293.8463,286.3961,291.4751,1.0149,1.6082,-0.5933,51.1294,49.1593,51.0328,51.1294,50.2175,50.8312,34.9749,-37.3356,28.6471,29.6826,-1.5425,-0.5269,4.53,-0.1427,18.6969,3.2723,1.5787,1.0158,60.0,10.0,50.0,59.3594,-0.0103,56.5412,31.4277,22.9101,11.9533,11.366,5.9302,294.2336,291.225,288.2164,291.46,290.103,297.109,3.2936,4.9611,1.7021,2628621.2693,-747073061.0,292.7854,0.8696,0.964,1,18.5153,60.4116,2.6039,-0.9318,64.56,68.41,2.88,9835.0680952381,2525.95904761905,173.194763481667,195.719077321429,16.2261904761905,363.162380952381,165.786567246984
2025-08-22,293.2,297.16,290.13,296.24,8552847,JPM,290.0,297.16,287.27,296.24,33969628,290.89,301.2931,280.31,296.24,198596608,158785000000,270789000000,58471000000,4002814000000,3658056000000,344758000000,469317000000,389836000000,0,376166000000,-42012000000,0,-163403000000,63447000000,14783000000,58471000000,10.03,23305.023,69302.0,4.26,4.33,323.048,2.94952520485207,643681.0,284637.0,4.3,159410,291.973,292.4021,292.4235,292.9531,293.5147,291.7377,294.0113,286.8883,291.4772,1.3113,1.5488,-0.2375,67.3731,56.6956,90.6977,67.3731,59.9716,100.0,67.1264,-9.2,26.032,28.7425,-0.6755,-0.2308,7.48,0.4324,181.5611,6.1618,2.5904,1.0259,100.0,0.0,100.0,69.9103,-0.0008,62.1465,2.4964,19.7936,18.8294,10.2294,9.7311,295.7734,291.973,288.1726,292.9,292.16,284.2376,7.03,5.168,1.7445,4760921.9333,-738520214.0,292.4479,0.9964,0.7647,0,18.4881,85.1174,1.5012,-3.8927,64.08,68.29,2.76,9835.0680952381,2525.95904761905,173.194763481667,195.719077321429,16.2261904761905,363.162380952381,165.786567246984
2025-08-25,296.24,297.3475,294.14,294.9,5856258,JPM,290.0,297.16,287.27,296.24,33969628,290.89,301.2931,280.31,296.24,198596608,158785000000,270789000000,58471000000,4002814000000,3658056000000,344758000000,469317000000,389836000000,0,376166000000,-42012000000,0,-163403000000,63447000000,14783000000,58471000000,10.03,23305.023,69302.0,4.26,4.33,323.048,2.94952520485207,643681.0,284637.0,4.3,159410,292.507,292.8563,292.9556,293.6787,294.3602,292.0017,294.0478,287.0485,291.6238,1.4217,1.5234,-0.1017,72.4812,63.6612,75.7132,72.4812,56.5153,69.6718,73.501,-24.0245,23.5726,26.8343,0.0275,0.0094,5.34,-0.4178,165.9239,21.9598,1.8442,1.0184,100.0,20.0,80.0,70.1046,0.0107,56.8715,1.4377,18.5167,17.9918,9.2064,8.9455,296.3018,292.507,288.7122,293.365,292.2538,284.496,3.2075,4.972,1.686,4220084.7986,-744376472.0,292.1345,0.969,0.5104,0,18.3874,104.3123,-0.5939,-2.5665,65.18,.,2.76,9835.0680952381,2525.95904761905,173.194763481667,195.719077321429,16.2261904761905,363.162380952381,165.786567246984
2025-08-26,294.16,298.74,293.5001,298.57,6714749,JPM,290.0,297.16,287.27,296.24,33969628,290.89,301.2931,280.31,296.24,198596608,158785000000,270789000000,58471000000,4002814000000,3658056000000,344758000000,469317000000,389836000000,0,376166000000,-42012000000,0,-163403000000,63447000000,14783000000,58471000000,10.03,23305.023,69302.0,4.26,4.33,323.048,2.94952520485207,643681.0,284637.0,4.3,159410,293.079,293.8951,294.058,295.418,296.5487,292.4637,294.2474,287.6246,291.9696,1.7847,1.5756,0.2091,88.3096,76.0546,98.5179,88.3096,63.0038,100.0,89.8906,-1.468,21.8683,25.9088,0.523,0.1788,5.72,0.8416,157.368,18.4248,1.9532,1.0195,100.0,10.0,90.0,69.3382,0.0299,66.4534,6.5295,16.5757,18.8915,8.2858,9.4434,298.3467,293.079,287.8113,294.53,292.95,285.0101,5.2399,4.9988,1.6742,5613068.9915,-737661723.0,291.9963,0.8138,0.1646,0,18.234,125.5268,-0.5349,0.7203,63.6,66.89,2.82,9835.0680952381,2525.95904761905,173.194763481667,195.719077321429,16.2261904761905,363.162380952381,165.786567246984
2025-08-27,297.25,301.07,297.04,299.28,6056513,JPM,290.0,297.16,287.27,296.24,33969628,290.89,301.2931,280.31,296.24,198596608,158785000000,270789000000,58471000000,4002814000000,3658056000000,344758000000,469317000000,389836000000,0,376166000000,-42012000000,0,-163403000000,63447000000,14783000000,58471000000,10.03,23305.023,69302.0,4.26,4.33,323.048,2.94952520485207,643681.0,284637.0,4.3,159410,293.954,294.8742,295.1855,296.9212,298.2752,293.2333,294.7109,288.2074,292.5167,2.1054,1.6816,0.4238,86.2656,82.3521,84.5656,86.2656,64.1536,100.0,89.8906,-12.971,21.5254,25.6714,1.4155,0.4839,8.75,0.5037,154.2963,30.7605,3.0117,1.0301,100.0,0.0,100.0,80.9263,0.0527,65.5511,18.4393,15.213,22.0917,7.4572,10.8291,300.0751,293.954,287.8329,294.885,294.17,285.8339,4.03,4.9019,1.6379,5887828.9345,-731605210.0,292.166,0.6427,-0.0873,1,18.0872,140.0077,-0.0125,1.9574,64.49,67.75,2.88,9835.0680952381,2525.95904761905,173.194763481667,195.719077321429,16.2261904761905,363.162380952381,165.786567246984
2025-08-28,300.025,301.2399,298.7,301.07,6410535,JPM,290.0,297.16,287.27,296.24,33969628,290.89,301.2931,280.31,296.24,198596608,158785000000,270789000000,58471000000,4002814000000,3658056000000,344758000000,469317000000,389836000000,0,376166000000,-42012000000,0,-163403000000,63447000000,14783000000,58471000000,10.03,23305.023,69302.0,4.26,4.33,323.048,2.94952520485207,643681.0,284637.0,4.3,159410,294.645,296.0007,296.4793,298.5972,300.1546,294.266,295.1758,288.4646,293.2655,2.4755,1.8404,0.6351,93.8514,89.4755,98.4707,93.8514,67.0244,100.0,100.0,-1.2162,21.3001,25.1009,1.865,0.637,6.91,0.4114,133.0335,35.8176,2.3491,1.0235,100.0,40.0,60.0,80.9995,0.079,68.9598,19.2727,14.3848,21.2532,6.7115,9.9161,302.1147,294.645,287.1753,295.78,294.255,287.0528,2.5399,4.6657,1.5497,7231806.2917,-725194675.0,292.4821,0.4972,-0.2619,1,18.0624,150.1837,0.8067,4.2314,64.96,68.61,2.9,9835.0680952381,2525.95904761905,173.194763481667,195.719077321429,16.2261904761905,363.162380952381,165.786567246984
2025-08-29,302.04,302.95,299.73,301.42,6796380,JPM,296.24,302.95,293.5001,301.42,31834435,290.4,302.95,284.2376,301.42,148830272,158785000000,270789000000,58471000000,4002814000000,3658056000000,344758000000,469317000000,389836000000,0,376166000000,-42012000000,0,-163403000000,63447000000,14783000000,58471000000,10.03,23305.023,69302.0,4.26,4.33,323.048,2.94952520485207,643681.0,284637.0,4.3,159410,295.738,296.986,297.7111,299.9166,301.4642,295.561,296.4639,289.1124,294.1778,2.7652,2.0253,0.7398,88.9486,89.6885,83.8094,88.9486,67.5883,100.0,100.0,-9.7577,21.9253,25.277,2.3555,0.8029,10.93,-0.1925,118.4257,38.8944,3.7626,1.0376,100.0,30.0,70.0,91.94,0.1051,66.8745,27.5517,13.3603,23.522,6.0403,10.6346,303.6419,295.738,287.8341,296.04,295.11,288.4715,3.22,4.5211,1.4999,7231630.9231,-718398295.0,292.942,0.4012,-0.364,1,18.2474,156.3438,3.0501,4.8598,64.36,67.83,2.88,9835.0680952381,2525.95904761905,173.194763481667,195.719077321429,16.2261904761905,363.162380952381,165.786567246984
2025-09-02,300.26,300.455,294.5,299.7,7221855,JPM,296.24,302.95,293.5001,301.42,31834435,290.4,302.95,284.2376,301.42,148830272,158785000000,270789000000,58471000000,4002814000000,3658056000000,344758000000,469317000000,389836000000,0,376166000000,-42012000000,0,-163403000000,63447000000,14783000000,58471000000,10.03,23305.023,69302.0,4.26,4.33,323.048,2.94952520485207,643681.0,284637.0,4.3,159410,296.555,297.4795,298.4315,300.281,301.4415,296.8243,296.848,289.6418,295.1525,2.8234,2.185,0.6384,82.6294,88.4765,65.6081,82.6294,61.816,0.0,66.6667,-20.727,20.2739,24.1344,2.9005,0.9877,8.17,-0.094,46.8479,9.3254,2.8025,1.028,90.0,20.0,70.0,89.2376,0.1246,68.2517,5.4118,22.4035,20.1031,10.6663,9.5711,304.236,296.555,288.874,296.04,295.11,290.2089,6.92,4.761,1.5886,8289335.6415,-725620150.0,293.3719,0.3534,-0.4116,1,18.709,159.3062,4.2544,2.5256,65.95,68.09,2.7,9835.0680952381,2525.95904761905,173.194763481667,195.719077321429,16.2261904761905,363.162380952381,165.786567246984
2025-09-03,300.57,300.57,296.38,299.51,6173800,JPM,296.24,302.95,293.5001,301.42,31834435,290.4,302.95,284.2376,301.42,148830272,158785000000,270789000000,58471000000,4002814000000,3658056000000,344758000000,469317000000,389836000000,0,376166000000,-42012000000,0,-163403000000,63447000000,14783000000,58471000000,10.03,23305.023,69302.0,4.26,4.33,323.048,2.94952520485207,643681.0,284637.0,4.3,159410,297.44,297.8487,298.9687,300.4429,301.2228,298.0067,297.2324,290.1352,296.112,2.8217,2.3123,0.5094,69.5691,80.3824,59.2899,69.5691,61.1747,0.0,33.3333,-21.9388,18.7216,23.5298,3.3785,1.1489,8.85,-0.253,48.3849,16.4312,3.0448,1.0304,80.0,10.0,70.0,89.2859,0.1376,67.5713,4.7504,20.4079,18.5569,9.5997,8.729,304.1822,297.44,290.6978,296.445,295.11,291.7378,4.19,4.7039,1.5705,8938931.8039,-731793950.0,293.7349,0.2907,-0.4711,1,19.5443,163.1031,4.5092,2.1242,65.95,68.09,2.7,9835.0680952381,2525.95904761905,173.194763481667,195.719077321429,16.2261904761905,363.162380952381,165.786567246984
2025-09-04,300.0,304.43,298.28,303.82,6605797,JPM,296.24,302.95,293.5001,301.42,31834435,290.4,302.95,284.2376,301.42,148830272,158785000000,270789000000,58471000000,4002814000000,3658056000000,344758000000,469317000000,389836000000,0,376166000000,-42012000000,0,-163403000000,63447000000,14783000000,58471000000,10.03,23305.023,69302.0,4.26,4.33,323.048,2.94952520485207,643681.0,284637.0,4.3,159410,298.598,298.9344,300.1287,301.9452,302.9242,299.0767,298.394,290.8194,297.1058,3.132,2.4762,0.6558,72.9183,75.039,93.857,72.9183,69.2221,100.0,33.3333,-4.0782,18.3607,23.5039,3.913,1.3279,11.58,0.6211,110.6018,23.1903,3.9625,1.0396,100.0,0.0,100.0,89.2057,0.1539,72.4734,15.1131,17.8193,24.1643,8.6397,11.7161,305.3478,298.598,291.8482,297.645,296.9512,293.0833,6.15,4.8485,1.5958,10076938.7579,-725188153.0,294.192,0.1868,-0.5625,1,20.2288,169.2323,5.5059,0.2015,65.95,68.09,2.7,9835.0680952381,2525.95904761905,173.194763481667,195.719077321429,16.2261904761905,363.162380952381,165.786567246984
2025-09-05,303.65,305.15,294.31,294.38,9837709,JPM,300.26,305.15,294.31,294.38,29839161,300.26,305.15,294.31,294.38,29839161,158785000000,270789000000,58471000000,4002814000000,3658056000000,344758000000,469317000000,389836000000,0,376166000000,-42012000000,0,-163403000000,63447000000,14783000000,58471000000,10.03,23305.023,69302.0,4.26,4.33,323.048,2.94952520485207,643681.0,284637.0,4.3,159410,298.889,298.1063,299.3618,299.8922,299.691,299.689,298.3298,290.9975,297.9087,2.5864,2.4983,0.0881,51.2642,64.5839,0.6458,51.2642,46.0125,0.0,33.3333,-71.7044,17.0636,21.5478,3.832,1.2987,2.91,-0.8552,-19.3274,3.715,0.9984,1.01,100.0,0.0,100.0,75.7335,0.1503,56.0409,5.3891,21.5611,19.356,11.7457,10.5445,304.5471,298.889,293.2309,299.1,297.64,305.15,10.84,5.4477,1.8506,6536648.26,-735025862.0,294.4635,0.0826,-0.6463,0,20.5976,175.2636,4.793,-2.5183,65.95,68.09,2.7,9835.0680952381,2525.95904761905,173.194763481667,195.719077321429,16.2261904761905,363.162380952381,165.786567246984
