Unnamed: 0,open,high,low,close,volume,ticker,weekly_prices_open,weekly_prices_high,weekly_prices_low,weekly_prices_close,weekly_prices_volume,monthly_prices_open,monthly_prices_high,monthly_prices_low,monthly_prices_close,monthly_prices_volume,gross_profit,total_revenue,net_income,total_assets,total_liabilities,total_shareholder_equity,cash_short_term_investments,long_term_debt,current_debt,retained_earnings,operating_cashflow,capital_expenditures,cashflow_from_investment,cashflow_from_financing,dividend_payout,net_income_cashflow,reported_eps,gdp,gdp_per_capita,treasury_yield,federal_funds_rate,cpi,inflation,retail_sales,durables,unemployment,nonfarm_payrolls,sma,ema,wma,dema,tema,trima,kama,mama,t3,macd,macd_signal,macd_hist,stoch_slowk,stoch_slowd,stochf_fastk,stochf_fastd,rsi,stochrsi_fastk,stochrsi_fastd,willr,adx,adxr,ppo,mom,bop,cci,cmo,roc,rocr,aroon_up,aroon_down,aroon_oscillator,mfi,trix,ultosc,dx,minus_di,plus_di,minus_dm,plus_dm,bbands_upper,bbands_middle,bbands_lower,midpoint,midprice,sar,trange,atr,natr,adosc,obv,ht_trendline,ht_sine,ht_leadsine,ht_trendmode,ht_dcperiod,ht_dcphase,ht_inphase,ht_quadrature,crude_oil_price,brent_oil_price,natural_gas_price,copper_price,aluminum_price,wheat_price,corn_price,sugar_price,coffee_price,commodities_index
2025-12-24,0.4074,0.4328,0.385,0.428,745520,AGAE,0.3809,0.3809,0.3388,0.3669,2421575,0.635,0.65,0.3452,0.4114,7064467,2707000,9079000,-16757000,113241666,35712000,77529666,59243000,0,0,-130428000,-9769000,2360000,23808000,23929000,0,-22576000,-0.3499,23852.994,70279.0,4.14,3.72,324.054,2.94952520485207,717004.0,330083.0,4.4,159358,0.3721,0.3826,0.3794,0.3897,0.4095,0.3603,0.4005,0.5139,0.3514,-0.0297,-0.0474,0.0177,85.4029,71.5519,94.7195,85.4029,60.456,100.0,100.0,-5.1064,23.4953,26.3156,-0.6661,0.0604,0.431,147.3027,13.4117,16.4309,1.1643,100.0,50.0,50.0,83.3592,-0.7254,50.8292,41.1771,10.9586,26.301,0.0454,0.109,0.4306,0.3721,0.3135,0.3834,0.3858,0.3406,0.0478,0.0414,9.6793,-653248.3362,530857412.0,0.3811,0.5953,0.9891,1,25.239,36.5366,-0.0415,0.0422,58.72,63.7,3.31,11790.96409090909,2875.897727272727,165.6266704583334,205.3150795535714,14.935,380.4172727272727,170.5647283166936
2025-12-26,0.42,0.4392,0.41,0.4309,587751,AGAE,0.35,0.4392,0.3465,0.4309,2580528,0.635,0.65,0.3452,0.4114,7064467,2707000,9079000,-16757000,113241666,35712000,77529666,59243000,0,0,-130428000,-9769000,2360000,23808000,23929000,0,-22576000,-0.3499,23852.994,70279.0,4.14,3.72,324.054,2.94952520485207,717004.0,330083.0,4.4,159358,0.3762,0.3914,0.39,0.4044,0.4254,0.3677,0.4022,0.5098,0.3571,-0.0236,-0.0427,0.0191,86.5643,82.6818,91.1796,86.5643,61.0904,100.0,100.0,-8.2669,25.5225,26.2913,0.016,0.041,0.3733,136.0599,30.4484,10.5155,1.1052,100.0,40.0,60.0,82.8691,-0.463,55.5103,43.7677,10.1627,25.9826,0.0409,0.1045,0.4441,0.3762,0.3082,0.3849,0.389,0.3443,0.0292,0.0402,9.3303,-346321.4295,531445163.0,0.3787,0.7675,0.996,1,24.5531,50.1273,-0.0233,0.0937,56.6,.,.,11790.96409090909,2875.897727272727,165.6266704583334,205.3150795535714,14.935,380.4172727272727,170.5647283166936
2025-12-29,0.4296,0.4914,0.405,0.4235,2159261,AGAE,0.35,0.4392,0.3465,0.4309,2580528,0.635,0.65,0.3452,0.4114,7064467,2707000,9079000,-16757000,113241666,35712000,77529666,59243000,0,0,-130428000,-9769000,2360000,23808000,23929000,0,-22576000,-0.3499,23852.994,70279.0,4.14,3.72,324.054,2.94952520485207,717004.0,330083.0,4.4,159358,0.3805,0.3972,0.3987,0.4126,0.4318,0.3785,0.4036,0.5081,0.3644,-0.0192,-0.038,0.0188,79.6797,83.8823,53.1401,79.6797,58.4325,76.5329,92.1776,-44.4954,28.9511,27.0363,1.018,0.0438,-0.0706,122.6455,24.9837,11.5354,1.1154,100.0,30.0,70.0,87.7043,-0.2199,49.1464,59.8087,8.2038,32.6199,0.0368,0.1462,0.4543,0.3805,0.3068,0.3849,0.4151,0.35,0.0864,0.0448,10.5842,-582096.76,529285902.0,0.3792,0.9595,0.8776,1,23.8742,73.6456,0.0134,0.1166,57.89,63.1,4.35,11790.96409090909,2875.897727272727,165.6266704583334,205.3150795535714,14.935,380.4172727272727,170.5647283166936
2025-12-30,0.423,0.423,0.39,0.3938,400457,AGAE,0.35,0.4392,0.3465,0.4309,2580528,0.635,0.65,0.3452,0.4114,7064467,2707000,9079000,-16757000,113241666,35712000,77529666,59243000,0,0,-130428000,-9769000,2360000,23808000,23929000,0,-22576000,-0.3499,23852.994,70279.0,4.14,3.72,324.054,2.94952520485207,717004.0,330083.0,4.4,159358,0.3854,0.3966,0.4011,0.4087,0.4217,0.3902,0.4028,0.5024,0.3717,-0.0178,-0.0339,0.0161,53.4181,73.2207,15.9345,53.4181,48.9374,0.0,58.8443,-63.9581,30.7029,27.2078,2.1227,0.0482,-0.8848,33.6527,9.6695,13.9468,1.1395,90.0,20.0,70.0,88.8177,-0.0538,50.1992,46.4683,11.0079,30.1188,0.0481,0.1316,0.4555,0.3854,0.3152,0.3849,0.4151,0.3613,0.0335,0.0437,11.0949,-723705.7704,528885445.0,0.3796,0.9956,0.6374,1,23.3697,95.4022,0.0457,0.0845,57.79,62.3,4.4,11790.96409090909,2875.897727272727,165.6266704583334,205.3150795535714,14.935,380.4172727272727,170.5647283166936
2025-12-31,0.3964,0.4028,0.386,0.3918,277007,AGAE,0.35,0.4392,0.3465,0.4309,2580528,0.4109,0.4914,0.3388,0.3918,26553613,2707000,9079000,-16757000,113241666,35712000,77529666,59243000,0,0,-130428000,-9769000,2360000,23808000,23929000,0,-22576000,-0.3705,23852.994,70279.0,4.14,3.72,324.054,2.94952520485207,717004.0,330083.0,4.4,159358,0.3905,0.3957,0.4022,0.4049,0.4132,0.4001,0.4018,0.4968,0.3784,-0.0167,-0.0305,0.0138,25.1552,52.751,6.391,25.1552,48.3496,0.0,25.511,-65.2687,31.9259,26.9328,2.9199,0.0518,-0.2738,5.0072,5.8275,15.2353,1.1524,80.0,10.0,70.0,90.2657,0.052,47.4763,42.933,11.5324,28.8848,0.0473,0.1184,0.4539,0.3905,0.3272,0.3849,0.4151,0.3717,0.0168,0.041,10.4652,-743126.288,528608438.0,0.3798,0.9336,0.4067,1,23.1709,111.0019,0.0625,0.045,57.26,61.35,4.0,11790.96409090909,2875.897727272727,165.6266704583334,205.3150795535714,14.935,380.4172727272727,170.5647283166936
2026-01-02,0.4174,0.4414,0.3999,0.427,341385,AGAE,0.4296,0.4914,0.386,0.427,3178110,0.4109,0.4914,0.3388,0.3918,26553613,2707000,9079000,-16757000,113241666,35712000,77529666,59243000,0,0,-130428000,-9769000,2360000,23808000,23929000,0,-22576000,-0.3705,23852.994,70279.0,4.21,3.64,325.252,2.94952520485207,582400.0,294485.0,4.3,156723,0.3994,0.4014,0.4089,0.4136,0.4228,0.4077,0.4055,0.4933,0.3849,-0.0129,-0.027,0.0141,20.4083,32.9939,38.8994,20.4083,58.1746,77.1147,25.7049,-43.0769,34.1998,27.3622,4.6116,0.0882,0.2313,68.0001,17.0481,26.0331,1.2603,70.0,0.0,70.0,90.2677,0.1697,47.0139,54.6657,10.166,34.6831,0.0426,0.1452,0.4556,0.3994,0.3432,0.3864,0.4166,0.3813,0.0496,0.0419,9.8038,-650273.0075,528949823.0,0.3801,0.8057,0.1509,1,22.9381,126.3227,0.0718,-0.0086,57.21,61.98,.,12986.60681818182,3133.982727272727,169.2505145833334,203.8978238392856,14.78590909090909,363.9104545454545,179.496919568949
2026-01-05,0.427,0.4439,0.4192,0.4192,158632,AGAE,0.4296,0.4914,0.386,0.427,3178110,0.4109,0.4914,0.3388,0.3918,26553613,2707000,9079000,-16757000,113241666,35712000,77529666,59243000,0,0,-130428000,-9769000,2360000,23808000,23929000,0,-22576000,-0.3705,23852.994,70279.0,4.21,3.64,325.252,2.94952520485207,582400.0,294485.0,4.3,156723,0.4071,0.4047,0.4125,0.4172,0.4251,0.412,0.4071,0.4896,0.3911,-0.0103,-0.0236,0.0133,25.5965,23.72,31.4991,25.5965,55.5719,71.6298,49.5815,-49.3506,36.3125,27.7817,5.6773,0.0773,-0.3158,70.0419,29.9286,22.6089,1.2261,60.0,0.0,60.0,89.5397,0.2702,43.7338,55.3266,9.5406,33.1719,0.0383,0.1332,0.449,0.4071,0.3652,0.3989,0.4182,0.386,0.0247,0.0401,9.5768,-603645.6648,528791191.0,0.3814,0.5944,-0.1483,1,22.426,143.5274,0.0586,-0.0674,58.1,63.0,2.82,12986.60681818182,3133.982727272727,169.2505145833334,203.8978238392856,14.78590909090909,363.9104545454545,179.496919568949
2026-01-06,0.4196,0.42,0.39,0.39,278541,AGAE,0.4296,0.4914,0.386,0.427,3178110,0.4109,0.4914,0.3388,0.3918,26553613,2707000,9079000,-16757000,113241666,35712000,77529666,59243000,0,0,-130428000,-9769000,2360000,23808000,23929000,0,-22576000,-0.3705,23852.994,70279.0,4.21,3.64,325.252,2.94952520485207,582400.0,294485.0,4.3,156723,0.4094,0.402,0.4094,0.4101,0.4129,0.4122,0.4067,0.4846,0.3962,-0.0105,-0.021,0.0105,25.769,23.9246,6.9085,25.769,46.8528,0.0,49.5815,-69.9793,35.7426,27.6055,5.8086,0.0231,-0.9867,-44.0441,3.0337,6.296,1.063,50.0,0.0,50.0,85.3037,0.3052,35.8768,30.6133,16.2712,30.6288,0.0637,0.1199,0.4441,0.4094,0.3747,0.4073,0.419,0.4914,0.03,0.0391,10.0337,-618320.646,528512650.0,0.3826,0.4115,-0.3535,1,21.6334,155.6993,0.0314,-0.0915,56.97,62.1,2.85,12986.60681818182,3133.982727272727,169.2505145833334,203.8978238392856,14.78590909090909,363.9104545454545,179.496919568949
2026-01-07,0.39,0.4033,0.3899,0.394,342581,AGAE,0.4296,0.4914,0.386,0.427,3178110,0.4109,0.4914,0.3388,0.3918,26553613,2707000,9079000,-16757000,113241666,35712000,77529666,59243000,0,0,-130428000,-9769000,2360000,23808000,23929000,0,-22576000,-0.3705,23852.994,70279.0,4.21,3.64,325.252,2.94952520485207,582400.0,294485.0,4.3,156723,0.4104,0.4005,0.4066,0.406,0.4061,0.4105,0.4066,0.4828,0.4001,-0.0103,-0.0189,0.0086,17.4081,22.9245,13.8169,17.4081,48.0924,10.9488,27.5262,-83.8932,35.2218,28.3762,6.2231,0.0103,0.2985,-82.911,2.9526,2.6844,1.0268,40.0,0.0,40.0,80.0225,0.3056,33.4696,30.5343,15.7021,29.5062,0.0574,0.1079,0.4426,0.4104,0.3783,0.4104,0.4334,0.4894,0.0134,0.0366,9.2787,-610412.7689,528855231.0,0.3848,0.1954,-0.5553,1,20.71,168.7295,-0.0036,-0.0813,56.01,61.08,3.1,12986.60681818182,3133.982727272727,169.2505145833334,203.8978238392856,14.78590909090909,363.9104545454545,179.496919568949
2026-01-08,0.391,0.3934,0.362,0.3707,470485,AGAE,0.4296,0.4914,0.386,0.427,3178110,0.4109,0.4914,0.3388,0.3918,26553613,2707000,9079000,-16757000,113241666,35712000,77529666,59243000,0,0,-130428000,-9769000,2360000,23808000,23929000,0,-22576000,-0.3705,23852.994,70279.0,4.21,3.64,325.252,2.94952520485207,582400.0,294485.0,4.3,156723,0.4069,0.3951,0.3993,0.3951,0.3908,0.4078,0.4052,0.4772,0.4022,-0.0118,-0.0174,0.0057,10.4494,17.8755,10.6227,10.4494,41.7847,0.0,3.6496,-93.2767,32.6913,28.0933,5.2878,-0.0354,-0.6465,-139.345,-17.2395,-8.7171,0.9128,30.0,100.0,-70.0,71.29,0.2495,34.7845,9.9173,22.0384,26.8908,0.0796,0.0971,0.447,0.4069,0.3668,0.4008,0.4267,0.4854,0.032,0.0361,9.739,-618430.7799,528384746.0,0.3859,-0.1973,-0.8327,0,19.908,191.3773,-0.027,-0.0176,57.74,63.34,2.92,12986.60681818182,3133.982727272727,169.2505145833334,203.8978238392856,14.78590909090909,363.9104545454545,179.496919568949
2026-01-09,0.3607,0.3777,0.3384,0.3436,809389,AGAE,0.427,0.4439,0.3384,0.3436,2059628,0.4109,0.4914,0.3388,0.3918,26553613,2707000,9079000,-16757000,113241666,35712000,77529666,59243000,0,0,-130428000,-9769000,2360000,23808000,23929000,0,-22576000,-0.3705,23852.994,70279.0,4.21,3.64,325.252,2.94952520485207,582400.0,294485.0,4.3,156723,0.3985,0.3857,0.3878,0.3781,0.3683,0.4028,0.397,0.4705,0.4019,-0.015,-0.017,0.0019,9.7895,12.549,4.9289,9.7895,35.7287,0.0,3.6496,-96.6013,29.8512,27.6869,3.425,-0.0844,-0.4351,-164.816,-30.1207,-19.7196,0.8028,20.0,100.0,-80.0,59.0559,0.1246,34.7454,4.2903,26.14,23.9893,0.0952,0.0874,0.4508,0.3985,0.3461,0.3872,0.4149,0.478,0.0393,0.0364,10.6002,-754871.5686,527575357.0,0.3858,-0.6463,-0.9966,1,19.3862,220.264,-0.008,0.0293,58.96,65.11,2.87,12986.60681818182,3133.982727272727,169.2505145833334,203.8978238392856,14.78590909090909,363.9104545454545,179.496919568949
2026-01-12,0.3436,0.3644,0.325,0.3399,783649,AGAE,0.427,0.4439,0.3384,0.3436,2059628,0.4109,0.4914,0.3388,0.3918,26553613,2707000,9079000,-16757000,113241666,35712000,77529666,59243000,0,0,-130428000,-9769000,2360000,23808000,23929000,0,-22576000,-0.3705,23852.994,70279.0,4.21,3.64,325.252,2.94952520485207,582400.0,294485.0,4.3,156723,0.3894,0.3774,0.3772,0.3643,0.3518,0.3952,0.3884,0.4679,0.3992,-0.0177,-0.0171,-0.0006,10.4119,10.2169,15.6842,10.4119,34.96,0.0,0.0,-91.0457,28.0168,28.4839,1.723,-0.091,-0.0939,-149.9512,-36.3689,-21.1186,0.7888,10.0,100.0,-90.0,48.2093,-0.0332,34.7221,11.5066,26.9844,21.4153,0.0991,0.0786,0.4473,0.3894,0.3314,0.3834,0.4082,0.4668,0.0394,0.0367,10.8032,-802817.158,526791708.0,0.3847,-0.8906,-0.9513,1,18.993,242.9501,0.0081,-0.006,59.39,65.4,2.9,12986.60681818182,3133.982727272727,169.2505145833334,203.8978238392856,14.78590909090909,363.9104545454545,179.496919568949
2026-01-13,0.3594,0.3594,0.3321,0.3356,537257,AGAE,0.427,0.4439,0.3384,0.3436,2059628,0.4109,0.4914,0.3388,0.3918,26553613,2707000,9079000,-16757000,113241666,35712000,77529666,59243000,0,0,-130428000,-9769000,2360000,23808000,23929000,0,-22576000,-0.3705,23852.994,70279.0,4.21,3.64,325.252,2.94952520485207,582400.0,294485.0,4.3,156723,0.3806,0.3698,0.3674,0.3529,0.3395,0.3861,0.3807,0.4653,0.3945,-0.0199,-0.0177,-0.0022,11.3836,10.5284,13.5377,11.3836,34.0151,0.0,0.0,-91.0849,26.3657,28.5343,0.0026,-0.0879,-0.8718,-112.3124,-29.5494,-20.7556,0.7924,0.0,90.0,-90.0,12.8991,-0.202,26.3507,11.5066,24.9254,19.7812,0.0892,0.0708,0.4417,0.3806,0.3194,0.3813,0.3844,0.4526,0.0273,0.0358,10.6609,-876561.1376,526254451.0,0.3835,-0.9947,-0.7762,1,18.5676,264.0906,-0.0086,-0.0357,60.85,67.58,3.0,12986.60681818182,3133.982727272727,169.2505145833334,203.8978238392856,14.78590909090909,363.9104545454545,179.496919568949
2026-01-14,0.342,0.394,0.334,0.373,2117310,AGAE,0.427,0.4439,0.3384,0.3436,2059628,0.4109,0.4914,0.3388,0.3918,26553613,2707000,9079000,-16757000,113241666,35712000,77529666,59243000,0,0,-130428000,-9769000,2360000,23808000,23929000,0,-22576000,-0.3705,23852.994,70279.0,4.21,3.64,325.252,2.94952520485207,582400.0,294485.0,4.3,156723,0.3785,0.3704,0.366,0.357,0.349,0.3775,0.3805,0.4607,0.3892,-0.0184,-0.0178,-0.0006,32.929,18.2415,69.5652,32.929,47.6814,100.0,33.3333,-59.6299,24.7392,28.3326,-0.9007,-0.0208,0.5167,-38.8373,-27.6513,-5.2819,0.9472,30.0,80.0,-50.0,43.7595,-0.304,34.3885,10.1008,21.0104,25.7318,0.0803,0.0983,0.4391,0.3785,0.3178,0.3813,0.3844,0.4399,0.06,0.0382,10.2413,-624934.8895,528371761.0,0.3845,-0.9157,-0.3634,1,18.1704,293.6884,-0.0203,-0.0326,61.84,68.87,3.13,12986.60681818182,3133.982727272727,169.2505145833334,203.8978238392856,14.78590909090909,363.9104545454545,179.496919568949
2026-01-15,0.3749,0.375,0.3464,0.3578,720280,AGAE,0.427,0.4439,0.3384,0.3436,2059628,0.4109,0.4914,0.3388,0.3918,26553613,2707000,9079000,-16757000,113241666,35712000,77529666,59243000,0,0,-130428000,-9769000,2360000,23808000,23929000,0,-22576000,-0.3705,23852.994,70279.0,4.21,3.64,325.252,2.94952520485207,582400.0,294485.0,4.3,156723,0.3751,0.3681,0.3623,0.3553,0.3492,0.3684,0.3798,0.4555,0.3837,-0.0183,-0.0179,-0.0004,43.5464,29.2863,47.5362,43.5464,43.6033,70.1596,56.7199,-72.4138,23.2754,28.7376,-2.0193,-0.034,-0.5979,-48.1053,-15.3916,-8.6779,0.9132,20.0,70.0,-50.0,41.0348,-0.3825,35.9722,10.1008,19.3969,23.7556,0.0722,0.0885,0.4362,0.3751,0.314,0.3813,0.3844,0.4284,0.0286,0.0372,10.4081,-511661.6792,527651481.0,0.3858,-0.707,0.0002,1,17.9528,-44.9912,-0.0325,-0.0403,59.13,66.16,2.92,12986.60681818182,3133.982727272727,169.2505145833334,203.8978238392856,14.78590909090909,363.9104545454545,179.496919568949
2026-01-16,0.351,0.3854,0.351,0.3567,680936,AGAE,0.3436,0.394,0.325,0.3567,4839432,0.4109,0.4914,0.3388,0.3918,26553613,2707000,9079000,-16757000,113241666,35712000,77529666,59243000,0,0,-130428000,-9769000,2360000,23808000,23929000,0,-22576000,-0.3705,23852.994,70279.0,4.21,3.64,325.252,2.94952520485207,582400.0,294485.0,4.3,156723,0.3681,0.366,0.3589,0.3539,0.3494,0.3605,0.3771,0.4506,0.3784,-0.018,-0.0179,-0.0001,54.3478,43.6077,45.942,54.3478,43.3055,67.9804,79.38,-73.3389,22.561,29.4368,-4.08,-0.0703,0.1657,-26.3267,-10.9976,-16.4637,0.8354,10.0,60.0,-50.0,43.4687,-0.4411,33.9245,16.1315,17.5913,24.3585,0.065,0.09,0.419,0.3681,0.3171,0.3774,0.3844,0.418,0.0344,0.037,10.3606,-563668.7967,526970545.0,0.3866,-0.4078,0.3572,1,17.9283,-24.0688,-0.0512,-0.014,59.4,66.97,3.06,12986.60681818182,3133.982727272727,169.2505145833334,203.8978238392856,14.78590909090909,363.9104545454545,179.496919568949
2026-01-20,0.3555,0.3678,0.34,0.3492,1421436,AGAE,0.3436,0.394,0.325,0.3567,4839432,0.4109,0.4914,0.3388,0.3918,26553613,2707000,9079000,-16757000,113241666,35712000,77529666,59243000,0,0,-130428000,-9769000,2360000,23808000,23929000,0,-22576000,-0.3705,23852.994,70279.0,4.21,3.64,325.252,2.94952520485207,582400.0,294485.0,4.3,156723,0.3611,0.363,0.3555,0.3505,0.3466,0.3557,0.3739,0.4455,0.3733,-0.0182,-0.018,-0.0002,40.3678,46.0873,27.6252,40.3678,41.1749,52.3904,63.5101,-74.5263,21.0694,28.406,-5.9937,-0.07,-0.2266,-56.3753,-19.1752,-16.6985,0.833,0.0,50.0,-50.0,34.782,-0.493,34.401,7.6451,19.2865,22.4796,0.0695,0.081,0.3997,0.3611,0.3224,0.3648,0.3725,0.4087,0.0278,0.036,10.3209,-686629.3666,525549109.0,0.3863,-0.1019,0.6313,1,18.0466,-5.8509,-0.0462,0.0248,60.3,67.68,4.0,12986.60681818182,3133.982727272727,169.2505145833334,203.8978238392856,14.78590909090909,363.9104545454545,179.496919568949
2026-01-21,0.3495,0.3549,0.3313,0.3371,587363,AGAE,0.3436,0.394,0.325,0.3567,4839432,0.4109,0.4914,0.3388,0.3918,26553613,2707000,9079000,-16757000,113241666,35712000,77529666,59243000,0,0,-130428000,-9769000,2360000,23808000,23929000,0,-22576000,-0.3705,23852.994,70279.0,4.21,3.64,325.252,2.94952520485207,582400.0,294485.0,4.3,156723,0.3558,0.3583,0.3512,0.3442,0.3397,0.3535,0.3706,0.4401,0.3682,-0.0191,-0.0182,-0.0009,27.6059,40.7738,9.2504,27.6059,37.8379,0.0,40.1236,-84.5466,19.0774,27.1496,-7.0103,-0.0529,-0.5254,-93.9689,-25.2137,-13.5641,0.8644,0.0,40.0,-40.0,33.7633,-0.5531,36.2991,1.1494,20.4787,20.955,0.0713,0.0729,0.3915,0.3558,0.3201,0.3648,0.3641,0.4004,0.0236,0.0348,10.3223,-769538.4785,524961746.0,0.3841,0.1283,0.792,1,18.1871,7.3697,-0.034,0.0519,60.38,66.72,4.96,12986.60681818182,3133.982727272727,169.2505145833334,203.8978238392856,14.78590909090909,363.9104545454545,179.496919568949
2026-01-22,0.348,0.36,0.337,0.354,499244,AGAE,0.3436,0.394,0.325,0.3567,4839432,0.4109,0.4914,0.3388,0.3918,26553613,2707000,9079000,-16757000,113241666,35712000,77529666,59243000,0,0,-130428000,-9769000,2360000,23808000,23929000,0,-22576000,-0.3705,23852.994,70279.0,4.21,3.64,325.252,2.94952520485207,582400.0,294485.0,4.3,156723,0.3518,0.3575,0.3508,0.3454,0.3433,0.3526,0.3697,0.4358,0.3634,-0.0183,-0.0182,-0.0001,26.2783,31.4173,41.9593,26.2783,44.7827,100.0,50.7968,-57.971,17.6584,25.1749,-7.6976,-0.04,0.2609,-32.414,-18.7549,-10.1523,0.8985,0.0,30.0,-30.0,39.0181,-0.5834,39.0706,4.8877,19.0776,21.0384,0.0641,0.0707,0.3768,0.3518,0.3267,0.3543,0.3595,0.3928,0.023,0.0336,9.4963,-657525.886,525460990.0,0.3809,0.2961,0.8848,1,18.216,17.2216,-0.0054,0.0621,59.24,65.46,8.42,12986.60681818182,3133.982727272727,169.2505145833334,203.8978238392856,14.78590909090909,363.9104545454545,179.496919568949
2026-01-23,0.3552,0.3713,0.3367,0.3411,701714,AGAE,0.3555,0.3713,0.3313,0.3411,3209757,0.4109,0.4914,0.3388,0.3918,26553613,2707000,9079000,-16757000,113241666,35712000,77529666,59243000,0,0,-130428000,-9769000,2360000,23808000,23929000,0,-22576000,-0.3705,23852.994,70279.0,4.21,3.64,325.252,2.94952520485207,582400.0,294485.0,4.3,156723,0.3488,0.3545,0.3489,0.3421,0.3402,0.3517,0.3687,0.4339,0.3591,-0.0185,-0.0183,-0.0002,23.1081,25.6641,18.1146,23.1081,40.9067,44.1878,48.0626,-76.6667,17.1915,23.5213,-7.687,-0.0296,-0.4075,-24.9948,-19.0001,-7.9849,0.9202,40.0,20.0,20.0,38.1646,-0.6117,36.538,12.9887,17.1197,22.2308,0.0577,0.075,0.371,0.3488,0.3266,0.3543,0.3595,0.386,0.0346,0.0337,9.8843,-718402.74,524759276.0,0.3767,0.4061,0.9333,1,18.2514,23.9585,0.0134,0.0179,60.7,68.16,30.72,12986.60681818182,3133.982727272727,169.2505145833334,203.8978238392856,14.78590909090909,363.9104545454545,179.496919568949
2026-01-26,0.35,0.3506,0.3338,0.3368,236665,AGAE,0.3555,0.3713,0.3313,0.3411,3209757,0.4109,0.4914,0.3388,0.3918,26553613,2707000,9079000,-16757000,113241666,35712000,77529666,59243000,0,0,-130428000,-9769000,2360000,23808000,23929000,0,-22576000,-0.3705,23852.994,70279.0,4.21,3.64,325.252,2.94952520485207,582400.0,294485.0,4.3,156723,0.3481,0.3513,0.3467,0.3385,0.3367,0.3507,0.3684,0.429,0.3549,-0.0187,-0.0184,-0.0004,24.608,24.6648,13.75,24.608,39.6361,25.8923,56.6934,-82.8986,16.5034,22.2601,-6.7415,-0.0068,-0.7857,-90.3656,-21.5338,-1.979,0.9802,30.0,10.0,20.0,40.831,-0.64,31.1814,10.3105,17.1269,21.0646,0.0548,0.0675,0.3713,0.3481,0.3249,0.3543,0.3595,0.3799,0.0168,0.032,9.5082,-726406.3176,524522611.0,0.3721,0.4785,0.9592,1,18.4329,28.5866,0.0055,-0.0099,60.46,67.7,25.01,12986.60681818182,3133.982727272727,169.2505145833334,203.8978238392856,14.78590909090909,363.9104545454545,179.496919568949
2026-01-27,0.334,0.3361,0.3211,0.3272,328963,AGAE,0.3555,0.3713,0.3313,0.3411,3209757,0.4109,0.4914,0.3388,0.3918,26553613,2707000,9079000,-16757000,113241666,35712000,77529666,59243000,0,0,-130428000,-9769000,2360000,23808000,23929000,0,-22576000,-0.3705,23852.994,70279.0,4.21,3.64,325.252,2.94952520485207,582400.0,294485.0,4.3,156723,0.3469,0.3469,0.3429,0.3329,0.3303,0.3484,0.3677,0.4239,0.3508,-0.0195,-0.0186,-0.0009,14.672,20.796,12.1514,14.672,36.8006,0.0,23.36,-91.6324,14.9631,20.6644,-5.7729,-0.0127,-0.4533,-154.5422,-31.9023,-3.7364,0.9626,20.0,100.0,-80.0,43.1962,-0.6781,31.639,1.1004,20.4209,19.9764,0.0621,0.0607,0.3729,0.3469,0.3208,0.3501,0.3576,0.3745,0.0157,0.0304,9.2883,-683181.9789,524193648.0,0.3684,0.491,0.9632,1,18.6683,29.4086,0.0005,-0.022,62.04,70.28,17.19,12986.60681818182,3133.982727272727,169.2505145833334,203.8978238392856,14.78590909090909,363.9104545454545,179.496919568949
2026-01-28,0.3266,0.3294,0.309,0.3119,719495,AGAE,0.3555,0.3713,0.3313,0.3411,3209757,0.4109,0.4914,0.3388,0.3918,26553613,2707000,9079000,-16757000,113241666,35712000,77529666,59243000,0,0,-130428000,-9769000,2360000,23808000,23929000,0,-22576000,-0.3705,23852.994,70279.0,4.21,3.64,325.252,2.94952520485207,582400.0,294485.0,4.3,156723,0.3445,0.3405,0.3366,0.3239,0.3196,0.3451,0.366,0.4217,0.3463,-0.0211,-0.0191,-0.002,10.1854,16.4885,4.6549,10.1854,32.6628,0.0,8.6308,-96.5882,14.5529,19.6461,-4.9763,-0.0237,-0.7206,-163.67,-40.2592,-7.062,0.9294,10.0,100.0,-90.0,42.5231,-0.7395,31.8534,10.8616,23.1203,18.5899,0.068,0.0546,0.3776,0.3445,0.3114,0.3425,0.3515,0.368,0.0204,0.0294,9.4236,-767234.0638,523474153.0,0.3646,0.5196,0.9716,1,18.8408,31.3045,-0.014,-0.018,62.75,70.9,9.34,12986.60681818182,3133.982727272727,169.2505145833334,203.8978238392856,14.78590909090909,363.9104545454545,179.496919568949
2026-01-29,0.3003,0.3145,0.295,0.3032,486194,AGAE,0.3555,0.3713,0.3313,0.3411,3209757,0.4109,0.4914,0.3388,0.3918,26553613,2707000,9079000,-16757000,113241666,35712000,77529666,59243000,0,0,-130428000,-9769000,2360000,23808000,23929000,0,-22576000,-0.3705,23852.994,70279.0,4.21,3.64,325.252,2.94952520485207,582400.0,294485.0,4.3,156723,0.3375,0.3338,0.3291,0.3146,0.309,0.3399,0.3521,0.4158,0.3412,-0.0228,-0.0198,-0.0029,9.1844,11.3473,10.7471,9.1844,30.4963,0.0,0.0,-90.9292,15.1875,19.2314,-5.7236,-0.0698,0.1487,-165.8635,-48.3999,-18.7131,0.8129,0.0,100.0,-100.0,19.2891,-0.8194,32.7852,20.8984,26.4621,17.3136,0.0752,0.0492,0.3729,0.3375,0.3021,0.3305,0.3402,0.3598,0.0195,0.0284,9.3677,-756463.4862,522987959.0,0.3605,0.5201,0.9717,1,18.921,31.3421,-0.0108,0.0046,64.77,71.0,10.25,12986.60681818182,3133.982727272727,169.2505145833334,203.8978238392856,14.78590909090909,363.9104545454545,179.496919568949
2026-01-30,0.3,0.3045,0.284,0.29,330599,AGAE,0.35,0.3506,0.284,0.29,2101916,0.4174,0.4439,0.284,0.29,12552118,2707000,9079000,-16757000,113241666,35712000,77529666,59243000,0,0,-130428000,-9769000,2360000,23808000,23929000,0,-22576000,-0.3705,23852.994,70279.0,4.21,3.64,325.252,2.94952520485207,582400.0,294485.0,4.3,156723,0.3307,0.3258,0.3204,0.3036,0.2966,0.3338,0.3386,0.4133,0.3354,-0.0249,-0.0208,-0.0041,8.137,9.169,9.009,8.137,27.4293,0.0,0.0,-94.0828,16.4665,19.5138,-6.2851,-0.0678,-0.4878,-145.8762,-53.8858,-18.9491,0.8105,10.0,100.0,-90.0,20.8307,-0.9208,33.9071,27.9782,28.4812,16.0282,0.0786,0.0443,0.3733,0.3307,0.2882,0.3234,0.3347,0.3494,0.0205,0.0276,9.5216,-726903.5438,522657360.0,0.3552,0.394,0.9285,1,18.9163,23.2008,-0.0062,-0.0086,64.5,72.25,7.18,12986.60681818182,3133.982727272727,169.2505145833334,203.8978238392856,14.78590909090909,363.9104545454545,179.496919568949
2026-02-02,0.286,0.3,0.2811,0.2832,375437,AGAE,0.35,0.3506,0.284,0.29,2101916,0.4174,0.4439,0.284,0.29,12552118,2707000,9079000,-16757000,113241666,35712000,77529666,59243000,0,0,-130428000,-9769000,2360000,23808000,23929000,0,-22576000,-0.3705,23852.994,70279.0,4.13,3.64,326.785,2.94952520485207,582400.0,294485.0,4.4,157286,0.3234,0.3181,0.3118,0.2935,0.2859,0.3263,0.326,0.4068,0.3289,-0.0268,-0.022,-0.0048,7.8581,8.3932,3.8182,7.8581,25.9362,0.0,0.0,-97.6718,17.8017,19.4356,-6.4621,-0.0735,-0.1481,-123.1614,-55.2786,-20.6056,0.7939,0.0,100.0,-100.0,9.2503,-1.0331,27.8575,29.8182,27.5527,14.8954,0.0737,0.0398,0.3706,0.3234,0.2762,0.3186,0.3262,0.3376,0.0189,0.0267,9.4426,-741639.8766,522281923.0,0.3488,0.1092,0.7801,1,18.831,6.2696,-0.0135,-0.016,61.6,67.72,4.4,12986.60681818182,3133.982727272727,169.2505145833334,203.8978238392856,14.78590909090909,363.9104545454545,179.496919568949
2026-02-03,0.2851,0.2916,0.2742,0.2787,314134,AGAE,0.35,0.3506,0.284,0.29,2101916,0.4174,0.4439,0.284,0.29,12552118,2707000,9079000,-16757000,113241666,35712000,77529666,59243000,0,0,-130428000,-9769000,2360000,23808000,23929000,0,-22576000,-0.3705,23852.994,70279.0,4.13,3.64,326.785,2.94952520485207,582400.0,294485.0,4.4,157286,0.3163,0.3109,0.3037,0.285,0.2776,0.318,0.3155,0.4042,0.3217,-0.0284,-0.0233,-0.0051,6.9931,7.6627,8.1522,6.9931,24.9381,0.0,0.0,-95.3656,19.4474,19.2624,-6.6035,-0.0705,-0.3678,-111.419,-58.5853,-20.189,0.7981,30.0,100.0,-70.0,11.8307,-1.1453,29.5772,34.2584,28.3687,13.8911,0.0732,0.0358,0.3669,0.3163,0.2657,0.3164,0.3228,0.3263,0.0174,0.0258,9.2599,-728499.1273,521967789.0,0.3424,-0.1557,0.5884,1,18.7093,-8.96,-0.017,-0.0211,62.62,70.01,4.11,12986.60681818182,3133.982727272727,169.2505145833334,203.8978238392856,14.78590909090909,363.9104545454545,179.496919568949
2026-02-04,0.2799,0.2829,0.2785,0.2813,272948,AGAE,0.35,0.3506,0.284,0.29,2101916,0.4174,0.4439,0.284,0.29,12552118,2707000,9079000,-16757000,113241666,35712000,77529666,59243000,0,0,-130428000,-9769000,2360000,23808000,23929000,0,-22576000,-0.3705,23852.994,70279.0,4.13,3.64,326.785,2.94952520485207,582400.0,294485.0,4.4,157286,0.3107,0.3055,0.2973,0.2799,0.2741,0.3093,0.3095,0.3981,0.3143,-0.0291,-0.0244,-0.0046,9.8627,8.238,17.6179,9.8627,26.7479,32.5596,10.8532,-92.688,20.9285,19.2935,-6.7547,-0.0558,0.3182,-90.8174,-50.8613,-16.553,0.8345,20.0,90.0,-70.0,12.9108,-1.2391,29.27,34.2584,27.8412,13.6329,0.0659,0.0323,0.3632,0.3107,0.2583,0.3164,0.3228,0.3159,0.0044,0.0237,8.4133,-633210.6027,522240737.0,0.3361,-0.2882,0.4733,1,18.6973,-16.7529,-0.0283,-0.0244,64.56,71.15,6.88,12986.60681818182,3133.982727272727,169.2505145833334,203.8978238392856,14.78590909090909,363.9104545454545,179.496919568949
2026-02-05,0.28,0.2822,0.2575,0.2587,494906,AGAE,0.35,0.3506,0.284,0.29,2101916,0.4174,0.4439,0.284,0.29,12552118,2707000,9079000,-16757000,113241666,35712000,77529666,59243000,0,0,-130428000,-9769000,2360000,23808000,23929000,0,-22576000,-0.3705,23852.994,70279.0,4.13,3.64,326.785,2.94952520485207,582400.0,294485.0,4.4,157286,0.3012,0.297,0.2878,0.2691,0.2625,0.3,0.289,0.3911,0.3065,-0.0311,-0.0258,-0.0053,9.4411,8.7656,2.5532,9.4411,21.6958,0.0,10.8532,-98.9455,23.5241,20.3578,-7.7416,-0.0953,-0.8623,-111.7749,-61.1335,-26.9209,0.7308,10.0,100.0,-90.0,0.0,-1.3479,24.4515,46.8849,33.7829,12.2162,0.0803,0.029,0.3534,0.3012,0.249,0.2999,0.3144,0.3076,0.0247,0.0238,9.1882,-678833.6866,521745831.0,0.3301,-0.3142,0.4491,1,18.8663,-18.3109,-0.0343,-0.0111,62.9,69.87,5.28,12986.60681818182,3133.982727272727,169.2505145833334,203.8978238392856,14.78590909090909,363.9104545454545,179.496919568949
2026-02-06,0.2509,0.2753,0.2509,0.2702,485671,AGAE,0.286,0.3,0.2509,0.2702,1943096,0.4174,0.4439,0.284,0.29,12552118,2707000,9079000,-16757000,113241666,35712000,77529666,59243000,0,0,-130428000,-9769000,2360000,23808000,23929000,0,-22576000,-0.3705,23852.994,70279.0,4.13,3.64,326.785,2.94952520485207,582400.0,294485.0,4.4,157286,0.2941,0.2921,0.2822,0.2653,0.2608,0.2917,0.2844,0.385,0.2988,-0.0314,-0.0269,-0.0045,19.8262,13.0433,39.3075,19.8262,29.251,100.0,44.1865,-80.6419,26.194,21.3487,-8.5049,-0.0709,0.791,-99.5373,-63.7778,-20.7857,0.7921,0.0,100.0,-100.0,0.0,-1.4309,32.8697,50.2234,33.0935,10.9655,0.0789,0.0261,0.3418,0.2941,0.2465,0.2977,0.3008,0.2976,0.0244,0.0238,8.8205,-545853.1499,522231502.0,0.325,-0.2531,0.5051,1,19.3088,-14.6593,-0.0356,-0.0005,63.77,70.45,4.37,12986.60681818182,3133.982727272727,169.2505145833334,203.8978238392856,14.78590909090909,363.9104545454545,179.496919568949
2026-02-09,0.27,0.2727,0.261,0.2717,256719,AGAE,0.286,0.3,0.2509,0.2702,1943096,0.4174,0.4439,0.284,0.29,12552118,2707000,9079000,-16757000,113241666,35712000,77529666,59243000,0,0,-130428000,-9769000,2360000,23808000,23929000,0,-22576000,-0.3705,23852.994,70279.0,4.13,3.64,326.785,2.94952520485207,582400.0,294485.0,4.4,157286,0.2876,0.2884,0.2781,0.2634,0.2612,0.2848,0.2816,0.3794,0.2914,-0.0311,-0.0277,-0.0034,30.9888,20.0854,51.1057,30.9888,30.2266,100.0,66.6667,-75.5869,28.597,21.78,-9.5182,-0.0651,0.1453,-81.5611,-46.7964,-19.329,0.8067,0.0,90.0,-90.0,5.8239,-1.4836,36.2628,50.2234,31.3817,10.3984,0.071,0.0235,0.3273,0.2876,0.2479,0.293,0.2935,0.2882,0.0117,0.0226,8.3252,-374108.6498,522488221.0,0.3211,-0.1905,0.5594,1,19.9179,-10.9825,-0.0342,0.0089,64.53,71.19,3.25,12986.60681818182,3133.982727272727,169.2505145833334,203.8978238392856,14.78590909090909,363.9104545454545,179.496919568949
2026-02-10,0.2804,0.2894,0.2704,0.2736,453556,AGAE,0.286,0.3,0.2509,0.2702,1943096,0.4174,0.4439,0.284,0.29,12552118,2707000,9079000,-16757000,113241666,35712000,77529666,59243000,0,0,-130428000,-9769000,2360000,23808000,23929000,0,-22576000,-0.3705,23852.994,70279.0,4.13,3.64,326.785,2.94952520485207,582400.0,294485.0,4.4,157286,0.2823,0.2857,0.2756,0.2631,0.2632,0.2794,0.2801,0.3741,0.2848,-0.0304,-0.0283,-0.0022,49.7914,33.5355,58.961,49.7914,31.5551,100.0,100.0,-71.0828,28.2941,21.4235,-10.2686,-0.0536,-0.3579,-32.8961,-32.5808,-16.3814,0.8362,0.0,80.0,-80.0,16.2234,-1.5043,35.1808,25.5686,28.7029,17.0137,0.0639,0.0379,0.3124,0.2823,0.2521,0.2853,0.2902,0.2509,0.019,0.0223,8.1351,-365542.145,522941777.0,0.3177,-0.0752,0.6519,1,20.4585,-4.3125,-0.0292,0.0203,64.2,71.01,3.18,12986.60681818182,3133.982727272727,169.2505145833334,203.8978238392856,14.78590909090909,363.9104545454545,179.496919568949
2026-02-11,0.271,0.2754,0.2621,0.2673,309759,AGAE,0.286,0.3,0.2509,0.2702,1943096,0.4174,0.4439,0.284,0.29,12552118,2707000,9079000,-16757000,113241666,35712000,77529666,59243000,0,0,-130428000,-9769000,2360000,23808000,23929000,0,-22576000,-0.3705,23852.994,70279.0,4.13,3.64,326.785,2.94952520485207,582400.0,294485.0,4.4,157286,0.2778,0.2824,0.2728,0.2611,0.2623,0.2753,0.278,0.3687,0.2789,-0.0301,-0.0286,-0.0014,50.888,43.8894,42.5974,50.888,29.4867,79.0214,93.0071,-74.2138,28.6401,21.9138,-10.7172,-0.0446,-0.2782,-72.9762,-38.4304,-14.2995,0.857,0.0,70.0,-70.0,18.4469,-1.5092,36.8137,31.7539,30.8012,15.9545,0.0658,0.0341,0.3017,0.2778,0.2539,0.281,0.2827,0.2517,0.0133,0.0214,7.9917,-350297.0186,522632018.0,0.3149,-0.0102,0.6999,1,21.0809,-0.5826,-0.0202,0.0155,64.8,71.52,3.25,12986.60681818182,3133.982727272727,169.2505145833334,203.8978238392856,14.78590909090909,363.9104545454545,179.496919568949
2026-02-12,0.26,0.267,0.253,0.256,336200,AGAE,0.286,0.3,0.2509,0.2702,1943096,0.4174,0.4439,0.284,0.29,12552118,2707000,9079000,-16757000,113241666,35712000,77529666,59243000,0,0,-130428000,-9769000,2360000,23808000,23929000,0,-22576000,-0.3705,23852.994,70279.0,4.13,3.64,326.785,2.94952520485207,582400.0,294485.0,4.4,157286,0.2731,0.2776,0.2689,0.2563,0.2572,0.272,0.2743,0.3665,0.2735,-0.0303,-0.029,-0.0013,38.2684,46.3159,13.2468,38.2684,26.0799,0.0,59.6738,-90.4851,29.5789,23.0227,-10.5524,-0.0472,-0.2857,-114.3532,-44.316,-15.5673,0.8443,0.0,60.0,-60.0,19.5761,-1.5179,36.8322,38.0276,33.0744,14.8499,0.0683,0.0307,0.2934,0.2731,0.2528,0.273,0.2777,0.2524,0.0143,0.0207,8.0686,-373342.4652,522295818.0,0.3123,0.0372,0.7329,1,21.9679,2.1326,-0.0216,0.0084,63.08,69.8,3.43,12986.60681818182,3133.982727272727,169.2505145833334,203.8978238392856,14.78590909090909,363.9104545454545,179.496919568949
2026-02-13,0.2679,0.2738,0.2576,0.2649,278835,AGAE,0.27,0.2894,0.253,0.2649,1635069,0.4174,0.4439,0.284,0.29,12552118,2707000,9079000,-16757000,113241666,35712000,77529666,59243000,0,0,-130428000,-9769000,2360000,23808000,23929000,0,-22576000,-0.3705,23852.994,70279.0,4.13,3.64,326.785,2.94952520485207,582400.0,294485.0,4.4,157286,0.2706,0.2753,0.2674,0.2559,0.2583,0.2701,0.2737,0.3614,0.2688,-0.0295,-0.0291,-0.0004,29.5122,39.5562,32.6923,29.5122,32.8677,100.0,59.6738,-71.4868,29.4449,23.6233,-10.0053,-0.0251,-0.1852,-55.3241,-36.9624,-8.6552,0.9134,0.0,50.0,-50.0,27.6423,-1.5043,38.0249,28.2396,30.1843,16.8905,0.0615,0.0344,0.2879,0.2706,0.2533,0.2696,0.2754,0.253,0.0178,0.0204,7.6897,-357592.4154,522574653.0,0.31,0.0829,0.7633,1,22.7927,4.7548,-0.019,0.0274,63.05,69.96,3.24,12986.60681818182,3133.982727272727,169.2505145833334,203.8978238392856,14.78590909090909,363.9104545454545,179.496919568949
2026-02-17,0.2673,0.3,0.2578,0.2974,909273,AGAE,0.27,0.2894,0.253,0.2649,1635069,0.4174,0.4439,0.284,0.29,12552118,2707000,9079000,-16757000,113241666,35712000,77529666,59243000,0,0,-130428000,-9769000,2360000,23808000,23929000,0,-22576000,-0.3705,23852.994,70279.0,4.13,3.64,326.785,2.94952520485207,582400.0,294485.0,4.4,157286,0.272,0.2793,0.2723,0.2668,0.2743,0.2696,0.2742,0.3582,0.2655,-0.0259,-0.0284,0.0026,46.8024,38.1943,94.4681,46.8024,51.0903,100.0,66.6667,-5.2953,26.663,23.0552,-8.6319,0.0142,0.7133,116.0673,-36.6261,5.0141,1.0501,100.0,40.0,60.0,46.9897,-1.4096,53.8488,1.6252,24.5364,25.3471,0.0553,0.0572,0.2947,0.272,0.2493,0.2767,0.2754,0.253,0.0422,0.0226,7.5834,-64976.7586,523483926.0,0.308,0.2224,0.8467,1,23.47,12.8513,-0.0059,0.0258,62.53,69.77,3.13,12986.60681818182,3133.982727272727,169.2505145833334,203.8978238392856,14.78590909090909,363.9104545454545,179.496919568949
2026-02-18,0.2984,0.3124,0.2915,0.3059,2740910,AGAE,0.27,0.2894,0.253,0.2649,1635069,0.4174,0.4439,0.284,0.29,12552118,2707000,9079000,-16757000,113241666,35712000,77529666,59243000,0,0,-130428000,-9769000,2360000,23808000,23929000,0,-22576000,-0.3705,23852.994,70279.0,4.13,3.64,326.785,2.94952520485207,582400.0,294485.0,4.4,157286,0.2747,0.2841,0.2784,0.2778,0.2891,0.2707,0.2757,0.3572,0.2642,-0.0221,-0.0272,0.0051,72.0725,49.4624,89.0572,72.0725,54.6662,100.0,100.0,-10.5691,25.2325,23.0805,-7.0421,0.0272,0.3589,190.7116,6.4032,9.7596,1.0976,100.0,30.0,70.0,72.8203,-1.2513,54.0955,12.3583,22.2458,28.5196,0.0498,0.0638,0.3052,0.2747,0.2442,0.281,0.2816,0.2549,0.0209,0.0224,7.3187,390284.9999,526224836.0,0.3068,0.3064,0.8898,1,24.3591,17.8453,-0.0024,0.0109,65.33,71.78,2.98,12986.60681818182,3133.982727272727,169.2505145833334,203.8978238392856,14.78590909090909,363.9104545454545,179.496919568949
2026-02-19,0.3876,0.5888,0.3754,0.3888,217604427,AGAE,0.27,0.2894,0.253,0.2649,1635069,0.4174,0.4439,0.284,0.29,12552118,2707000,9079000,-16757000,113241666,35712000,77529666,59243000,0,0,-130428000,-9769000,2360000,23808000,23929000,0,-22576000,-0.3705,23852.994,70279.0,4.13,3.64,326.785,2.94952520485207,582400.0,294485.0,4.4,157286,0.2855,0.3032,0.2992,0.3136,0.3365,0.2759,0.2946,0.3587,0.2666,-0.0122,-0.0242,0.0119,74.6554,64.5101,40.4407,74.6554,74.7064,100.0,100.0,-59.1891,30.342,26.933,-4.2419,0.1075,0.0056,309.5257,49.9805,38.2154,1.3822,100.0,20.0,80.0,99.569,-0.9,37.9784,76.3271,9.2535,68.9246,0.0448,0.3339,0.3607,0.2855,0.2102,0.3224,0.4198,0.2578,0.2829,0.0484,12.4586,-60001446.3735,743829263.0,0.308,0.3756,0.9209,1,25.5135,22.0605,-0.0009,0.0053,66.66,73.17,3.09,12986.60681818182,3133.982727272727,169.2505145833334,203.8978238392856,14.78590909090909,363.9104545454545,179.496919568949
2026-02-20,0.3535,0.357,0.3061,0.3358,5538652,AGAE,0.2673,0.5888,0.2578,0.3358,226793262,0.4174,0.4439,0.284,0.29,12552118,2707000,9079000,-16757000,113241666,35712000,77529666,59243000,0,0,-130428000,-9769000,2360000,23808000,23929000,0,-22576000,-0.3705,23852.994,70279.0,4.13,3.64,326.785,2.94952520485207,582400.0,294485.0,4.4,157286,0.2932,0.3091,0.3083,0.3225,0.3436,0.2843,0.2978,0.3583,0.2717,-0.0086,-0.0211,0.0124,51.0364,65.9214,23.6111,51.0364,56.8533,57.3287,85.7762,-74.8742,31.961,29.0775,-1.3544,0.0771,-0.3477,60.6009,5.0802,29.8029,1.298,90.0,10.0,80.0,97.8914,-0.5659,38.3544,46.5321,21.1396,57.9344,0.1096,0.3005,0.3716,0.2932,0.2148,0.3224,0.4198,0.2843,0.0827,0.0519,15.4452,-78958184.2797,738290611.0,0.3091,0.579,0.9859,1,26.4886,35.3768,-0.0072,0.0105,66.69,72.75,3.15,12986.60681818182,3133.982727272727,169.2505145833334,203.8978238392856,14.78590909090909,363.9104545454545,179.496919568949
2026-02-23,0.2985,0.328,0.284,0.319,1892273,AGAE,0.2673,0.5888,0.2578,0.3358,226793262,0.4174,0.4439,0.284,0.29,12552118,2707000,9079000,-16757000,113241666,35712000,77529666,59243000,0,0,-130428000,-9769000,2360000,23808000,23929000,0,-22576000,-0.3705,23852.994,70279.0,4.13,3.64,326.785,2.94952520485207,582400.0,294485.0,4.4,157286,0.298,0.3109,0.313,0.3233,0.3398,0.2946,0.2986,0.3563,0.2782,-0.007,-0.0183,0.0112,27.5138,51.0685,18.4894,27.5138,52.4396,5.7134,54.3474,-80.3454,32.5903,30.5936,0.662,0.0488,0.4659,14.4687,-4.9976,18.0607,1.1806,80.0,0.0,80.0,97.452,-0.3003,41.1602,38.2543,23.2896,52.1476,0.1208,0.2704,0.3762,0.298,0.2199,0.3224,0.4209,0.5888,0.0518,0.0519,16.2566,-79179396.299,736398338.0,0.3101,0.6865,0.9996,1,27.0686,43.3506,-0.0046,0.0888,66.36,71.9,3.13,12986.60681818182,3133.982727272727,169.2505145833334,203.8978238392856,14.78590909090909,363.9104545454545,179.496919568949
2026-02-24,0.3035,0.325,0.296,0.314,926640,AGAE,0.2673,0.5888,0.2578,0.3358,226793262,0.4174,0.4439,0.284,0.29,12552118,2707000,9079000,-16757000,113241666,35712000,77529666,59243000,0,0,-130428000,-9769000,2360000,23808000,23929000,0,-22576000,-0.3705,23852.994,70279.0,4.13,3.64,326.785,2.94952520485207,582400.0,294485.0,4.4,157286,0.3023,0.3115,0.3159,0.3221,0.3341,0.3056,0.2991,0.3555,0.285,-0.0061,-0.0158,0.0097,17.3144,31.9548,9.8425,17.3144,51.127,0.0,21.0141,-81.8344,33.1567,30.7254,2.4853,0.0423,0.3621,9.6571,0.7455,15.5686,1.1557,70.0,30.0,40.0,97.4575,-0.1046,42.7083,38.2543,21.9272,49.0969,0.1087,0.2434,0.3788,0.3023,0.2257,0.3224,0.4209,0.5827,0.029,0.0496,15.7875,-72000596.913,735471698.0,0.3107,0.7674,0.996,1,27.6057,50.1213,0.0322,0.1214,65.62,71.21,2.99,12986.60681818182,3133.982727272727,169.2505145833334,203.8978238392856,14.78590909090909,363.9104545454545,179.496919568949
2026-02-25,0.305,0.337,0.2954,0.337,1140405,AGAE,0.2673,0.5888,0.2578,0.3358,226793262,0.4174,0.4439,0.284,0.29,12552118,2707000,9079000,-16757000,113241666,35712000,77529666,59243000,0,0,-130428000,-9769000,2360000,23808000,23929000,0,-22576000,-0.3705,23852.994,70279.0,4.13,3.64,326.785,2.94952520485207,582400.0,294485.0,4.4,157286,0.3086,0.3161,0.3223,0.3286,0.34,0.3167,0.3009,0.3546,0.292,-0.0035,-0.0134,0.0099,15.2401,20.0227,17.3885,15.2401,56.6702,23.5087,9.7407,-74.9851,33.8918,31.2659,4.4613,0.0634,0.7692,23.1696,0.4403,23.1725,1.2317,60.0,20.0,40.0,97.4635,0.0814,46.1398,40.5072,20.057,47.3698,0.0978,0.231,0.3851,0.3086,0.2321,0.3224,0.4209,0.5767,0.0416,0.0488,14.4734,-62155450.3993,736612103.0,0.3112,0.8293,0.9815,1,28.9124,56.0304,0.0584,0.1219,65.3,70.69,3.02,12986.60681818182,3133.982727272727,169.2505145833334,203.8978238392856,14.78590909090909,363.9104545454545,179.496919568949
2026-02-26,0.33,0.35,0.303,0.35,1439945,AGAE,0.2673,0.5888,0.2578,0.3358,226793262,0.4174,0.4439,0.284,0.29,12552118,2707000,9079000,-16757000,113241666,35712000,77529666,59243000,0,0,-130428000,-9769000,2360000,23808000,23929000,0,-22576000,-0.3705,23852.994,70279.0,4.13,3.64,326.785,2.94952520485207,582400.0,294485.0,4.4,157286,0.3169,0.3223,0.3298,0.3375,0.3491,0.3256,0.3042,0.3543,0.2993,-0.0003,-0.0107,0.0104,39.214,23.9228,90.411,39.214,59.5514,100.0,41.1696,-71.1138,34.8036,32.1912,6.5734,0.0827,0.4255,32.6286,4.5122,30.939,1.3094,50.0,10.0,40.0,97.554,0.2704,48.5189,43.0102,18.1173,45.4636,0.088,0.2209,0.3916,0.3169,0.2422,0.3224,0.4209,0.5709,0.047,0.0486,13.8851,-52019230.6529,738052048.0,0.3112,0.9242,0.9236,1,29.1005,67.5455,0.1064,0.0605,65.1,71.66,2.94,12986.60681818182,3133.982727272727,169.2505145833334,203.8978238392856,14.78590909090909,363.9104545454545,179.496919568949
2026-02-27,0.3375,0.342,0.3102,0.3355,551637,AGAE,0.2985,0.35,0.284,0.3355,5950900,0.286,0.5888,0.2509,0.3355,236322327,2707000,9079000,-16757000,113241666,35712000,77529666,59243000,0,0,-130428000,-9769000,2360000,23808000,23929000,0,-22576000,-0.3705,23852.994,70279.0,4.13,3.64,326.785,2.94952520485207,582400.0,294485.0,4.4,157286,0.3248,0.3247,0.3332,0.3391,0.3479,0.3303,0.3062,0.3534,0.3064,0.001,-0.0084,0.0094,61.9432,38.7991,78.0303,61.9432,55.0175,46.182,56.5636,-76.4795,35.6243,32.5346,8.657,0.0795,-0.0629,10.2712,8.4524,31.0547,1.3105,40.0,0.0,40.0,97.4644,0.4132,48.8634,43.0102,16.6062,41.6717,0.0792,0.1988,0.388,0.3248,0.2617,0.3268,0.4232,0.5651,0.0398,0.0477,14.223,-43039807.2822,737500411.0,0.3115,0.9589,0.8786,1,30.1993,73.5244,0.0956,-0.1524,66.96,71.32,2.99,12986.60681818182,3133.982727272727,169.2505145833334,203.8978238392856,14.78590909090909,363.9104545454545,179.496919568949
2026-03-02,0.3238,0.3285,0.3061,0.3132,359062,AGAE,0.2985,0.35,0.284,0.3355,5950900,0.286,0.5888,0.2509,0.3355,236322327,2707000,9079000,-16757000,113241666,35712000,77529666,59243000,0,0,-130428000,-9769000,2360000,23808000,23929000,0,-22576000,-0.3705,23852.994,70279.0,4.13,3.64,326.785,2.94952520485207,582400.0,294485.0,4.4,157286,0.3297,0.3226,0.3311,0.3327,0.3364,0.3322,0.3064,0.3514,0.3126,0.0002,-0.0067,0.0069,67.014,56.0571,32.6007,67.014,48.6839,0.0,48.7273,-83.2628,36.1324,31.3977,9.8464,0.0483,-0.4732,-35.4949,5.6925,18.2333,1.1823,30.0,0.0,30.0,97.3554,0.4709,56.7716,40.7053,16.4357,39.0017,0.0754,0.179,0.3797,0.3297,0.2796,0.3431,0.4233,0.5595,0.0294,0.0459,14.6508,-35495519.6219,737141349.0,0.3117,0.9814,0.8297,1,31.1573,78.9293,0.0183,-0.1975,71.13,77.24,2.99,12986.60681818182,3133.982727272727,169.2505145833334,203.8978238392856,14.78590909090909,363.9104545454545,179.496919568949
2026-03-03,0.31,0.3299,0.28,0.3057,729046,AGAE,0.2985,0.35,0.284,0.3355,5950900,0.286,0.5888,0.2509,0.3355,236322327,2707000,9079000,-16757000,113241666,35712000,77529666,59243000,0,0,-130428000,-9769000,2360000,23808000,23929000,0,-22576000,-0.3705,23852.994,70279.0,4.13,3.64,326.785,2.94952520485207,582400.0,294485.0,4.4,157286,0.3305,0.3195,0.3267,0.3253,0.3247,0.332,0.3064,0.3505,0.3172,-0.001,-0.0055,0.0046,49.1151,59.3574,36.7143,49.1151,46.6759,0.0,15.394,-91.6775,35.1497,30.1911,9.7117,0.0083,-0.0862,-71.7286,-10.4297,2.7909,1.0279,20.0,0.0,20.0,97.1385,0.4597,60.481,26.3061,20.3026,34.7972,0.094,0.1611,0.3787,0.3305,0.2823,0.3472,0.4344,0.554,0.0499,0.0463,15.1415,-29175381.6829,736412303.0,0.3111,1.0,0.7082,1,31.0782,89.9125,-0.0116,-0.0848,74.48,83.28,3.1,12986.60681818182,3133.982727272727,169.2505145833334,203.8978238392856,14.78590909090909,363.9104545454545,179.496919568949
2026-03-04,0.2996,0.3295,0.298,0.3265,412019,AGAE,0.2985,0.35,0.284,0.3355,5950900,0.286,0.5888,0.2509,0.3355,236322327,2707000,9079000,-16757000,113241666,35712000,77529666,59243000,0,0,-130428000,-9769000,2360000,23808000,23929000,0,-22576000,-0.3705,23852.994,70279.0,4.13,3.64,326.785,2.94952520485207,582400.0,294485.0,4.4,157286,0.3326,0.3208,0.326,0.3265,0.3261,0.3309,0.3066,0.3493,0.3207,-0.0003,-0.0045,0.0042,45.2479,53.7923,66.4286,45.2479,52.689,46.7017,15.5672,-84.9417,34.2654,32.3037,9.5266,0.0206,0.854,-42.5304,1.1273,6.7342,1.0673,10.0,90.0,-80.0,97.119,0.4501,62.7119,26.3061,18.8753,32.351,0.0846,0.145,0.378,0.3326,0.2871,0.3472,0.4344,0.543,0.0315,0.0448,13.724,-23831437.176,736824322.0,0.3097,0.9462,0.4402,1,30.3624,108.8809,-0.0151,0.0075,74.58,81.56,2.87,12986.60681818182,3133.982727272727,169.2505145833334,203.8978238392856,14.78590909090909,363.9104545454545,179.496919568949
2026-03-05,0.324,0.324,0.3028,0.3134,193158,AGAE,0.2985,0.35,0.284,0.3355,5950900,0.286,0.5888,0.2509,0.3355,236322327,2707000,9079000,-16757000,113241666,35712000,77529666,59243000,0,0,-130428000,-9769000,2360000,23808000,23929000,0,-22576000,-0.3705,23852.994,70279.0,4.13,3.64,326.785,2.94952520485207,582400.0,294485.0,4.4,157286,0.325,0.3194,0.3225,0.3231,0.3209,0.3276,0.3072,0.3485,0.3231,-0.0007,-0.0037,0.003,52.3379,48.9003,53.871,52.3379,48.8353,25.8872,24.1963,-56.6234,33.4695,32.7152,6.4804,-0.0754,-0.4988,-47.904,4.071,-19.393,0.8061,0.0,80.0,-80.0,29.6721,0.4138,62.1918,26.3061,17.8255,30.5517,0.0761,0.1305,0.3519,0.325,0.2982,0.3278,0.3185,0.5325,0.0237,0.0427,13.6257,-19478639.1606,736631164.0,0.3084,0.8453,0.2199,1,29.5589,122.2988,0.011,0.0334,80.88,88.59,2.9,12986.60681818182,3133.982727272727,169.2505145833334,203.8978238392856,14.78590909090909,363.9104545454545,179.496919568949
2026-03-06,0.29,0.312,0.29,0.3028,337352,AGAE,0.3238,0.3299,0.28,0.3028,2030637,0.286,0.5888,0.2509,0.3355,236322327,2707000,9079000,-16757000,113241666,35712000,77529666,59243000,0,0,-130428000,-9769000,2360000,23808000,23929000,0,-22576000,-0.3705,23852.994,70279.0,4.13,3.64,326.785,2.94952520485207,582400.0,294485.0,4.4,157286,0.3217,0.3164,0.3185,0.3169,0.3126,0.3244,0.3071,0.3463,0.3242,-0.0019,-0.0034,0.0014,55.3303,50.972,45.6914,55.3303,45.8222,0.0,24.1963,-67.4286,31.9426,32.2664,4.6433,-0.033,0.5818,-123.6653,-4.4163,-9.8273,0.9017,0.0,70.0,-70.0,50.0527,0.3435,58.5971,18.2005,19.9296,28.7983,0.0813,0.1174,0.3505,0.3217,0.2929,0.3264,0.315,0.5224,0.0234,0.0408,13.4652,-15909599.0769,736293812.0,0.3064,0.5552,-0.1955,1,28.5334,146.2728,0.0149,-0.0388,90.77,95.74,3.1,12986.60681818182,3133.982727272727,169.2505145833334,203.8978238392856,14.78590909090909,363.9104545454545,179.496919568949
2026-03-09,0.29,0.3094,0.29,0.3094,84162,AGAE,0.3238,0.3299,0.28,0.3028,2030637,0.286,0.5888,0.2509,0.3355,236322327,2707000,9079000,-16757000,113241666,35712000,77529666,59243000,0,0,-130428000,-9769000,2360000,23808000,23929000,0,-22576000,-0.3705,23852.994,70279.0,4.13,3.64,326.785,2.94952520485207,582400.0,294485.0,4.4,157286,0.3208,0.3151,0.3162,0.3145,0.31,0.3212,0.3071,0.3455,0.3243,-0.0023,-0.0032,0.0008,52.8267,53.4983,58.9178,52.8267,48.0401,32.2995,19.3956,-58.0,30.5684,31.8625,3.6701,-0.0096,1.0,-97.9097,-4.4163,-3.0094,0.9699,30.0,60.0,-30.0,65.5792,0.2716,55.8489,18.2005,18.9289,27.3523,0.0731,0.1057,0.3504,0.3208,0.2911,0.3264,0.315,0.5127,0.0194,0.0386,12.4872,-12976431.2175,736377974.0,0.3042,-0.0209,-0.7218,1,27.3102,181.1993,-0.0126,-0.0694,94.65,94.35,3.25,12986.60681818182,3133.982727272727,169.2505145833334,203.8978238392856,14.78590909090909,363.9104545454545,179.496919568949
2026-03-10,0.3094,0.3315,0.3058,0.3107,237467,AGAE,0.3238,0.3299,0.28,0.3028,2030637,0.286,0.5888,0.2509,0.3355,236322327,2707000,9079000,-16757000,113241666,35712000,77529666,59243000,0,0,-130428000,-9769000,2360000,23808000,23929000,0,-22576000,-0.3705,23852.994,70279.0,4.13,3.64,326.785,2.94952520485207,582400.0,294485.0,4.4,157286,0.3204,0.3143,0.3144,0.3131,0.3091,0.3183,0.3071,0.3438,0.3237,-0.0025,-0.003,0.0005,51.4962,53.2178,49.8795,51.4962,48.5015,39.0188,23.7728,-56.1429,30.3193,32.1055,2.9148,-0.0033,0.0506,0.2039,7.1663,-1.051,0.9895,20.0,50.0,-30.0,61.4017,0.2062,52.0251,28.0775,17.6261,31.3881,0.0658,0.1172,0.3505,0.3204,0.2904,0.3264,0.315,0.5034,0.0257,0.0373,12.0186,-10643569.1492,736615441.0,0.3032,-0.3897,-0.9268,1,26.1196,202.9383,-0.0335,-0.0207,83.71,89.84,3.08,12986.60681818182,3133.982727272727,169.2505145833334,203.8978238392856,14.78590909090909,363.9104545454545,179.496919568949
2026-03-11,0.3107,0.3124,0.297,0.2986,153534,AGAE,0.3238,0.3299,0.28,0.3028,2030637,0.286,0.5888,0.2509,0.3355,236322327,2707000,9079000,-16757000,113241666,35712000,77529666,59243000,0,0,-130428000,-9769000,2360000,23808000,23929000,0,-22576000,-0.3705,23852.994,70279.0,4.13,3.64,326.785,2.94952520485207,582400.0,294485.0,4.4,157286,0.3166,0.3115,0.3104,0.3082,0.3031,0.3147,0.3066,0.3415,0.3224,-0.0036,-0.0031,-0.0004,43.1734,49.1655,20.7229,43.1734,44.422,0.0,23.7728,-73.4286,29.4456,32.1246,1.2748,-0.0384,-0.7857,-85.5912,0.2823,-11.3947,0.8861,10.0,40.0,-30.0,49.5369,0.1255,55.5018,21.5823,19.3575,30.0128,0.068,0.1055,0.347,0.3166,0.2862,0.3243,0.315,0.4945,0.0154,0.0351,11.7708,-8760320.0086,736461907.0,0.3033,-0.6703,-0.9987,0,25.173,222.0929,-0.0232,0.0249,86.8,90.98,3.15,12986.60681818182,3133.982727272727,169.2505145833334,203.8978238392856,14.78590909090909,363.9104545454545,179.496919568949
2026-03-12,0.295,0.3051,0.285,0.2963,126517,AGAE,0.3238,0.3299,0.28,0.3028,2030637,0.286,0.5888,0.2509,0.3355,236322327,2707000,9079000,-16757000,113241666,35712000,77529666,59243000,0,0,-130428000,-9769000,2360000,23808000,23929000,0,-22576000,-0.3705,23852.994,70279.0,4.13,3.64,326.785,2.94952520485207,582400.0,294485.0,4.4,157286,0.3112,0.3087,0.3067,0.3037,0.2982,0.311,0.3053,0.3393,0.3204,-0.0046,-0.0034,-0.0011,31.6345,42.1014,24.3011,31.6345,43.6466,0.0,13.0063,-73.7097,27.7917,31.708,-0.9027,-0.0537,0.0647,-114.7412,-8.6124,-15.3429,0.8466,0.0,30.0,-30.0,23.2663,0.0384,57.4978,12.9068,21.7679,28.2197,0.0732,0.0949,0.3342,0.3112,0.2882,0.3159,0.311,0.4859,0.0201,0.0336,11.3543,-7188500.2859,736335390.0,0.3048,-0.8779,-0.9594,0,24.4209,241.3878,-0.0106,0.012,95.61,102.38,3.27,12986.60681818182,3133.982727272727,169.2505145833334,203.8978238392856,14.78590909090909,363.9104545454545,179.496919568949
2026-03-13,0.2986,0.3,0.2835,0.2901,333876,AGAE,0.29,0.3315,0.2835,0.2901,935556,0.286,0.5888,0.2509,0.3355,236322327,2707000,9079000,-16757000,113241666,35712000,77529666,59243000,0,0,-130428000,-9769000,2360000,23808000,23929000,0,-22576000,-0.3705,23852.994,70279.0,4.13,3.64,326.785,2.94952520485207,582400.0,294485.0,4.4,157286,0.3067,0.3053,0.3029,0.2985,0.2925,0.308,0.3036,0.3383,0.3178,-0.0058,-0.0039,-0.0019,19.5913,31.4664,13.75,19.5913,41.4782,0.0,0.0,-80.3883,26.1924,31.1624,-2.8757,-0.0454,-0.5152,-130.6659,-9.7245,-13.532,0.8647,0.0,20.0,-20.0,25.4219,-0.0568,51.8371,11.7988,21.1128,26.7613,0.0674,0.0854,0.3263,0.3067,0.287,0.3083,0.3058,0.4777,0.0165,0.0319,11.0061,-5913229.7551,736001514.0,0.3062,-0.9656,-0.8667,1,23.7027,254.9212,-0.0151,0.0045,98.48,103.23,3.2,12986.60681818182,3133.982727272727,169.2505145833334,203.8978238392856,14.78590909090909,363.9104545454545,179.496919568949
2026-03-16,0.286,0.3022,0.28,0.2833,379691,AGAE,0.29,0.3315,0.2835,0.2901,935556,0.286,0.5888,0.2509,0.3355,236322327,2707000,9079000,-16757000,113241666,35712000,77529666,59243000,0,0,-130428000,-9769000,2360000,23808000,23929000,0,-22576000,-0.3705,23852.994,70279.0,4.13,3.64,326.785,2.94952520485207,582400.0,294485.0,4.4,157286,0.3037,0.3013,0.2987,0.2925,0.2859,0.3052,0.3021,0.3355,0.3145,-0.0072,-0.0046,-0.0027,14.8196,22.0151,6.4078,14.8196,39.1103,0.0,0.0,-93.5922,24.4757,29.8127,-4.1021,-0.0299,-0.1216,-129.4793,-12.4856,-9.5466,0.9045,60.0,100.0,-40.0,25.5312,-0.1611,48.401,9.025,20.7293,24.8422,0.0642,0.0769,0.3272,0.3037,0.2802,0.3049,0.3058,0.4698,0.0222,0.031,10.9268,-4938855.8895,735621823.0,0.3079,-0.9886,-0.5928,1,23.0208,278.6436,-0.0108,0.0129,93.39,101.04,3.03,12986.60681818182,3133.982727272727,169.2505145833334,203.8978238392856,14.78590909090909,363.9104545454545,179.496919568949
2026-03-17,0.28,0.2955,0.28,0.291,124694,AGAE,0.29,0.3315,0.2835,0.2901,935556,0.286,0.5888,0.2509,0.3355,236322327,2707000,9079000,-16757000,113241666,35712000,77529666,59243000,0,0,-130428000,-9769000,2360000,23808000,23929000,0,-22576000,-0.3705,23852.994,70279.0,4.13,3.64,326.785,2.94952520485207,582400.0,294485.0,4.4,157286,0.3022,0.2994,0.2963,0.2907,0.2853,0.302,0.3018,0.3346,0.3109,-0.0076,-0.0052,-0.0025,18.0361,17.4824,33.9506,18.0361,43.1907,76.8189,25.6063,-78.6408,22.9306,28.598,-4.4697,-0.0147,0.7097,-99.3706,-12.4856,-4.8086,0.9519,50.0,100.0,-50.0,37.1388,-0.2457,47.9668,9.025,19.6368,23.5329,0.0578,0.0692,0.3268,0.3022,0.2776,0.3049,0.3058,0.4622,0.0155,0.0294,10.1066,-4074623.4443,735746517.0,0.3104,-0.79,-0.1251,1,22.4629,307.8132,-0.0065,-0.0013,93.39,101.04,3.03,12986.60681818182,3133.982727272727,169.2505145833334,203.8978238392856,14.78590909090909,363.9104545454545,179.496919568949
2026-03-18,0.285,0.301,0.285,0.301,225162,AGAE,0.29,0.3315,0.2835,0.2901,935556,0.286,0.5888,0.2509,0.3355,236322327,2707000,9079000,-16757000,113241666,35712000,77529666,59243000,0,0,-130428000,-9769000,2360000,23808000,23929000,0,-22576000,-0.3705,23852.994,70279.0,4.13,3.64,326.785,2.94952520485207,582400.0,294485.0,4.4,157286,0.2997,0.2997,0.2961,0.2928,0.2899,0.2986,0.3018,0.334,0.3075,-0.0071,-0.0056,-0.0015,41.3412,24.7323,83.6653,41.3412,48.1998,100.0,58.9396,-59.2233,21.9578,27.7136,-5.2024,-0.0255,1.0,-34.3084,-6.7285,-7.8101,0.9219,40.0,90.0,-50.0,30.9631,-0.2918,46.2861,13.2028,18.5175,24.1509,0.052,0.0678,0.3182,0.2997,0.2811,0.2984,0.3058,0.4549,0.016,0.0281,9.3253,-3279011.0399,735971679.0,0.3126,-0.5164,0.2404,1,22.0638,-31.0898,-0.011,-0.0105,93.39,101.04,3.03,12986.60681818182,3133.982727272727,169.2505145833334,203.8978238392856,14.78590909090909,363.9104545454545,179.496919568949
2026-03-19,0.295,0.295,0.2651,0.29,445377,AGAE,0.29,0.3315,0.2835,0.2901,935556,0.286,0.5888,0.2509,0.3355,236322327,2707000,9079000,-16757000,113241666,35712000,77529666,59243000,0,0,-130428000,-9769000,2360000,23808000,23929000,0,-22576000,-0.3705,23852.994,70279.0,4.13,3.64,326.785,2.94952520485207,582400.0,294485.0,4.4,157286,0.2973,0.298,0.2944,0.2908,0.2883,0.2959,0.301,0.3318,0.3043,-0.0075,-0.0059,-0.0015,61.5773,40.3182,67.1159,61.5773,43.5107,48.4124,75.0771,-62.5,20.206,26.0743,-4.4494,-0.0234,-0.1672,-120.3838,-23.9426,-7.4665,0.9253,30.0,100.0,-70.0,28.1455,-0.3323,52.7764,4.4394,23.1106,21.1459,0.0667,0.061,0.3142,0.2973,0.2804,0.297,0.2983,0.4479,0.0359,0.0289,9.9491,-2561125.3995,735526302.0,0.3138,-0.1911,0.559,1,21.8169,-11.0158,-0.0145,-0.0057,93.39,101.04,3.03,12986.60681818182,3133.982727272727,169.2505145833334,203.8978238392856,14.78590909090909,363.9104545454545,179.496919568949
2026-03-20,0.285,0.301,0.2647,0.301,658184,AGAE,0.286,0.3022,0.2647,0.301,1833108,0.286,0.5888,0.2509,0.3355,236322327,2707000,9079000,-16757000,113241666,35712000,77529666,59243000,0,0,-130428000,-9769000,2360000,23808000,23929000,0,-22576000,-0.3705,23852.994,70279.0,4.13,3.64,326.785,2.94952520485207,582400.0,294485.0,4.4,157286,0.2971,0.2985,0.295,0.2931,0.2925,0.2942,0.301,0.3302,0.3016,-0.0068,-0.0061,-0.0007,82.5271,61.8152,96.8,82.5271,49.0212,100.0,82.8041,-45.6587,18.2597,24.414,-3.9703,-0.0018,0.4408,-59.8085,-24.2548,-0.5945,0.9941,20.0,100.0,-80.0,48.5466,-0.3432,63.3452,0.7428,20.2762,20.5796,0.06,0.0609,0.3138,0.2971,0.2804,0.297,0.2981,0.4369,0.0363,0.0296,9.8329,-1825193.1466,736184486.0,0.3143,0.1224,0.7884,1,21.72,7.0321,-0.0157,-0.0017,93.39,101.04,3.03,12986.60681818182,3133.982727272727,169.2505145833334,203.8978238392856,14.78590909090909,363.9104545454545,179.496919568949
2026-03-23,0.2839,0.2948,0.2744,0.2948,407704,AGAE,0.2839,0.2948,0.2744,0.2948,407704,0.3238,0.3315,0.2647,0.2948,5207005,2707000,9079000,-16757000,113241666,35712000,77529666,59243000,0,0,-130428000,-9769000,2360000,23808000,23929000,0,-22576000,-0.3705,23852.994,70279.0,4.13,3.64,326.785,2.94952520485207,582400.0,294485.0,4.4,157286,0.2957,0.2978,0.2946,0.2929,0.2927,0.2933,0.3008,0.3285,0.2993,-0.0067,-0.0062,-0.0004,82.2787,75.461,82.9201,82.2787,46.1988,51.5934,66.6686,-54.9401,16.508,23.4136,-4.067,-0.0146,0.5343,-56.849,-11.8801,-4.7188,0.9528,10.0,90.0,-80.0,40.7728,-0.3467,65.8822,0.7428,18.4352,18.7111,0.054,0.0548,0.3102,0.2957,0.2811,0.297,0.2981,0.4231,0.0266,0.0293,9.938,-1228479.3025,735776782.0,0.3126,0.2434,0.8579,1,21.7276,14.0867,-0.0177,0.0095,93.39,101.04,3.03,12986.60681818182,3133.982727272727,169.2505145833334,203.8978238392856,14.78590909090909,363.9104545454545,179.496919568949
