Unnamed: 0,open,high,low,close,volume,ticker,weekly_prices_open,weekly_prices_high,weekly_prices_low,weekly_prices_close,weekly_prices_volume,monthly_prices_open,monthly_prices_high,monthly_prices_low,monthly_prices_close,monthly_prices_volume,gross_profit,total_revenue,net_income,total_assets,total_liabilities,total_shareholder_equity,cash_short_term_investments,long_term_debt,current_debt,retained_earnings,operating_cashflow,capital_expenditures,cashflow_from_investment,cashflow_from_financing,dividend_payout,net_income_cashflow,reported_eps,gdp,gdp_per_capita,treasury_yield,federal_funds_rate,cpi,inflation,retail_sales,durables,unemployment,nonfarm_payrolls,sma,ema,wma,dema,tema,trima,kama,mama,t3,macd,macd_signal,macd_hist,stoch_slowk,stoch_slowd,stochf_fastk,stochf_fastd,rsi,stochrsi_fastk,stochrsi_fastd,willr,adx,adxr,apo,ppo,mom,cci,cmo,roc,rocr,aroon_up,aroon_down,aroon_oscillator,mfi,trix,ultosc,dx,minus_di,plus_di,minus_dm,plus_dm,bbands_upper,bbands_middle,bbands_lower,midpoint,midprice,sar,trange,atr,natr,adosc,obv,ht_trendline,ht_sine,ht_leadsine,ht_trendmode,ht_dcperiod,ht_dcphase,ht_inphase,ht_quadrature,crude_oil_price,brent_oil_price,natural_gas_price,copper_price,aluminum_price,wheat_price,corn_price,sugar_price,coffee_price,commodities_index
2025-07-25,809.0,815.19,802.37,812.69,2976879,LLY,768.17,815.19,760.5,812.69,14001844,732.5,825.0,730.695,779.53,64394387,36624400000,45042700000,10590000000,78714900000,64443300000,14192100000,3268400000,28527100000,0,13545000000,8817900000,8403600000,-9301500000,1230100000,4680400000,10590000000,13.0,23358.435,69499.0,4.39,4.33,323.048,2.94952520485207,643820.0,284637.0,4.2,159210,783.2974,788.2768,787.2585,795.4802,801.4597,776.794,794.5876,781.2096,779.7676,4.6399,1.9075,2.7324,94.3152,73.712,95.4288,94.3152,62.7889,100.0,100.0,-4.5315,19.1223,14.7269,1.8855,0.2413,19.638,129.9884,32.8236,2.4817,1.0248,100.0,40.0,60.0,53.7354,0.0349,54.1822,25.8768,16.2458,27.5888,29.981,50.9141,818.4596,783.2974,748.1353,785.4149,785.9239,759.3981,12.7926,18.4546,2.2757,1577433.609,1415647770.0,780.4097,-0.0183,0.694,1,17.6747,-1.0504,-20.2613,10.814,66.38,69.23,3.1,9835.0680952381,2525.95904761905,173.194763481667,195.719077321429,16.2261904761905,363.162380952381,165.786567246984
2025-07-28,812.65,820.22,802.5,808.11,2587722,LLY,768.17,815.19,760.5,812.69,14001844,732.5,825.0,730.695,779.53,64394387,36624400000,45042700000,10590000000,78714900000,64443300000,14192100000,3268400000,28527100000,0,13545000000,8817900000,8403600000,-9301500000,1230100000,4680400000,10590000000,13.0,23358.435,69499.0,4.39,4.33,323.048,2.94952520485207,643820.0,284637.0,4.2,159210,784.1726,791.5693,791.4563,800.1567,806.1815,780.3684,794.7056,782.4684,781.8832,5.849,2.6958,3.1532,88.32,86.7793,79.0194,88.32,60.1743,80.7604,93.5868,-20.1163,20.2758,15.9508,1.1311,0.1444,8.7513,111.2543,32.9312,1.0972,1.011,100.0,30.0,70.0,54.0828,0.073,60.0743,30.6573,14.6827,27.6655,26.9829,50.8419,821.1093,784.1726,747.2359,785.4149,788.4335,761.5601,17.6822,18.3774,2.279,1443426.7178,1413060048.0,782.1746,0.9613,0.8745,1,17.3215,74.0129,-9.5522,27.1603,67.81,70.87,3.12,9835.0680952381,2525.95904761905,173.194763481667,195.719077321429,16.2261904761905,363.162380952381,165.786567246984
2025-07-29,774.5,779.49,755.18,762.95,7100711,LLY,768.17,815.19,760.5,812.69,14001844,732.5,825.0,730.695,779.53,64394387,36624400000,45042700000,10590000000,78714900000,64443300000,14192100000,3268400000,28527100000,0,13545000000,8817900000,8403600000,-9301500000,1230100000,4680400000,10590000000,13.0,23358.435,69499.0,4.39,4.33,323.048,2.94952520485207,643820.0,284637.0,4.2,159210,783.2945,786.0697,787.3015,788.596,788.5664,784.7301,794.3956,781.411,783.5968,3.1347,2.7836,0.3511,62.1316,81.5889,11.9465,62.1316,41.3224,0.0,60.2535,-88.0535,20.4438,16.6172,1.0802,0.1381,-8.7812,-78.1095,-19.3176,-1.1403,0.9886,90.0,100.0,-10.0,49.6973,0.0728,46.7848,21.956,32.7678,20.9693,71.5036,45.7578,821.9069,783.2945,744.682,785.4149,786.0186,818.4692,52.817,21.8213,2.8662,442320.8822,1405959337.0,782.9376,0.9877,0.588,0,16.8328,98.9872,-1.5247,38.0964,70.27,73.21,3.08,9835.0680952381,2525.95904761905,173.194763481667,195.719077321429,16.2261904761905,363.162380952381,165.786567246984
2025-07-30,774.0,778.1,758.41,760.08,4338667,LLY,768.17,815.19,760.5,812.69,14001844,732.5,825.0,730.695,779.53,64394387,36624400000,45042700000,10590000000,78714900000,64443300000,14192100000,3268400000,28527100000,0,13545000000,8817900000,8403600000,-9301500000,1230100000,4680400000,10590000000,13.0,23358.435,69499.0,4.39,4.33,323.048,2.94952520485207,643820.0,284637.0,4.2,159210,780.3288,781.0493,782.7857,779.0087,775.2479,787.6448,793.1933,780.952,784.2884,0.744,2.3757,-1.6317,32.8332,61.0949,7.5338,32.8332,40.4281,0.0,26.9201,-92.4662,20.595,17.7704,-1.0962,-0.1403,-29.6566,-65.4464,-15.8636,-3.763,0.9624,80.0,90.0,-10.0,39.0727,0.0489,44.6493,21.956,29.7877,19.0622,64.3533,41.182,821.4772,780.3288,739.1804,784.7064,786.0186,818.4692,19.648,21.604,2.8484,-1153747.7259,1401620670.0,783.0989,0.8304,0.1931,0,16.2627,123.8646,20.4204,38.4975,71.09,73.98,2.98,9835.0680952381,2525.95904761905,173.194763481667,195.719077321429,16.2261904761905,363.162380952381,165.786567246984
2025-07-31,747.3,766.4468,735.44,740.07,5810267,LLY,768.17,815.19,760.5,812.69,14001844,779.53,820.22,735.44,740.07,71863709,36624400000,45042700000,10590000000,78714900000,64443300000,14192100000,3268400000,28527100000,0,13545000000,8817900000,8403600000,-9301500000,1230100000,4680400000,10590000000,13.0,23358.435,69499.0,4.39,4.33,323.048,2.94952520485207,643820.0,284637.0,4.2,159210,778.1904,773.3113,775.1787,765.3107,757.3572,788.0832,791.8818,778.8289,783.3694,-2.7304,1.3545,-4.0848,8.3138,34.4262,5.4612,8.3138,34.6229,0.0,-0.0,-94.5388,22.2484,19.5668,-1.2783,-0.164,-21.3843,-114.3529,-31.5258,-2.8142,0.9719,70.0,100.0,-30.0,37.4768,-0.0013,37.6202,37.1282,35.8684,16.4453,80.8389,37.0638,825.1769,778.1904,731.2038,774.7228,776.1697,817.1712,30.9406,22.5376,3.0519,-2998410.2044,1395810403.0,781.8318,0.301,-0.4615,1,15.7991,162.4828,31.1097,4.773,70.36,73.43,2.99,9835.0680952381,2525.95904761905,173.194763481667,195.719077321429,16.2261904761905,363.162380952381,165.786567246984
2025-08-01,746.82,768.0,745.99,762.33,4859455,LLY,812.65,820.22,735.44,762.33,24696822,779.53,820.22,735.44,740.07,71863709,36624400000,45042700000,10590000000,78714900000,64443300000,14192100000,3268400000,28527100000,0,13545000000,8817900000,8403600000,-9301500000,1230100000,4680400000,10590000000,13.0,23358.435,69499.0,4.26,4.33,323.976,2.94952520485207,641483.0,312347.0,4.3,159410,777.2544,771.0188,771.9992,762.5972,755.7454,785.3853,791.5639,777.9226,781.3754,-3.6494,0.3537,-4.0031,14.9041,18.6837,31.7174,14.9041,44.4774,38.5674,12.8558,-68.2826,23.5389,21.0848,-1.2992,-0.1669,-9.36,-67.8473,-20.115,-1.2155,0.9878,60.0,90.0,-30.0,48.4135,-0.0446,37.8388,35.1541,31.5354,15.1304,72.755,34.9073,825.2141,777.2544,729.2947,774.7228,776.1697,813.8391,27.8704,23.0709,3.0328,-2730900.5584,1400669858.0,779.7221,-0.7615,-0.9968,1,15.4973,229.5987,26.5903,-20.3917,68.39,70.55,3.0,9835.0680952381,2525.95904761905,173.194763481667,195.719077321429,16.2261904761905,363.162380952381,165.786567246984
2025-08-04,759.97,774.48,752.57,769.0,3353421,LLY,812.65,820.22,735.44,762.33,24696822,779.53,820.22,735.44,740.07,71863709,36624400000,45042700000,10590000000,78714900000,64443300000,14192100000,3268400000,28527100000,0,13545000000,8817900000,8403600000,-9301500000,1230100000,4680400000,10590000000,13.0,23358.435,69499.0,4.26,4.33,323.976,2.94952520485207,641483.0,312347.0,4.3,159410,777.9349,770.3533,770.1999,762.9184,758.1197,780.0235,791.3612,777.3944,778.9025,-3.7969,-0.4764,-3.3205,37.7882,20.3354,76.1862,37.7882,47.1306,100.0,46.1891,-60.4152,23.855,21.4038,-0.4256,-0.0547,6.8054,-46.1947,-13.303,0.8948,1.0089,50.0,80.0,-30.0,56.5583,-0.075,41.061,26.6991,28.5312,16.5065,65.4795,37.8827,825.1142,777.9349,730.7557,774.7228,776.1697,810.6404,21.8632,22.9502,2.9908,-1839945.8071,1404023279.0,777.5011,-0.9991,-0.7363,1,15.1115,267.5804,15.614,-50.9645,67.33,69.56,2.89,9835.0680952381,2525.95904761905,173.194763481667,195.719077321429,16.2261904761905,363.162380952381,165.786567246984
2025-08-05,765.57,769.94,759.5197,765.95,3615197,LLY,812.65,820.22,735.44,762.33,24696822,779.53,820.22,735.44,740.07,71863709,36624400000,45042700000,10590000000,78714900000,64443300000,14192100000,3268400000,28527100000,0,13545000000,8817900000,8403600000,-9301500000,1230100000,4680400000,10590000000,13.0,23358.435,69499.0,4.26,4.33,323.976,2.94952520485207,641483.0,312347.0,4.3,159410,776.8882,769.2555,767.7236,762.2741,758.7189,773.2336,791.0377,777.1328,776.2624,-4.112,-1.2035,-2.9085,59.8075,37.5,71.519,59.8075,46.0135,91.0682,76.5452,-64.0127,24.1394,21.1122,-0.8881,-0.1142,-10.4676,-43.2233,-6.2328,-1.351,0.9865,40.0,70.0,-30.0,48.8085,-0.0976,39.488,26.6991,27.1637,15.7154,58.9316,34.0945,824.7601,776.8882,729.0162,774.7228,776.1697,807.5696,10.3981,21.6949,2.8385,-1038813.4308,1400408082.0,775.9196,-0.9212,-0.3763,1,14.5725,292.8962,-16.8936,-57.6259,66.2,69.14,2.98,9835.0680952381,2525.95904761905,173.194763481667,195.719077321429,16.2261904761905,363.162380952381,165.786567246984
2025-08-06,756.56,763.0,740.19,746.37,4752116,LLY,812.65,820.22,735.44,762.33,24696822,779.53,820.22,735.44,740.07,71863709,36624400000,45042700000,10590000000,78714900000,64443300000,14192100000,3268400000,28527100000,0,13545000000,8817900000,8403600000,-9301500000,1230100000,4680400000,10590000000,13.0,23358.435,69499.0,4.26,4.33,323.976,2.94952520485207,641483.0,312347.0,4.3,159410,771.6474,764.8048,761.8852,755.4513,750.6018,766.4365,787.0468,775.515,773.2125,-5.8706,-2.137,-3.7337,58.5674,52.0544,27.9969,58.5674,39.3588,37.8635,76.3106,-87.1078,25.7679,22.0698,-4.1057,-0.5293,-52.4079,-79.772,-21.392,-6.5741,0.9343,30.0,60.0,-30.0,40.0917,-0.1284,39.2336,40.4243,32.7331,13.8872,72.3269,30.685,820.9377,771.6474,722.3571,774.7228,776.1697,804.6216,25.705,22.0959,2.9668,-1309352.9692,1395655966.0,774.3243,-0.6078,0.1318,1,14.0901,-37.4274,-36.7304,-23.7777,65.38,67.97,3.02,9835.0680952381,2525.95904761905,173.194763481667,195.719077321429,16.2261904761905,363.162380952381,165.786567246984
2025-08-07,675.66,678.2868,633.2,640.86,26101620,LLY,812.65,820.22,735.44,762.33,24696822,779.53,820.22,735.44,740.07,71863709,36624400000,45042700000,10590000000,78714900000,64443300000,14192100000,3268400000,28527100000,0,13545000000,8817900000,8403600000,-9301500000,1230100000,4680400000,10590000000,13.0,23358.435,69499.0,4.26,4.33,323.976,2.94952520485207,641483.0,312347.0,4.3,159410,755.2255,742.0207,737.8569,715.7263,697.8977,757.6304,752.6623,768.7139,767.3121,-15.5803,-4.8256,-10.7547,34.9793,51.118,5.4219,34.9793,21.0934,0.0,42.9772,-95.9042,30.4221,24.7722,-13.0541,-1.6991,-164.2187,-279.6647,-60.5829,-20.4326,0.7957,20.0,100.0,-80.0,22.8107,-0.2416,30.2847,72.3104,55.1187,8.8574,171.8558,27.6165,844.2514,755.2255,666.1996,725.2237,725.1588,801.7915,112.9284,31.1792,4.8756,-6784088.4725,1369554346.0,769.7062,-0.4395,0.3244,1,13.8021,-26.0692,-38.6605,6.8144,64.9,66.99,3.05,9835.0680952381,2525.95904761905,173.194763481667,195.719077321429,16.2261904761905,363.162380952381,165.786567246984
2025-08-08,655.0,656.18,623.78,625.65,14125127,LLY,759.97,774.48,623.78,625.65,51947481,779.53,820.22,735.44,740.07,71863709,36624400000,45042700000,10590000000,78714900000,64443300000,14192100000,3268400000,28527100000,0,13545000000,8817900000,8403600000,-9301500000,1230100000,4680400000,10590000000,13.0,23358.435,69499.0,4.26,4.33,323.976,2.94952520485207,641483.0,312347.0,4.3,159410,736.5614,720.6195,714.0549,681.5959,656.5941,746.4519,717.3669,761.4939,757.717,-24.2208,-8.7047,-15.5162,11.5532,35.0333,1.2409,11.5532,19.634,0.0,12.6212,-99.0481,34.7487,27.5123,-23.368,-3.075,-186.6408,-179.8579,-62.416,-23.0149,0.7699,10.0,100.0,-90.0,15.5386,-0.4011,28.88,73.6881,52.428,7.9423,164.0701,24.8549,846.7656,736.5614,626.3572,715.3498,720.4589,791.595,32.3308,31.2944,5.0126,-12382583.027,1355429219.0,762.5715,-0.3501,0.4148,1,13.5412,-20.4924,-25.9883,32.4693,64.94,67.17,3.03,9835.0680952381,2525.95904761905,173.194763481667,195.719077321429,16.2261904761905,363.162380952381,165.786567246984
2025-08-11,629.415,654.44,625.9,635.22,11294200,LLY,759.97,774.48,623.78,625.65,51947481,779.53,820.22,735.44,740.07,71863709,36624400000,45042700000,10590000000,78714900000,64443300000,14192100000,3268400000,28527100000,0,13545000000,8817900000,8403600000,-9301500000,1230100000,4680400000,10590000000,13.0,23358.435,69499.0,4.26,4.33,323.976,2.94952520485207,641483.0,312347.0,4.3,159410,719.3093,704.8458,695.3827,660.0117,634.8015,732.4988,698.0377,755.1124,745.0612,-29.9527,-12.9543,-16.9984,4.8299,17.1208,7.827,4.8299,23.342,14.0563,4.6854,-92.653,38.6427,29.5432,-32.4316,-4.3142,-172.521,-115.1158,-60.5489,-21.3944,0.7861,0.0,90.0,-90.0,22.8787,-0.5637,29.5476,73.6881,47.5753,7.2071,147.6631,22.3694,834.3006,719.3093,604.3181,695.8365,700.1373,778.0632,28.7285,31.0378,4.8966,-14793743.6502,1366723419.0,751.9111,-0.2131,0.5402,1,13.2562,-12.3038,-2.2523,16.949,65.03,67.36,3.05,9835.0680952381,2525.95904761905,173.194763481667,195.719077321429,16.2261904761905,363.162380952381,165.786567246984
2025-08-12,639.5,646.18,629.398,639.43,6925000,LLY,759.97,774.48,623.78,625.65,51947481,779.53,820.22,735.44,740.07,71863709,36624400000,45042700000,10590000000,78714900000,64443300000,14192100000,3268400000,28527100000,0,13545000000,8817900000,8403600000,-9301500000,1230100000,4680400000,10590000000,13.0,23358.435,69499.0,4.26,4.33,323.976,2.94952520485207,641483.0,312347.0,4.3,159410,706.9837,692.7039,680.611,646.0871,624.002,715.6382,687.4338,752.7715,730.4573,-33.7669,-17.1168,-16.6501,6.7697,7.7176,11.2412,6.7697,25.0327,27.37,13.8088,-89.8587,42.1472,31.3711,-38.1554,-5.1206,-123.2563,-86.1292,-57.2352,-16.1898,0.8381,0.0,80.0,-80.0,23.2813,-0.7086,26.6747,73.6881,44.8845,6.7995,132.8968,20.1324,827.6052,706.9837,586.3622,695.8365,699.4438,765.6141,16.7462,29.6086,4.6404,-14004328.3577,1373648419.0,739.6806,-0.1774,0.5704,1,13.1131,-10.2192,-2.3038,-18.8961,64.22,66.8,2.93,9835.0680952381,2525.95904761905,173.194763481667,195.719077321429,16.2261904761905,363.162380952381,165.786567246984
2025-08-13,650.4,661.75,644.5,660.49,6310033,LLY,759.97,774.48,623.78,625.65,51947481,779.53,820.22,735.44,740.07,71863709,36624400000,45042700000,10590000000,78714900000,64443300000,14192100000,3268400000,28527100000,0,13545000000,8817900000,8403600000,-9301500000,1230100000,4680400000,10590000000,13.0,23358.435,69499.0,4.26,4.33,323.976,2.94952520485207,641483.0,312347.0,4.3,159410,697.046,686.5905,671.9013,643.4476,628.2203,695.8212,684.3733,748.0869,715.4848,-34.6941,-20.6323,-14.0618,28.8059,13.4685,67.3494,28.8059,33.2191,100.0,47.1421,-75.6403,43.5406,32.8945,-41.6414,-5.6372,-99.3774,-52.7049,-43.0699,-13.1026,0.869,0.0,70.0,-70.0,30.0105,-0.8121,28.5866,56.0808,41.4224,11.6557,119.6071,33.656,815.4207,697.046,578.6712,695.8365,697.6377,754.1608,22.2724,28.875,4.3811,-10693831.5062,1379958452.0,727.3753,-0.0953,0.6365,1,13.4404,-5.4708,-14.8158,-59.0934,63.68,66.25,2.95,9835.0680952381,2525.95904761905,173.194763481667,195.719077321429,16.2261904761905,363.162380952381,165.786567246984
2025-08-14,662.0,685.48,655.1,684.43,8395905,LLY,759.97,774.48,623.78,625.65,51947481,779.53,820.22,735.44,740.07,71863709,36624400000,45042700000,10590000000,78714900000,64443300000,14192100000,3268400000,28527100000,0,13545000000,8817900000,8403600000,-9301500000,1230100000,4680400000,10590000000,13.0,23358.435,69499.0,4.26,4.33,323.976,2.94952520485207,641483.0,312347.0,4.3,159410,691.4938,685.932,669.3418,650.0946,643.6131,677.9096,684.3116,744.831,701.7539,-33.1195,-23.1297,-9.9898,58.9629,31.5128,98.2982,58.9629,41.3135,100.0,75.79,-59.7545,42.5078,33.0233,-43.3483,-5.899,-55.5212,-22.8619,-33.6777,-7.5182,0.9248,20.0,60.0,-40.0,38.7964,-0.861,33.5212,33.2125,37.0951,18.5981,107.6464,53.9697,806.7392,691.4938,576.2485,695.8365,697.6377,743.6238,30.3152,29.019,4.2489,-5880607.1881,1388354357.0,718.9852,0.0496,0.7413,1,14.1251,2.8447,-62.5356,-80.5217,64.99,68.12,2.78,9835.0680952381,2525.95904761905,173.194763481667,195.719077321429,16.2261904761905,363.162380952381,165.786567246984
2025-08-15,694.2,706.79,685.8001,701.23,8224629,LLY,629.415,706.79,625.9,701.23,41149767,779.53,820.22,735.44,740.07,71863709,36624400000,45042700000,10590000000,78714900000,64443300000,14192100000,3268400000,28527100000,0,13545000000,8817900000,8403600000,-9301500000,1230100000,4680400000,10590000000,13.0,23358.435,69499.0,4.26,4.33,323.976,2.94952520485207,641483.0,312347.0,4.3,159410,685.5465,688.7135,671.1121,661.6676,663.5578,665.8617,685.1495,742.6509,690.4819,-30.0517,-24.5141,-5.5376,86.2953,58.0214,93.2381,86.2953,46.7912,100.0,100.0,-47.6111,39.7749,31.8149,-45.8539,-6.2693,-59.4728,17.5178,-9.4508,-7.8181,0.9218,10.0,50.0,-40.0,40.8338,-0.8561,37.0873,15.1793,33.9946,25.0344,96.8818,71.3459,791.669,685.5465,579.4241,695.8365,697.6377,733.9298,23.8209,28.4992,4.0642,-2146424.9731,1396578986.0,714.3761,0.2001,0.8343,1,15.0959,11.5411,-95.0763,-11.3133,63.78,67.3,2.98,9835.0680952381,2525.95904761905,173.194763481667,195.719077321429,16.2261904761905,363.162380952381,165.786567246984
2025-08-18,695.02,707.75,693.5,698.05,4997259,LLY,629.415,706.79,625.9,701.23,41149767,779.53,820.22,735.44,740.07,71863709,36624400000,45042700000,10590000000,78714900000,64443300000,14192100000,3268400000,28527100000,0,13545000000,8817900000,8403600000,-9301500000,1230100000,4680400000,10590000000,13.0,23358.435,69499.0,4.26,4.33,323.976,2.94952520485207,641483.0,312347.0,4.3,159410,678.6157,690.411,673.3854,669.6715,676.3777,660.4996,685.9658,740.4209,681.9763,-27.5593,-25.1231,-2.4362,93.1217,79.46,87.8287,93.1217,45.9611,96.1851,98.7284,-48.1642,37.2428,30.6911,-49.6596,-6.8188,-69.3085,35.3263,-4.4073,-9.0321,0.9097,0.0,40.0,-40.0,41.7148,-0.819,48.9145,14.4536,32.2053,24.0713,87.1936,65.1713,770.5672,678.6157,586.6642,694.3148,695.3725,725.0113,14.25,27.0743,3.8786,-998320.3675,1391581727.0,712.1664,0.3375,0.9043,1,16.3095,19.7227,-73.8406,61.2698,64.51,68.18,2.96,9835.0680952381,2525.95904761905,173.194763481667,195.719077321429,16.2261904761905,363.162380952381,165.786567246984
2025-08-19,706.61,714.2661,698.55,703.21,5941004,LLY,629.415,706.79,625.9,701.23,41149767,779.53,820.22,735.44,740.07,71863709,36624400000,45042700000,10590000000,78714900000,64443300000,14192100000,3268400000,28527100000,0,13545000000,8817900000,8403600000,-9301500000,1230100000,4680400000,10590000000,13.0,23358.435,69499.0,4.26,4.33,323.976,2.94952520485207,641483.0,312347.0,4.3,159410,672.5052,692.7381,677.8571,677.6734,687.8033,661.7588,686.8612,738.5604,676.2444,-24.8809,-25.0747,0.1938,88.5086,89.3085,84.4591,88.5086,47.6359,100.0,98.7284,-41.8659,34.4447,30.1063,-52.1915,-7.2018,-61.1051,67.4183,-1.0152,-7.9947,0.9201,0.0,30.0,-30.0,47.306,-0.758,53.8652,9.2617,30.1958,25.0766,78.4742,65.1703,747.4046,672.5052,597.6058,684.5457,691.9099,716.8063,16.2161,25.9885,3.6957,-1207202.4092,1397522731.0,713.5596,0.4094,0.9346,1,17.7422,24.1693,-44.7788,100.4329,63.38,66.62,2.87,9835.0680952381,2525.95904761905,173.194763481667,195.719077321429,16.2261904761905,363.162380952381,165.786567246984
2025-08-20,701.52,705.8,685.1503,705.44,4139402,LLY,629.415,706.79,625.9,701.23,41149767,779.53,820.22,735.44,740.07,71863709,36624400000,45042700000,10590000000,78714900000,64443300000,14192100000,3268400000,28527100000,0,13545000000,8817900000,8403600000,-9301500000,1230100000,4680400000,10590000000,13.0,23358.435,69499.0,4.26,4.33,323.976,2.94952520485207,641483.0,312347.0,4.3,159410,668.5715,695.0476,683.8453,684.6114,696.6865,668.7717,687.4526,736.9043,673.04,-22.321,-24.524,2.2029,85.9049,89.1784,85.4269,85.9049,48.4038,100.0,98.7284,-9.6126,32.7785,31.6003,-51.5379,-7.157,-39.3368,76.0535,-9.6676,-5.2817,0.9472,0.0,20.0,-20.0,47.7991,-0.6825,61.6391,17.7833,33.0104,23.0423,84.0265,58.6533,730.9625,668.5715,606.1805,664.8773,668.3573,714.2661,20.6497,25.4546,3.6083,88250.82,1401662133.0,712.4925,0.5719,0.9845,1,18.47,34.8834,-3.5381,123.5132,64.19,67.61,2.8,9835.0680952381,2525.95904761905,173.194763481667,195.719077321429,16.2261904761905,363.162380952381,165.786567246984
2025-08-21,705.2,718.4,705.2,709.82,3617326,LLY,629.415,706.79,625.9,701.23,41149767,779.53,820.22,735.44,740.07,71863709,36624400000,45042700000,10590000000,78714900000,64443300000,14192100000,3268400000,28527100000,0,13545000000,8817900000,8403600000,-9301500000,1230100000,4680400000,10590000000,13.0,23358.435,69499.0,4.26,4.33,323.976,2.94952520485207,641483.0,312347.0,4.3,159410,675.6043,697.7335,691.345,691.3923,704.6225,679.5361,692.1883,736.3626,672.0462,-19.7116,-23.5615,3.8499,81.3604,85.258,74.1953,81.3604,50.0038,100.0,100.0,-8.942,30.2266,32.4877,-39.8106,-5.5647,70.3279,87.2076,4.2475,10.9975,1.11,100.0,10.0,90.0,66.9819,-0.5974,59.5772,7.2589,31.212,26.9873,75.6239,65.3879,739.1426,675.6043,612.0659,667.0673,670.4243,622.4485,13.2,24.2291,3.4134,264895.9482,1405279459.0,711.6539,0.6721,0.9988,1,18.8513,42.2298,33.4985,86.0271,64.56,68.41,2.88,9835.0680952381,2525.95904761905,173.194763481667,195.719077321429,16.2261904761905,363.162380952381,165.786567246984
2025-08-22,715.04,719.4628,709.4301,711.68,3222726,LLY,695.02,719.4628,685.1503,711.68,21917717,779.53,820.22,735.44,740.07,71863709,36624400000,45042700000,10590000000,78714900000,64443300000,14192100000,3268400000,28527100000,0,13545000000,8817900000,8403600000,-9301500000,1230100000,4680400000,10590000000,13.0,23358.435,69499.0,4.26,4.33,323.976,2.94952520485207,641483.0,312347.0,4.3,159410,684.3408,700.2692,697.9042,697.1557,710.6211,689.1997,699.8219,735.1285,672.8627,-17.2942,-22.308,5.0138,78.98,82.0818,77.3179,78.98,50.7248,100.0,100.0,-8.2012,27.8407,33.2417,-26.1103,-3.6752,87.3655,78.9981,7.0134,13.9938,1.1399,100.0,0.0,100.0,82.8482,-0.5091,54.6782,6.3681,29.8391,26.2662,68.0615,59.9119,740.9106,684.3408,627.7711,672.7721,672.0134,624.3676,10.0327,22.8095,3.205,-252423.0539,1408502185.0,708.9883,0.8042,0.9889,1,19.2423,53.5288,51.7986,32.201,64.08,68.29,2.76,9835.0680952381,2525.95904761905,173.194763481667,195.719077321429,16.2261904761905,363.162380952381,165.786567246984
2025-08-25,711.0,713.4999,694.23,695.33,2898115,LLY,695.02,719.4628,685.1503,711.68,21917717,779.53,820.22,735.44,740.07,71863709,36624400000,45042700000,10590000000,78714900000,64443300000,14192100000,3268400000,28527100000,0,13545000000,8817900000,8403600000,-9301500000,1230100000,4680400000,10590000000,13.0,23358.435,69499.0,4.26,4.33,323.976,2.94952520485207,641483.0,312347.0,4.3,159410,690.4874,699.3712,699.9022,696.089,706.9682,696.2088,698.9809,733.1386,674.6528,-16.5075,-21.1479,4.6405,60.3936,73.578,29.6676,60.3936,44.4624,0.0,66.6667,-26.4011,26.7851,34.4662,-14.4109,-2.0444,61.4659,38.1884,-4.0521,9.697,1.097,90.0,0.0,90.0,75.0513,-0.4371,43.5473,17.2843,34.0475,24.0122,76.4554,53.9207,736.0743,690.4874,644.9006,674.8726,673.7587,628.1714,19.2699,22.4555,3.2295,-1257956.3364,1405604070.0,706.699,0.8646,0.9667,1,19.5709,59.832,50.1675,-18.3892,65.18,.,2.76,9835.0680952381,2525.95904761905,173.194763481667,195.719077321429,16.2261904761905,363.162380952381,165.786567246984
2025-08-26,716.24,736.18,713.0952,736.03,7695621,LLY,695.02,719.4628,685.1503,711.68,21917717,779.53,820.22,735.44,740.07,71863709,36624400000,45042700000,10590000000,78714900000,64443300000,14192100000,3268400000,28527100000,0,13545000000,8817900000,8403600000,-9301500000,1230100000,4680400000,10590000000,13.0,23358.435,69499.0,4.26,4.33,323.976,2.94952520485207,641483.0,312347.0,4.3,159410,700.2839,706.0364,708.1827,708.8044,722.6556,702.1723,708.0595,733.2832,677.8358,-12.4562,-19.4096,6.9534,68.8972,69.4236,99.7061,68.8972,58.5995,100.0,66.6667,-0.1612,24.2779,33.9092,-3.3499,-0.4761,97.9649,144.3402,8.9335,15.3534,1.1535,100.0,0.0,100.0,87.2471,-0.3436,52.3905,1.7133,28.3227,29.3101,68.8099,71.2088,738.0289,700.2839,662.5389,697.5551,689.6521,631.823,40.85,24.295,3.3008,861834.4625,1413299691.0,705.0421,0.9594,0.8778,1,19.6271,73.6184,33.5162,-38.1114,63.6,66.89,2.82,9835.0680952381,2525.95904761905,173.194763481667,195.719077321429,16.2261904761905,363.162380952381,165.786567246984
2025-08-27,736.96,746.5899,731.55,734.17,4326154,LLY,695.02,719.4628,685.1503,711.68,21917717,779.53,820.22,735.44,740.07,71863709,36624400000,45042700000,10590000000,78714900000,64443300000,14192100000,3268400000,28527100000,0,13545000000,8817900000,8403600000,-9301500000,1230100000,4680400000,10590000000,13.0,23358.435,69499.0,4.26,4.33,323.976,2.94952520485207,641483.0,312347.0,4.3,159410,707.7929,711.1516,714.3438,717.6015,731.9468,706.922,713.3028,733.3275,682.2844,-9.2885,-17.3854,8.0968,68.5511,65.9473,76.2797,68.5511,57.8517,94.7106,64.9035,-13.3708,22.7714,32.6396,5.3735,0.765,75.0898,160.7322,19.8111,11.3931,1.1139,100.0,0.0,100.0,86.9297,-0.2456,54.778,9.2129,26.4999,31.8783,61.9289,74.4978,739.0875,707.7929,676.4983,709.4995,700.1458,638.0844,15.0399,23.3695,3.1831,753752.3559,1408973537.0,702.8184,0.9811,0.5569,1,19.3995,101.1563,21.6325,-34.0043,64.49,67.75,2.88,9835.0680952381,2525.95904761905,173.194763481667,195.719077321429,16.2261904761905,363.162380952381,165.786567246984
2025-08-28,735.8,738.59,726.34,731.96,3116995,LLY,695.02,719.4628,685.1503,711.68,21917717,779.53,820.22,735.44,740.07,71863709,36624400000,45042700000,10590000000,78714900000,64443300000,14192100000,3268400000,28527100000,0,13545000000,8817900000,8403600000,-9301500000,1230100000,4680400000,10590000000,13.0,23358.435,69499.0,4.26,4.33,323.976,2.94952520485207,641483.0,312347.0,4.3,159410,712.692,714.9349,718.7378,723.3076,736.6178,710.8643,715.8736,733.3002,687.6188,-6.8772,-15.2837,8.4065,82.6816,73.3766,72.059,82.6816,56.8933,87.9309,94.2139,-23.8118,20.971,30.373,10.5991,1.5096,48.9909,107.0714,15.4841,7.1732,1.0717,90.0,0.0,90.0,78.9904,-0.154,57.5497,4.7674,27.3822,30.1238,60.946,67.048,742.1959,712.692,683.1881,715.68,715.8701,646.7649,12.25,22.2575,3.0408,559243.489,1405856542.0,700.9762,0.8558,0.2393,1,19.025,121.1563,12.5191,-17.7208,64.96,68.61,2.9,9835.0680952381,2525.95904761905,173.194763481667,195.719077321429,16.2261904761905,363.162380952381,165.786567246984
2025-08-29,732.315,737.42,728.5001,732.58,2551151,LLY,711.0,746.5899,694.23,732.58,20588036,746.82,774.48,623.78,732.58,140462456,36624400000,45042700000,10590000000,78714900000,64443300000,14192100000,3268400000,28527100000,0,13545000000,8817900000,8403600000,-9301500000,1230100000,4680400000,10590000000,13.0,23358.435,69499.0,4.26,4.33,323.976,2.94952520485207,641483.0,312347.0,4.3,159410,715.827,718.1431,722.3538,727.6184,739.4107,714.6083,717.426,733.2858,693.4556,-4.8602,-13.199,8.3389,73.8606,75.0311,73.2431,73.8606,57.1147,89.4975,90.713,-22.8027,19.3507,28.2967,15.1402,2.1608,31.35,83.7474,16.8672,4.4707,1.0447,80.0,30.0,50.0,76.3181,-0.0724,53.6863,4.7674,26.2149,28.8396,54.8514,60.3432,746.4347,715.827,685.2193,715.68,715.8701,654.7509,8.9199,20.9238,2.8562,359660.6467,1408407693.0,699.0411,0.6088,-0.1305,1,18.6569,142.4967,12.1055,-11.813,64.36,67.83,2.88,9835.0680952381,2525.95904761905,173.194763481667,195.719077321429,16.2261904761905,363.162380952381,165.786567246984
2025-09-02,727.99,737.14,723.64,735.19,3222500,LLY,711.0,746.5899,694.23,732.58,20588036,746.82,774.48,623.78,732.58,140462456,36624400000,45042700000,10590000000,78714900000,64443300000,14192100000,3268400000,28527100000,0,13545000000,8817900000,8403600000,-9301500000,1230100000,4680400000,10590000000,13.0,23358.435,69499.0,4.12,4.22,323.976,2.94952520485207,641483.0,312347.0,4.3,159410,719.541,721.2426,725.8744,731.5309,741.8445,719.3327,719.6184,733.3238,699.5045,-3.0163,-11.1625,8.1462,70.4224,75.6548,65.9651,70.4224,58.1212,71.9651,83.1312,-18.5546,17.4232,25.9339,20.4627,2.9271,37.14,63.6212,12.274,5.3205,1.0532,70.0,20.0,50.0,67.3456,-0.0008,57.1791,0.076,26.8695,26.9104,54.2264,54.3089,749.6278,719.541,689.4542,715.68,715.8701,662.098,13.5,20.1814,2.7451,974448.011,1411630193.0,696.1732,-0.0821,-0.7627,1,18.398,184.7066,2.779,0.8671,65.95,68.09,2.7,9835.0680952381,2525.95904761905,173.194763481667,195.719077321429,16.2261904761905,363.162380952381,165.786567246984
2025-09-03,732.02,737.83,729.02,737.83,2218818,LLY,711.0,746.5899,694.23,732.58,20588036,746.82,774.48,623.78,732.58,140462456,36624400000,45042700000,10590000000,78714900000,64443300000,14192100000,3268400000,28527100000,0,13545000000,8817900000,8403600000,-9301500000,1230100000,4680400000,10590000000,13.0,23358.435,69499.0,4.12,4.22,323.976,2.94952520485207,641483.0,312347.0,4.3,159410,723.003,724.2585,729.1996,735.1438,744.0705,724.2077,721.7333,733.414,705.5548,-1.3266,-9.1953,7.8687,67.0128,70.4319,61.8303,67.0128,59.1973,100.0,87.1542,-14.2577,15.7586,24.2686,25.2489,3.6186,34.62,65.4445,16.3192,4.9231,1.0492,60.0,10.0,50.0,64.2189,0.0612,60.3377,0.7769,25.6265,26.0278,48.8037,49.568,752.7417,723.003,693.2643,716.58,715.8701,668.8574,8.81,19.0442,2.5811,1843353.2954,1413849011.0,696.5623,-0.345,-0.9076,1,18.3199,200.1817,13.331,27.3553,64.36,67.76,3.0,9835.0680952381,2525.95904761905,173.194763481667,195.719077321429,16.2261904761905,363.162380952381,165.786567246984
2025-09-04,736.315,747.0,735.33,742.91,2423422,LLY,711.0,746.5899,694.23,732.58,20588036,746.82,774.48,623.78,732.58,140462456,36624400000,45042700000,10590000000,78714900000,64443300000,14192100000,3268400000,28527100000,0,13545000000,8817900000,8403600000,-9301500000,1230100000,4680400000,10590000000,13.0,23358.435,69499.0,4.12,4.22,323.976,2.94952520485207,641483.0,312347.0,4.3,159410,726.75,727.6497,732.8191,739.3304,747.285,728.28,724.3666,733.8888,711.5184,0.4175,-7.2727,7.6902,70.0956,69.1769,82.4914,70.0956,61.3223,100.0,90.655,-7.7506,15.1917,22.7091,29.0892,4.1695,37.47,94.076,21.0628,5.3116,1.0531,100.0,0.0,100.0,73.9728,0.1164,64.8675,10.0894,23.9929,29.3777,43.9234,53.7812,756.133,726.75,697.367,719.12,720.615,675.076,11.67,18.3068,2.4642,2261836.8023,1416272433.0,699.8012,-0.4638,-0.9544,1,18.3915,207.6335,27.6305,5.6146,63.81,66.41,3.11,9835.0680952381,2525.95904761905,173.194763481667,195.719077321429,16.2261904761905,363.162380952381,165.786567246984
2025-09-05,744.7,744.7,722.57,727.21,3958249,LLY,727.99,747.0,722.57,727.21,11822989,746.82,774.48,623.78,732.58,140462456,36624400000,45042700000,10590000000,78714900000,64443300000,14192100000,3268400000,28527100000,0,13545000000,8817900000,8403600000,-9301500000,1230100000,4680400000,10590000000,13.0,23358.435,69499.0,4.12,4.22,323.976,2.94952520485207,641483.0,312347.0,4.3,159410,728.489,727.5697,732.9027,737.0613,741.7784,731.2363,724.4601,733.5548,716.8874,0.5268,-5.7128,6.2396,54.4383,63.8489,18.993,54.4383,52.0192,0.0,66.6667,-37.5024,14.0586,20.9497,26.4424,3.7665,17.39,22.8332,7.3854,2.4499,1.0245,90.0,20.0,70.0,63.1439,0.149,49.3483,3.8611,27.9794,25.899,52.291,48.4031,755.6312,728.489,701.3468,719.12,720.615,682.2684,22.13,18.6891,2.57,1496105.31,1412314184.0,702.9125,-0.4925,-0.9636,1,18.556,209.5035,19.0694,-14.0718,62.22,64.92,3.05,9835.0680952381,2525.95904761905,173.194763481667,195.719077321429,16.2261904761905,363.162380952381,165.786567246984
2025-09-08,729.71,742.7,719.2183,738.64,4534603,LLY,727.99,747.0,722.57,727.21,11822989,746.82,774.48,623.78,732.58,140462456,36624400000,45042700000,10590000000,78714900000,64443300000,14192100000,3268400000,28527100000,0,13545000000,8817900000,8403600000,-9301500000,1230100000,4680400000,10590000000,13.0,23358.435,69499.0,4.12,4.22,323.976,2.94952520485207,641483.0,312347.0,4.3,159410,731.185,729.5825,734.7484,738.9952,742.79,733.6567,725.1983,733.8091,721.6962,1.5183,-4.2666,5.7849,57.1309,60.5549,69.9082,57.1309,57.2638,56.3744,52.1248,-15.8423,13.3817,20.0834,23.4221,3.3093,26.96,31.0731,3.9576,3.7882,1.0379,80.0,10.0,70.0,64.546,0.175,58.2634,7.29,26.3004,22.7264,50.4136,43.5628,756.4006,731.185,705.9694,719.12,720.615,688.7415,23.4817,19.1684,2.5951,1990738.4413,1416848787.0,707.3336,-0.538,-0.9765,1,18.7925,212.5474,14.7082,-13.2657,62.6,65.44,3.1,9835.0680952381,2525.95904761905,173.194763481667,195.719077321429,16.2261904761905,363.162380952381,165.786567246984
2025-09-09,734.18,752.8394,733.87,750.61,2986919,LLY,727.99,747.0,722.57,727.21,11822989,746.82,774.48,623.78,732.58,140462456,36624400000,45042700000,10590000000,78714900000,64443300000,14192100000,3268400000,28527100000,0,13545000000,8817900000,8403600000,-9301500000,1230100000,4680400000,10590000000,13.0,23358.435,69499.0,4.12,4.22,323.976,2.94952520485207,641483.0,312347.0,4.3,159410,736.713,733.4057,738.2802,744.235,748.499,735.8943,729.5869,734.6491,726.2308,3.2326,-2.7668,5.9994,60.7568,57.442,93.369,60.7568,62.086,100.0,52.1248,-5.6094,12.4631,18.3705,23.1128,3.2389,55.28,180.3791,16.8496,7.9502,1.0795,100.0,0.0,100.0,72.2751,0.2042,63.5167,4.1952,23.6949,25.7701,45.3723,49.3459,748.9722,736.713,724.4538,738.91,732.9673,694.5674,18.9694,19.1485,2.5511,2739105.7251,1419835706.0,712.2503,-0.5116,-0.9693,1,19.0469,210.7683,8.3766,-16.7916,62.97,67.97,3.12,9835.0680952381,2525.95904761905,173.194763481667,195.719077321429,16.2261904761905,363.162380952381,165.786567246984
2025-09-10,748.09,755.8015,742.485,754.62,2477423,LLY,727.99,747.0,722.57,727.21,11822989,746.82,774.48,623.78,732.58,140462456,36624400000,45042700000,10590000000,78714900000,64443300000,14192100000,3268400000,28527100000,0,13545000000,8817900000,8403600000,-9301500000,1230100000,4680400000,10590000000,13.0,23358.435,69499.0,4.12,4.22,323.976,2.94952520485207,641483.0,312347.0,4.3,159410,738.572,737.2628,741.536,749.279,753.7388,737.363,731.2414,735.0485,730.6586,4.8588,-1.2417,6.1004,86.6826,68.1901,96.7704,86.6826,63.6142,100.0,85.4581,-3.2296,11.958,17.3647,19.144,2.661,18.59,170.4224,23.5536,2.5257,1.0253,100.0,0.0,100.0,67.845,0.2345,66.0304,7.4124,21.9954,25.5172,40.835,47.3734,754.8368,738.572,722.3072,740.915,737.5099,701.56,13.3165,18.5653,2.4602,3444639.405,1422313129.0,717.2586,-0.4417,-0.9467,1,19.3261,206.2104,4.4914,-5.4128,64.01,67.62,2.89,9835.0680952381,2525.95904761905,173.194763481667,195.719077321429,16.2261904761905,363.162380952381,165.786567246984
2025-09-11,752.48,761.13,750.37,756.28,2197534,LLY,727.99,747.0,722.57,727.21,11822989,746.82,774.48,623.78,732.58,140462456,36624400000,45042700000,10590000000,78714900000,64443300000,14192100000,3268400000,28527100000,0,13545000000,8817900000,8403600000,-9301500000,1230100000,4680400000,10590000000,13.0,23358.435,69499.0,4.12,4.22,323.976,2.94952520485207,641483.0,312347.0,4.3,159410,740.783,740.7205,744.7556,753.3809,757.557,739.2173,733.4106,735.4732,735.0154,6.2099,0.2487,5.9613,92.8558,80.0984,88.4281,92.8558,64.2766,100.0,100.0,-11.5719,12.0858,16.5284,16.495,2.2774,22.11,147.8426,29.3467,3.0116,1.0301,100.0,70.0,30.0,65.6009,0.2627,64.2849,13.236,20.6646,26.9695,36.7515,47.9646,759.8268,740.783,721.7392,741.745,740.1742,709.1538,10.76,17.7848,2.3516,3488999.5936,1424510663.0,721.1768,-0.429,-0.9421,1,19.6632,205.4046,6.9826,-4.7754,62.71,67.25,2.81,9835.0680952381,2525.95904761905,173.194763481667,195.719077321429,16.2261904761905,363.162380952381,165.786567246984
2025-09-12,760.17,761.6,748.0,755.39,2198276,LLY,729.71,761.6,719.2183,755.39,14394755,746.82,774.48,623.78,732.58,140462456,36624400000,45042700000,10590000000,78714900000,64443300000,14192100000,3268400000,28527100000,0,13545000000,8817900000,8403600000,-9301500000,1230100000,4680400000,10590000000,13.0,23358.435,69499.0,4.12,4.22,323.976,2.94952520485207,641483.0,312347.0,4.3,159410,743.126,743.3877,747.4115,755.9285,759.2473,741.7197,735.574,736.469,739.215,7.1267,1.6243,5.5025,90.182,89.9068,85.3474,90.182,63.587,90.1678,96.7226,-14.6526,11.8595,15.6051,15.217,2.0905,23.43,106.929,26.154,3.201,1.032,100.0,60.0,40.0,67.5204,0.2848,62.1583,9.8223,20.411,24.8574,35.4464,43.1681,762.9985,743.126,723.2535,741.745,740.4092,717.47,13.6,17.3663,2.299,3250652.862,1422312387.0,724.7284,-0.3436,-0.907,1,20.0067,200.096,0.9855,-7.3417,63.02,67.87,2.86,9835.0680952381,2525.95904761905,173.194763481667,195.719077321429,16.2261904761905,363.162380952381,165.786567246984
2025-09-15,753.07,756.335,742.11,748.19,2790856,LLY,729.71,761.6,719.2183,755.39,14394755,746.82,774.48,623.78,732.58,140462456,36624400000,45042700000,10590000000,78714900000,64443300000,14192100000,3268400000,28527100000,0,13545000000,8817900000,8403600000,-9301500000,1230100000,4680400000,10590000000,13.0,23358.435,69499.0,4.12,4.22,323.976,2.94952520485207,641483.0,312347.0,4.3,159410,744.687,744.2608,748.3322,755.2359,756.6702,744.6987,736.1478,737.0551,742.9861,7.1894,2.7373,4.4521,75.1388,86.0589,51.6408,75.1388,57.9949,0.0,63.3893,-31.641,10.8118,14.1175,14.43,1.976,15.61,47.1221,18.1041,2.1308,1.0213,90.0,50.0,40.0,58.1358,0.2938,61.5887,1.3825,22.1624,22.7838,37.7917,38.8513,763.4204,744.687,725.9536,741.745,740.4092,725.4134,14.225,17.0522,2.2791,2728725.277,1419521531.0,727.5935,-0.3155,-0.8941,1,20.3827,198.3924,-0.6025,15.0234,63.66,67.88,3.0,9835.0680952381,2525.95904761905,173.194763481667,195.719077321429,16.2261904761905,363.162380952381,165.786567246984
2025-09-16,745.405,770.3799,744.54,764.71,3881298,LLY,729.71,761.6,719.2183,755.39,14394755,746.82,774.48,623.78,732.58,140462456,36624400000,45042700000,10590000000,78714900000,64443300000,14192100000,3268400000,28527100000,0,13545000000,8817900000,8403600000,-9301500000,1230100000,4680400000,10590000000,13.0,23358.435,69499.0,4.12,4.22,323.976,2.94952520485207,641483.0,312347.0,4.3,159410,747.639,747.9789,751.9727,760.0005,762.0303,747.9457,738.6346,737.6082,746.5829,8.4745,3.8847,4.5898,72.3107,79.2105,79.9437,72.3107,65.6878,100.0,63.3893,-11.0823,11.5371,13.6478,14.049,1.9151,29.52,112.7063,20.4315,4.0153,1.0402,100.0,40.0,60.0,69.9288,0.3068,66.8006,18.0653,18.9687,27.3332,34.0126,49.0111,768.6241,747.639,726.6539,745.96,744.7991,731.927,25.8399,17.9309,2.3448,2960142.3665,1423402829.0,729.8467,-0.3102,-0.8916,1,20.8525,198.0724,11.3033,22.8427,64.89,69.69,3.07,9835.0680952381,2525.95904761905,173.194763481667,195.719077321429,16.2261904761905,363.162380952381,165.786567246984
2025-09-17,761.485,776.96,756.344,760.13,3471175,LLY,729.71,761.6,719.2183,755.39,14394755,746.82,774.48,623.78,732.58,140462456,36624400000,45042700000,10590000000,78714900000,64443300000,14192100000,3268400000,28527100000,0,13545000000,8817900000,8403600000,-9301500000,1230100000,4680400000,10590000000,13.0,23358.435,69499.0,4.12,4.22,323.976,2.94952520485207,641483.0,312347.0,4.3,159410,749.869,750.1882,754.2438,761.8316,763.183,750.8623,739.8157,738.7343,749.9562,9.0194,4.9117,4.1077,61.0973,69.5156,51.7073,61.0973,62.1799,54.4004,51.4668,-29.147,12.8531,14.0224,13.433,1.8241,22.3,123.1448,31.0134,3.0224,1.0302,100.0,30.0,70.0,71.2594,0.315,61.0681,24.6967,16.8199,27.8525,30.6113,50.6901,770.9499,749.869,728.7881,745.96,748.0892,739.6176,20.616,18.1994,2.3943,2086900.5232,1419931654.0,732.3531,-0.2939,-0.8837,1,21.3508,197.0909,16.9253,7.9187,64.41,69.19,3.19,9835.0680952381,2525.95904761905,173.194763481667,195.719077321429,16.2261904761905,363.162380952381,165.786567246984
2025-09-18,761.38,772.535,759.0101,762.93,3463976,LLY,729.71,761.6,719.2183,755.39,14394755,746.82,774.48,623.78,732.58,140462456,36624400000,45042700000,10590000000,78714900000,64443300000,14192100000,3268400000,28527100000,0,13545000000,8817900000,8403600000,-9301500000,1230100000,4680400000,10590000000,13.0,23358.435,69499.0,4.12,4.22,323.976,2.94952520485207,641483.0,312347.0,4.3,159410,751.871,752.5049,756.6185,763.9268,764.8513,753.441,740.9504,739.944,753.11,9.5668,5.8427,3.7241,63.7976,65.7352,59.7418,63.7976,63.5038,71.6101,75.3368,-24.2979,14.0374,14.048,12.5605,1.6989,20.02,102.4659,33.2415,2.6948,1.0269,90.0,20.0,70.0,72.2806,0.3203,56.2791,24.6967,15.537,25.7281,27.5502,45.6211,773.7168,751.871,730.0252,745.96,748.0892,744.54,13.5249,17.732,2.3242,1076655.551,1423395630.0,734.3134,-0.291,-0.8823,1,21.8385,196.9188,17.2385,-3.0087,63.91,67.83,3.1,9835.0680952381,2525.95904761905,173.194763481667,195.719077321429,16.2261904761905,363.162380952381,165.786567246984
2025-09-19,765.0,765.0,749.2,751.99,7349452,LLY,753.07,776.96,742.11,751.99,20956757,746.82,774.48,623.78,732.58,140462456,36624400000,45042700000,10590000000,78714900000,64443300000,14192100000,3268400000,28527100000,0,13545000000,8817900000,8403600000,-9301500000,1230100000,4680400000,10590000000,13.0,23358.435,69499.0,4.12,4.22,323.976,2.94952520485207,641483.0,312347.0,4.3,159410,754.349,752.4112,756.6402,761.6799,760.6745,755.4607,741.7657,740.5463,755.7531,9.014,6.477,2.5371,46.5997,57.1649,28.3501,46.5997,55.1262,0.0,42.0035,-43.2443,13.4866,13.4342,12.93,1.744,24.78,18.5575,17.6998,3.4075,1.0341,80.0,10.0,70.0,65.0704,0.3125,50.2977,8.5294,19.7307,23.4104,34.6053,41.059,768.8202,754.349,739.8778,751.675,748.0892,776.96,15.8,17.5388,2.3323,-947104.3642,1416046178.0,736.3384,-0.3053,-0.8892,1,22.2426,197.7787,13.5614,-18.7032,63.02,67.05,2.89,9835.0680952381,2525.95904761905,173.194763481667,195.719077321429,16.2261904761905,363.162380952381,165.786567246984
2025-09-22,748.56,762.04,746.265,754.95,2527396,LLY,753.07,776.96,742.11,751.99,20956757,746.82,774.48,623.78,732.58,140462456,36624400000,45042700000,10590000000,78714900000,64443300000,14192100000,3268400000,28527100000,0,13545000000,8817900000,8403600000,-9301500000,1230100000,4680400000,10590000000,13.0,23358.435,69499.0,4.12,4.22,323.976,2.94952520485207,641483.0,312347.0,4.3,159410,755.98,752.8728,756.7495,760.8339,758.9415,756.7663,742.3986,741.2665,757.8474,8.7143,6.9244,1.7899,40.0672,50.1548,32.1098,40.0672,56.838,16.2077,29.2726,-51.0791,12.5425,12.5028,12.3975,1.6673,16.31,-16.5348,13.3063,2.2081,1.0221,70.0,0.0,70.0,55.5402,0.2988,50.0314,4.0451,19.6285,21.2834,34.0797,36.9531,765.9905,755.98,745.9695,756.45,755.415,776.4048,15.775,17.3624,2.2998,-1607596.4977,1418573574.0,737.8432,-0.3404,-0.9056,1,22.5242,199.9031,3.2304,-13.1213,62.99,66.87,2.9,9835.0680952381,2525.95904761905,173.194763481667,195.719077321429,16.2261904761905,363.162380952381,165.786567246984
2025-09-23,750.57,752.9999,743.17,746.98,2910123,LLY,753.07,776.96,742.11,751.99,20956757,746.82,774.48,623.78,732.58,140462456,36624400000,45042700000,10590000000,78714900000,64443300000,14192100000,3268400000,28527100000,0,13545000000,8817900000,8403600000,-9301500000,1230100000,4680400000,10590000000,13.0,23358.435,69499.0,4.12,4.22,323.976,2.94952520485207,641483.0,312347.0,4.3,159410,755.617,751.8014,755.1131,757.4384,753.9885,757.1627,742.4456,741.3808,759.2254,7.7444,7.0884,0.656,23.9118,36.8596,11.2755,23.9118,51.0158,0.0,5.4026,-86.0258,11.3642,11.6611,9.452,1.2667,-3.63,-121.0649,8.5584,-0.4836,0.9952,60.0,0.0,60.0,46.7998,0.2747,47.5382,0.7594,20.0943,19.7914,33.7668,33.2577,766.5965,755.617,744.6375,755.845,759.535,775.1992,11.78,16.8042,2.2496,-1939818.8948,1415663451.0,739.3533,-0.3925,-0.9279,1,22.9464,203.1084,5.4641,3.6053,63.76,67.96,2.86,9835.0680952381,2525.95904761905,173.194763481667,195.719077321429,16.2261904761905,363.162380952381,165.786567246984
2025-09-24,745.99,746.94,736.16,741.85,2243014,LLY,753.07,776.96,742.11,751.99,20956757,746.82,774.48,623.78,732.58,140462456,36624400000,45042700000,10590000000,78714900000,64443300000,14192100000,3268400000,28527100000,0,13545000000,8817900000,8403600000,-9301500000,1230100000,4680400000,10590000000,13.0,23358.435,69499.0,4.12,4.22,323.976,2.94952520485207,641483.0,312347.0,4.3,159410,754.34,749.9921,752.61,753.1238,748.2514,756.4797,742.4238,741.4043,759.7711,6.487,6.9682,-0.4811,19.676,27.885,15.6426,19.676,47.5335,0.0,5.4026,-86.0539,11.3369,11.7114,7.884,1.0562,-12.77,-164.9795,-1.7975,-1.6922,0.9831,50.0,100.0,-50.0,39.7156,0.2413,47.5024,11.0915,23.0783,18.47,37.4001,29.932,768.1037,754.34,740.5763,753.28,756.56,773.2775,10.82,16.2058,2.1845,-1859658.0869,1413420437.0,740.8182,-0.4692,-0.9562,1,23.3633,207.9839,8.9816,-5.0727,65.4,69.64,2.88,9835.0680952381,2525.95904761905,173.194763481667,195.719077321429,16.2261904761905,363.162380952381,165.786567246984
2025-09-25,737.67,740.0,712.05,714.59,5136364,LLY,753.07,776.96,742.11,751.99,20956757,746.82,774.48,623.78,732.58,140462456,36624400000,45042700000,10590000000,78714900000,64443300000,14192100000,3268400000,28527100000,0,13545000000,8817900000,8403600000,-9301500000,1230100000,4680400000,10590000000,13.0,23358.435,69499.0,4.12,4.22,323.976,2.94952520485207,641483.0,312347.0,4.3,159410,750.171,743.5553,745.3827,740.8512,732.0899,754.0017,738.9047,740.0635,758.9081,3.2534,6.2252,-2.9718,10.5717,18.0532,4.797,10.5717,33.8794,0.0,-0.0,-96.0869,13.8429,12.8512,4.694,0.6297,-41.69,-214.9943,-28.0332,-5.5125,0.9449,40.0,100.0,-60.0,30.5533,0.1822,36.8323,36.3968,32.889,15.3365,57.7701,26.9388,777.5651,750.171,722.7769,739.65,744.505,770.3081,29.8,17.5652,2.4581,-2995064.1277,1408284073.0,741.72,-0.6066,-0.9911,1,23.4564,217.3415,5.3908,-17.1796,65.51,70.48,2.98,9835.0680952381,2525.95904761905,173.194763481667,195.719077321429,16.2261904761905,363.162380952381,165.786567246984
2025-09-26,724.12,729.0,717.08,724.54,3559673,LLY,748.56,762.04,712.05,724.54,16376570,746.82,774.48,623.78,732.58,140462456,36624400000,45042700000,10590000000,78714900000,64443300000,14192100000,3268400000,28527100000,0,13545000000,8817900000,8403600000,-9301500000,1230100000,4680400000,10590000000,13.0,23358.435,69499.0,4.12,4.22,323.976,2.94952520485207,641483.0,312347.0,4.3,159410,747.086,740.098,740.7225,735.0568,725.9763,750.387,737.9379,739.7531,756.8498,1.4766,5.2755,-3.7989,15.1415,15.1297,24.985,15.1415,40.7786,30.0504,10.0168,-80.758,16.0983,13.455,1.98,0.2657,-30.85,-142.1056,-20.5665,-4.084,0.9592,30.0,90.0,-60.0,38.7743,0.1213,40.365,36.3968,30.1415,14.0553,51.9931,24.2449,778.1384,747.086,716.0336,739.65,744.505,764.4823,14.41,17.2497,2.3808,-2902213.6787,1411843746.0,742.7251,-0.7352,-0.9992,1,23.3723,227.3279,-0.7566,-24.3778,66.5,71.15,2.9,9835.0680952381,2525.95904761905,173.194763481667,195.719077321429,16.2261904761905,363.162380952381,165.786567246984
2025-09-29,725.55,727.8585,716.0778,726.51,3309245,LLY,748.56,762.04,712.05,724.54,16376570,746.82,774.48,623.78,732.58,140462456,36624400000,45042700000,10590000000,78714900000,64443300000,14192100000,3268400000,28527100000,0,13545000000,8817900000,8403600000,-9301500000,1230100000,4680400000,10590000000,13.0,23358.435,69499.0,4.12,4.22,323.976,2.94952520485207,641483.0,312347.0,4.3,159410,744.918,737.6274,736.9815,731.4815,723.1481,745.9377,737.4367,739.0909,753.9567,0.2248,4.2653,-4.0405,21.6978,15.8037,35.3114,21.6978,42.1075,48.015,26.0218,-77.723,18.2197,14.8784,0.1155,0.0155,-21.68,-102.9178,-21.579,-2.8977,0.971,20.0,80.0,-60.0,38.3565,0.0656,43.9125,37.3124,28.6156,13.064,47.796,21.8204,778.2993,744.918,711.5367,739.65,744.505,759.239,11.7807,16.7028,2.299,-1788504.0883,1415152991.0,742.9848,-0.8497,-0.9736,1,23.5482,238.1828,-8.6759,-26.6091,64.27,69.0,2.93,9835.0680952381,2525.95904761905,173.194763481667,195.719077321429,16.2261904761905,363.162380952381,165.786567246984
2025-09-30,726.96,766.3499,725.3101,763.0,6234280,LLY,748.56,762.04,712.05,724.54,16376570,727.99,776.96,712.05,763.0,73094596,36624400000,45042700000,10590000000,78714900000,64443300000,14192100000,3268400000,28527100000,0,13545000000,8817900000,8403600000,-9301500000,1230100000,4680400000,10590000000,9.65,23358.435,69499.0,4.12,4.22,323.976,2.94952520485207,641483.0,312347.0,4.3,159410,744.747,742.2406,740.2691,740.9866,738.1708,741.797,737.5762,740.2864,751.4205,2.1524,3.8428,-1.6904,51.3757,29.405,93.8307,51.3757,60.3969,100.0,59.3551,-21.5067,17.8919,15.3725,-1.446,-0.1938,-1.71,32.0915,-7.5479,-0.2236,0.9978,10.0,70.0,-60.0,41.9278,0.0468,56.0283,14.9421,22.4787,30.3764,43.0164,58.1298,777.7363,744.747,711.7577,738.795,744.505,712.05,41.0398,19.1365,2.5081,489499.3224,1421387271.0,743.4865,-0.9322,-0.9152,0,24.2513,248.7726,-14.1784,-22.879,63.17,68.52,3.12,9835.0680952381,2525.95904761905,173.194763481667,195.719077321429,16.2261904761905,363.162380952381,165.786567246984
2025-10-01,763.3,833.3,763.3,825.42,10124466,LLY,748.56,762.04,712.05,724.54,16376570,727.99,776.96,712.05,763.0,73094596,36624400000,45042700000,10590000000,78714900000,64443300000,14192100000,3268400000,28527100000,0,13545000000,8817900000,8403600000,-9301500000,1230100000,4680400000,10590000000,9.65,23358.435,69499.0,4.12,4.22,323.976,2.94952520485207,641483.0,312347.0,4.3,159410,751.276,757.3642,754.9369,768.7119,776.7186,741.033,745.4129,744.5431,751.2061,8.6175,4.7977,3.8198,74.2144,49.096,93.501,74.2144,75.2551,100.0,82.6717,-6.499,21.2016,17.6195,0.7035,0.0937,65.29,221.5211,29.5992,8.5893,1.0859,100.0,60.0,40.0,50.9617,0.1001,65.7131,50.9883,15.963,49.1765,38.7147,119.2669,809.8113,751.276,692.7407,770.005,772.675,713.136,70.3,24.2528,2.9382,3873050.9422,1431511737.0,745.1092,-0.9319,-0.9154,1,25.272,248.7365,-19.7181,-26.319,62.59,66.67,3.24,9835.0680952381,2525.95904761905,173.194763481667,195.719077321429,16.2261904761905,363.162380952381,165.786567246984
2025-10-02,814.355,834.46,812.81,819.85,4291766,LLY,748.56,762.04,712.05,724.54,16376570,727.99,776.96,712.05,763.0,73094596,36624400000,45042700000,10590000000,78714900000,64443300000,14192100000,3268400000,28527100000,0,13545000000,8817900000,8403600000,-9301500000,1230100000,4680400000,10590000000,9.65,23358.435,69499.0,4.12,4.22,323.976,2.94952520485207,641483.0,312347.0,4.3,159410,756.968,768.7252,767.4049,787.3051,799.7734,744.387,750.6541,748.3084,753.6688,13.1401,6.4662,6.674,91.6635,72.4179,87.6586,91.6635,72.5561,92.1715,97.3905,-11.9353,24.2199,18.8533,2.5485,0.3378,56.92,186.9169,53.071,7.4607,1.0746,100.0,50.0,50.0,52.1484,0.1829,64.1416,51.3849,14.5225,45.2225,34.8433,108.5002,828.546,756.968,685.39,770.005,773.255,717.9426,21.65,23.9925,2.9265,4427662.0003,1427219971.0,747.3544,-0.8307,-0.9811,1,25.9611,236.1715,-31.8405,-5.7976,61.28,65.44,3.32,9835.0680952381,2525.95904761905,173.194763481667,195.719077321429,16.2261904761905,363.162380952381,165.786567246984
2025-10-03,824.94,848.13,816.1,839.87,5088509,LLY,725.55,848.13,716.0778,839.87,29048266,727.99,776.96,712.05,763.0,73094596,36624400000,45042700000,10590000000,78714900000,64443300000,14192100000,3268400000,28527100000,0,13545000000,8817900000,8403600000,-9301500000,1230100000,4680400000,10590000000,9.65,23358.435,69499.0,4.12,4.22,323.976,2.94952520485207,641483.0,312347.0,4.3,159410,765.756,781.6606,782.478,807.4459,823.5425,753.1967,762.1475,752.8865,758.9561,18.1308,8.7991,9.3317,91.6348,85.8376,93.7449,91.6348,75.9945,100.0,97.3905,-6.07,27.4022,19.9723,5.7035,0.7504,87.88,136.2061,54.1985,11.6863,1.1169,100.0,40.0,60.0,66.2025,0.2894,66.0924,56.0427,12.6466,44.8939,31.3589,111.3202,852.6679,765.756,678.8441,777.23,780.09,724.9336,32.03,24.7963,2.9524,5036042.1043,1432308480.0,750.5805,0.0229,-0.6907,1,25.9436,178.6887,-30.3349,67.3876,61.65,66.13,3.19,9835.0680952381,2525.95904761905,173.194763481667,195.719077321429,16.2261904761905,363.162380952381,165.786567246984
2025-10-06,839.95,856.57,838.66,845.05,3651387,LLY,725.55,848.13,716.0778,839.87,29048266,727.99,776.96,712.05,763.0,73094596,36624400000,45042700000,10590000000,78714900000,64443300000,14192100000,3268400000,28527100000,0,13545000000,8817900000,8403600000,-9301500000,1230100000,4680400000,10590000000,9.65,23358.435,69499.0,4.12,4.22,323.976,2.94952520485207,641483.0,312347.0,4.3,159410,774.766,793.186,796.8951,823.7128,840.7622,766.8727,773.0522,757.4947,766.6992,22.2475,11.4888,10.7587,90.8757,91.3913,91.2235,90.8757,76.829,100.0,97.3905,-7.9712,30.5373,20.9508,9.393,1.2272,90.1,111.7297,61.2852,11.9346,1.1193,100.0,30.0,70.0,72.568,0.4014,68.0976,58.7537,11.7071,45.0596,28.223,108.6282,873.2407,774.766,676.2913,779.82,784.31,734.7893,17.91,24.1077,2.8528,4494324.5611,1435959867.0,754.8384,0.8346,0.2006,1,25.3676,123.4283,-5.7873,120.8269,62.49,67.09,3.32,9835.0680952381,2525.95904761905,173.194763481667,195.719077321429,16.2261904761905,363.162380952381,165.786567246984
2025-10-07,845.0,848.5361,836.58,843.63,2610798,LLY,725.55,848.13,716.0778,839.87,29048266,727.99,776.96,712.05,763.0,73094596,36624400000,45042700000,10590000000,78714900000,64443300000,14192100000,3268400000,28527100000,0,13545000000,8817900000,8403600000,-9301500000,1230100000,4680400000,10590000000,9.65,23358.435,69499.0,4.12,4.22,323.976,2.94952520485207,641483.0,312347.0,4.3,159410,784.431,802.3576,809.4158,834.8382,850.3862,784.1843,784.1366,759.2174,776.1596,25.1061,14.2123,10.8938,90.3649,90.9585,86.1263,90.3649,76.024,81.1591,93.7197,-8.9538,33.0953,22.2161,14.407,1.871,96.65,83.0708,58.7686,12.9388,1.1294,90.0,20.0,70.0,72.5185,0.5023,68.7153,56.1172,12.0043,42.7063,27.4807,97.7653,888.8901,784.431,679.9719,779.82,784.31,746.9674,11.9561,22.8925,2.7136,4013095.8045,1433349069.0,759.7164,0.8767,0.2798,1,24.4546,118.7524,31.7304,170.9467,62.52,67.1,3.32,9835.0680952381,2525.95904761905,173.194763481667,195.719077321429,16.2261904761905,363.162380952381,165.786567246984
2025-10-08,850.0,856.0,844.99,845.72,2180943,LLY,725.55,848.13,716.0778,839.87,29048266,727.99,776.96,712.05,763.0,73094596,36624400000,45042700000,10590000000,78714900000,64443300000,14192100000,3268400000,28527100000,0,13545000000,8817900000,8403600000,-9301500000,1230100000,4680400000,10590000000,9.65,23358.435,69499.0,4.12,4.22,323.976,2.94952520485207,641483.0,312347.0,4.3,159410,794.818,810.2417,820.5593,843.2673,856.4344,801.6387,795.3846,763.5425,786.6016,27.2263,16.8151,10.4112,84.1852,88.4752,75.2057,84.1852,76.4279,90.6126,90.5906,-7.5076,35.67,24.7565,20.239,2.6129,103.87,75.7538,61.4695,14.0015,1.14,80.0,10.0,70.0,77.2228,0.5861,66.0957,58.8425,11.3243,43.705,24.7327,95.4527,900.919,794.818,688.717,780.155,784.31,757.9276,12.37,21.8403,2.5824,2849486.8265,1435530012.0,764.5412,0.8196,0.1745,1,23.9642,124.9522,99.8342,127.2129,63.37,67.42,3.35,9835.0680952381,2525.95904761905,173.194763481667,195.719077321429,16.2261904761905,363.162380952381,165.786567246984
2025-10-09,851.69,860.25,845.7,855.35,3071666,LLY,725.55,848.13,716.0778,839.87,29048266,727.99,776.96,712.05,763.0,73094596,36624400000,45042700000,10590000000,78714900000,64443300000,14192100000,3268400000,28527100000,0,13545000000,8817900000,8403600000,-9301500000,1230100000,4680400000,10590000000,9.65,23358.435,69499.0,4.12,4.22,323.976,2.94952520485207,641483.0,312347.0,4.3,159410,808.894,818.4432,831.5651,852.1745,863.5249,817.4907,817.8637,768.1329,797.5614,29.3453,19.3211,10.0242,83.4111,85.9871,88.9015,83.4111,78.2996,100.0,90.5906,-3.3987,38.1429,27.1206,29.3615,3.7666,140.76,73.7428,61.7049,19.698,1.197,100.0,0.0,100.0,87.01,0.6567,63.8942,60.3985,10.5439,42.7059,22.2594,90.1574,905.62,808.894,712.168,789.945,788.1639,767.7919,14.55,21.1112,2.4681,2433486.3022,1438601678.0,769.5856,0.7572,0.0735,1,24.3936,130.7836,113.9009,-3.9682,62.36,67.23,3.25,9835.0680952381,2525.95904761905,173.194763481667,195.719077321429,16.2261904761905,363.162380952381,165.786567246984
2025-10-10,858.0,864.35,830.11,833.49,3430964,LLY,839.95,864.35,830.11,833.49,14945758,727.99,776.96,712.05,763.0,73094596,36624400000,45042700000,10590000000,78714900000,64443300000,14192100000,3268400000,28527100000,0,13545000000,8817900000,8403600000,-9301500000,1230100000,4680400000,10590000000,9.65,23358.435,69499.0,4.12,4.22,323.976,2.94952520485207,641483.0,312347.0,4.3,159410,819.789,821.179,836.0371,851.0157,857.1159,829.6213,821.1442,771.4007,808.0174,28.9273,21.2423,7.685,57.9929,75.1964,9.8715,57.9929,65.2349,0.0,63.5375,-20.8131,38.2269,28.2233,36.3515,4.64,108.95,49.435,40.7352,15.0371,1.1504,100.0,10.0,90.0,79.0237,0.6919,47.9458,38.9827,15.8862,36.185,35.6235,81.1417,899.0156,819.789,740.5624,790.93,790.2139,778.8869,34.24,22.4241,2.6904,1165936.2563,1435170714.0,773.5285,0.6731,-0.047,1,24.767,137.6965,89.3668,-66.2061,59.75,64.41,2.9,9835.0680952381,2525.95904761905,173.194763481667,195.719077321429,16.2261904761905,363.162380952381,165.786567246984
2025-10-13,832.68,835.32,817.35,819.4,2167468,LLY,839.95,864.35,830.11,833.49,14945758,727.99,776.96,712.05,763.0,73094596,36624400000,45042700000,10590000000,78714900000,64443300000,14192100000,3268400000,28527100000,0,13545000000,8817900000,8403600000,-9301500000,1230100000,4680400000,10590000000,9.65,23358.435,69499.0,4.12,4.22,323.976,2.94952520485207,641483.0,312347.0,4.3,159410,829.078,820.8555,835.9664,845.0027,845.3388,837.0527,820.8957,773.8007,817.0566,27.1462,22.4231,4.7231,34.3782,58.5941,4.3617,34.3782,58.2716,0.0,33.3333,-32.3288,36.7976,27.3448,42.08,5.3469,92.89,-11.0636,25.8889,12.7858,1.1279,90.0,0.0,90.0,80.3937,0.6893,45.7919,23.9344,20.393,33.2265,44.8211,73.0275,878.5895,829.078,779.5665,809.175,794.83,790.8517,17.97,21.9787,2.6823,9098.8857,1433003246.0,777.5166,0.5602,-0.1896,1,24.4613,145.9316,68.5464,-91.9427,59.75,64.15,2.9,9835.0680952381,2525.95904761905,173.194763481667,195.719077321429,16.2261904761905,363.162380952381,165.786567246984
2025-10-14,822.09,822.09,806.0,812.35,1928371,LLY,839.95,864.35,830.11,833.49,14945758,727.99,776.96,712.05,763.0,73094596,36624400000,45042700000,10590000000,78714900000,64443300000,14192100000,3268400000,28527100000,0,13545000000,8817900000,8403600000,-9301500000,1230100000,4680400000,10590000000,9.65,23358.435,69499.0,4.12,4.22,323.976,2.94952520485207,641483.0,312347.0,4.3,159410,834.013,819.3091,832.9249,837.8006,833.4481,839.49,820.3023,775.7282,824.1475,24.8789,22.9143,1.9647,8.3719,33.581,10.8826,8.3719,55.0073,0.0,-0.0,-51.4597,34.3133,27.7574,44.633,5.6542,49.35,-99.7373,14.003,6.4679,1.0647,80.0,0.0,80.0,73.574,0.6568,40.3632,11.9541,24.1652,30.7271,51.689,65.7248,860.8343,834.013,807.1917,833.85,813.825,801.1415,16.09,21.3898,2.6331,-594253.4664,1431074875.0,780.8227,0.4137,-0.3513,1,23.7373,155.5645,38.7535,-90.2097,59.52,63.0,2.83,9835.0680952381,2525.95904761905,173.194763481667,195.719077321429,16.2261904761905,363.162380952381,165.786567246984
2025-10-15,812.5,830.19,808.58,826.57,2355840,LLY,839.95,864.35,830.11,833.49,14945758,727.99,776.96,712.05,763.0,73094596,36624400000,45042700000,10590000000,78714900000,64443300000,14192100000,3268400000,28527100000,0,13545000000,8817900000,8403600000,-9301500000,1230100000,4680400000,10590000000,9.65,23358.435,69499.0,4.12,4.22,323.976,2.94952520485207,641483.0,312347.0,4.3,159410,834.128,820.6292,831.5716,836.8388,831.4107,838.6013,820.3343,778.2702,829.5421,23.9535,23.1221,0.8313,16.8324,19.8608,35.2528,16.8324,60.0259,21.5461,7.182,-64.7472,32.7042,28.4621,41.426,5.2259,1.15,-75.0469,16.0059,0.1393,1.0014,70.0,0.0,70.0,67.1662,0.6181,47.0512,18.2225,21.7263,31.4089,46.5201,67.2523,860.8105,834.128,807.4455,833.85,835.175,806.0,21.61,21.4118,2.5904,-288604.6055,1433430715.0,784.3897,0.1921,-0.5581,1,22.7844,168.9246,21.0702,-55.7317,59.52,63.0,2.83,9835.0680952381,2525.95904761905,173.194763481667,195.719077321429,16.2261904761905,363.162380952381,165.786567246984
2025-10-16,825.07,834.7,815.37,819.38,2272909,LLY,839.95,864.35,830.11,833.49,14945758,727.99,776.96,712.05,763.0,73094596,36624400000,45042700000,10590000000,78714900000,64443300000,14192100000,3268400000,28527100000,0,13545000000,8817900000,8403600000,-9301500000,1230100000,4680400000,10590000000,9.65,23358.435,69499.0,4.12,4.22,323.976,2.94952520485207,641483.0,312347.0,4.3,159410,834.081,820.4021,828.8902,833.4786,826.474,835.837,820.3299,780.3257,833.3244,22.3818,22.9741,-0.5922,23.022,16.0754,22.9306,23.022,56.4861,14.4597,12.0019,-77.0694,31.601,29.5016,38.5565,4.8467,-0.47,-68.2316,21.3619,-0.0573,0.9994,60.0,80.0,-20.0,64.9035,0.5701,43.5368,21.6725,19.7457,30.6726,41.8681,65.0371,860.8653,834.081,807.2967,833.85,835.175,806.0,19.33,21.2037,2.5878,-560473.6248,1431157806.0,788.3253,-0.0653,-0.7518,1,21.9433,183.7456,13.9549,-50.557,59.52,63.0,2.83,9835.0680952381,2525.95904761905,173.194763481667,195.719077321429,16.2261904761905,363.162380952381,165.786567246984
2025-10-17,788.96,804.44,783.8454,802.83,3982950,LLY,832.68,835.32,783.8454,802.83,12707538,763.3,864.35,763.3,802.83,47158037,36624400000,45042700000,10590000000,78714900000,64443300000,14192100000,3268400000,28527100000,0,13545000000,8817900000,8403600000,-9301500000,1230100000,4680400000,10590000000,9.65,23358.435,69499.0,4.12,4.22,323.976,2.94952520485207,641483.0,312347.0,4.3,159410,830.377,817.2072,823.2082,825.2921,815.4771,830.8673,818.8666,780.7758,835.3046,19.5752,22.2943,-2.7191,31.6883,23.8475,36.8815,31.6883,49.0834,0.0,12.0019,-76.418,29.2764,29.9069,32.3105,4.0486,-37.04,-147.4943,-8.678,-4.4102,0.9559,50.0,100.0,-50.0,49.4598,0.5053,46.2402,8.3549,30.5724,25.8577,69.2059,58.5334,862.6224,830.377,798.1316,829.09,824.0977,864.35,35.5346,22.6368,2.8196,448416.8309,1427174856.0,792.0899,-0.3686,-0.918,1,21.2628,201.6298,-4.1865,-56.9793,59.52,63.0,2.83,9835.0680952381,2525.95904761905,173.194763481667,195.719077321429,16.2261904761905,363.162380952381,165.786567246984
