,open,high,low,close,volume,ticker,weekly_prices_open,weekly_prices_high,weekly_prices_low,weekly_prices_close,weekly_prices_volume,monthly_prices_open,monthly_prices_high,monthly_prices_low,monthly_prices_close,monthly_prices_volume,gdp,gdp_per_capita,treasury_yield,federal_funds_rate,cpi,inflation,retail_sales,durables,unemployment,nonfarm_payrolls,sma,ema,wma,dema,tema,trima,kama,mama,t3,macd,macd_signal,macd_hist,stoch_slowk,stoch_slowd,stochf_fastk,stochf_fastd,rsi,stochrsi_fastk,stochrsi_fastd,willr,adx,adxr,apo,ppo,mom,bop,cci,cmo,roc,rocr,aroon_up,aroon_down,aroon_oscillator,mfi,trix,ultosc,dx,minus_di,plus_di,minus_dm,plus_dm,bbands_upper,bbands_middle,bbands_lower,midpoint,midprice,sar,trange,atr,natr,adosc,obv,ht_trendline,ht_sine,ht_leadsine,ht_trendmode,ht_dcperiod,ht_dcphase,ht_inphase,ht_quadrature,crude_oil_price,brent_oil_price,natural_gas_price,copper_price,aluminum_price,wheat_price,corn_price,sugar_price,coffee_price,commodities_index
2025-05-14,24.0600,24.4135,23.6570,24.0600,4126778,AAPU,22.0500,22.3000,19.9805,21.0600,10484620,27.5000,28.8300,15.8900,24.3000,38975870,23305.023,69248.0,4.42,4.33,321.465,2.94952520485207,647460.0,343734.0,4.2,159930,22.2785,22.6777,22.4668,23.0324,23.4824,21.6619,22.2707,24.3291,22.1601,-0.3377,-0.7253,0.3876,95.6027,78.0301,91.4479,95.6027,59.0639,96.7627,98.9209,-13.7435,19.3103,18.8464,-0.0378,-0.1696,-0.2390,0.0000,88.7920,22.0448,-0.9877,0.9901,10.0000,50.0000,-40.0000,56.9952,-0.0943,63.4322,14.5504,21.3067,28.5630,3.0871,4.1384,25.2432,22.2785,19.3137,22.4099,22.2558,19.8086,0.7535,1.4489,6.0461,2145915.4408,24958221.0000,22.3325,-0.6376,0.0939,1,18.1407,-39.6142,-2.2566,1.9876,64.48,65.91,3.31,9531.20090909091,2447.34409090909,196.841071428571,204.808448129252,17.4313636363636,397.588636363636,160.525599378657
2025-05-15,23.7200,24.1800,23.4100,23.8400,2283102,AAPU,22.0500,22.3000,19.9805,21.0600,10484620,27.5000,28.8300,15.8900,24.3000,38975870,23305.023,69248.0,4.42,4.33,321.465,2.94952520485207,647460.0,343734.0,4.2,159930,22.2237,22.8717,22.7334,23.3206,23.7659,21.8933,22.2879,24.2999,22.2739,-0.2229,-0.6248,0.4019,90.8371,89.0244,83.8610,90.8371,57.3217,87.2613,94.6747,-12.9371,18.4168,18.1703,-0.2629,-1.1693,-0.5478,0.1558,81.0415,17.9740,-2.2550,0.9774,0.0000,40.0000,-40.0000,47.4535,0.0036,64.3403,10.3748,21.9050,26.9764,3.0244,3.7246,25.0548,22.2237,19.3926,22.2904,22.1081,20.0007,0.7669,1.3807,5.8147,2153382.8226,22675119.0000,22.5167,-0.0116,0.6988,1,17.9616,-0.6667,-1.2543,3.3431,63.03,64.36,3.2,9531.20090909091,2447.34409090909,196.841071428571,204.808448129252,17.4313636363636,397.588636363636,160.525599378657
2025-05-16,24.0400,24.0400,23.4500,23.7600,1689134,AAPU,23.7400,24.4135,22.8600,23.7600,14530119,27.5000,28.8300,15.8900,24.3000,38975870,23305.023,69248.0,4.42,4.33,321.465,2.94952520485207,647460.0,343734.0,4.2,159930,22.3402,23.0159,22.9954,23.5012,23.8953,22.3319,22.3344,24.2681,22.4288,-0.1368,-0.5272,0.3904,77.7475,88.0624,57.9337,77.7475,56.6466,0.0000,61.3413,-14.7417,17.6126,17.9976,-0.2854,-1.2612,1.1653,-0.4746,64.5897,18.4633,5.1793,1.0518,80.0000,30.0000,50.0000,56.4489,0.0904,65.7260,10.3748,20.9159,25.7583,2.7219,3.3521,25.3002,22.3402,19.3803,22.2904,22.1081,20.1851,0.5876,1.3014,5.4992,1988003.6397,20985985.0000,22.6838,0.6496,0.9969,1,17.6028,40.5139,-0.0733,3.9958,63.84,65.2,3.01,9531.20090909091,2447.34409090909,196.841071428571,204.808448129252,17.4313636363636,397.588636363636,160.525599378657
2025-05-19,23.0000,23.3700,22.2050,23.1900,2605817,AAPU,23.7400,24.4135,22.8600,23.7600,14530119,27.5000,28.8300,15.8900,24.3000,38975870,23305.023,69248.0,4.42,4.33,321.465,2.94952520485207,647460.0,343734.0,4.2,159930,22.5414,23.0307,23.1330,23.4398,23.6999,22.8040,22.4053,24.2447,22.5934,-0.1130,-0.4444,0.3314,62.1317,76.9055,44.6004,62.1317,51.8154,0.0000,29.0871,-27.5998,16.8546,17.9300,-0.2385,-1.0472,2.0119,0.1631,18.3425,-1.7981,9.5418,1.0954,70.0000,20.0000,50.0000,57.0539,0.1476,66.9524,10.0327,27.8239,22.7499,3.6898,3.0169,25.4047,22.5414,19.6781,22.2904,22.1081,20.3621,1.5488,1.3261,5.7415,2312534.6418,18380168.0000,22.7856,0.9851,0.8181,1,17.1506,80.1069,1.6342,3.7036,63.98,66.25,2.96,9531.20090909091,2447.34409090909,196.841071428571,204.808448129252,17.4313636363636,397.588636363636,160.525599378657
2025-05-20,23.0000,23.1300,22.3700,22.7800,2121528,AAPU,23.7400,24.4135,22.8600,23.7600,14530119,27.5000,28.8300,15.8900,24.3000,38975870,23305.023,69248.0,4.42,4.33,321.465,2.94952520485207,647460.0,343734.0,4.2,159930,22.7097,22.9685,23.1598,23.2524,23.3628,23.1463,22.4235,24.1669,22.7395,-0.1257,-0.3806,0.2549,42.8566,60.9120,26.0358,42.8566,48.5089,0.0000,-0.0000,-36.8486,16.1724,18.2740,-0.1340,-0.5864,1.6832,-0.2895,2.1010,0.7028,8.0133,1.0801,60.0000,10.0000,50.0000,55.7383,0.1716,65.9708,10.0327,26.0418,21.2929,3.3208,2.7152,25.3838,22.7097,20.0357,22.2904,22.1081,20.5321,0.8167,1.2752,5.6203,2288358.8737,16258640.0000,22.8177,0.9785,0.5459,0,16.7366,101.9136,2.8758,0.9880,63.97,66.93,3.15,9531.20090909091,2447.34409090909,196.841071428571,204.808448129252,17.4313636363636,397.588636363636,160.525599378657
2025-05-21,22.4100,22.8050,21.4200,21.7200,3298122,AAPU,23.7400,24.4135,22.8600,23.7600,14530119,27.5000,28.8300,15.8900,24.3000,38975870,23305.023,69248.0,4.42,4.33,321.465,2.94952520485207,647460.0,343734.0,4.2,159930,22.8203,22.7257,22.9641,22.7593,22.6448,23.3093,22.3989,24.0402,22.8304,-0.2184,-0.3482,0.1298,27.1686,44.0523,10.8696,27.1686,40.9941,0.0000,-0.0000,-65.1627,16.8930,19.1414,0.0169,0.0743,1.1056,-0.4982,-62.0634,-12.9745,5.3857,1.0539,50.0000,0.0000,50.0000,53.7685,0.1462,53.3396,23.3784,30.6075,19.0081,3.9349,2.4437,25.1994,22.8203,20.4411,22.4099,22.2573,20.6953,1.3795,1.2856,5.9428,1475648.4891,12960518.0000,22.7420,0.6575,-0.0679,0,16.4147,138.8926,2.3387,-1.5602,62.93,65.86,3.2,9531.20090909091,2447.34409090909,196.841071428571,204.808448129252,17.4313636363636,397.588636363636,160.525599378657
2025-05-22,21.4400,21.8350,21.2100,21.5700,2863523,AAPU,23.7400,24.4135,22.8600,23.7600,14530119,27.5000,28.8300,15.8900,24.3000,38975870,23305.023,69248.0,4.42,4.33,321.465,2.94952520485207,647460.0,343734.0,4.2,159930,22.8920,22.4999,22.7210,22.3426,22.0928,23.2824,22.3814,23.9124,22.8533,-0.3005,-0.3386,0.0382,16.5421,28.8558,12.7208,16.5421,40.0194,0.0000,-0.0000,-80.0197,17.8109,19.9678,0.1773,0.7805,0.7171,0.2080,-107.5805,-15.7839,3.4532,1.0345,40.0000,0.0000,40.0000,45.3536,0.0913,51.5027,26.0719,30.7602,18.0377,3.7506,2.1993,25.0524,22.8920,20.7316,22.5145,22.5461,20.8519,0.6225,1.2193,5.6754,1147516.5815,10096995.0000,22.6082,0.1451,-0.5970,1,16.0854,171.6553,1.3797,-2.3891,62.55,64.87,3.0,9531.20090909091,2447.34409090909,196.841071428571,204.808448129252,17.4313636363636,397.588636363636,160.525599378657
2025-05-23,19.9100,20.7390,19.8400,20.2400,6116775,AAPU,23.0000,23.3700,19.8400,20.2400,17005765,27.5000,28.8300,15.8900,24.3000,38975870,23305.023,69248.0,4.42,4.33,321.465,2.94952520485207,647460.0,343734.0,4.2,159930,22.8103,22.0743,22.2241,21.5974,21.1314,23.0394,22.3408,23.7247,22.7819,-0.4670,-0.3643,-0.1027,11.6406,18.4504,11.3314,11.6406,32.4237,0.0000,-0.0000,-91.2540,20.1382,20.3784,0.2600,1.1528,-0.8167,0.3671,-177.7046,-31.7536,-3.8936,0.9611,30.0000,100.0000,-70.0000,35.2859,-0.0108,48.2236,41.0845,37.3328,15.5898,4.7400,1.9794,25.2922,22.8103,20.3285,22.1062,22.0382,24.6111,1.7231,1.2697,6.2983,694635.8477,3980220.0000,22.4106,-0.5619,-0.9822,1,15.6767,214.1870,0.3650,-2.5124,62.89,65.41,2.93,9531.20090909091,2447.34409090909,196.841071428571,204.808448129252,17.4313636363636,397.588636363636,160.525599378657
2025-05-27,20.8800,21.3400,20.6750,21.2400,3697407,AAPU,23.0000,23.3700,19.8400,20.2400,17005765,27.5000,28.8300,15.8900,24.3000,38975870,23305.023,69248.0,4.42,4.33,321.465,2.94952520485207,647460.0,343734.0,4.2,159930,22.5643,21.9071,21.9232,21.3802,20.9580,22.6420,22.2017,23.6733,22.6442,-0.5127,-0.3940,-0.1187,22.2018,16.7948,42.5532,22.2018,41.6723,57.4976,19.1659,-69.3889,20.9622,20.4007,0.1389,0.6196,-2.4601,0.5414,-91.4096,-16.7596,-10.4175,0.8958,20.0000,90.0000,-70.0000,33.9824,-0.1032,52.4335,28.3774,34.0665,19.0060,4.2660,2.3800,25.1632,22.5643,19.9654,22.1062,22.0382,24.5141,1.0956,1.2523,5.9195,1268846.5733,7677627.0000,22.2732,-0.9861,-0.8149,1,15.2447,260.4233,-0.4639,-1.8779,61.61,64.32,3.2,9531.20090909091,2447.34409090909,196.841071428571,204.808448129252,17.4313636363636,397.588636363636,160.525599378657
2025-05-28,21.3100,21.7650,21.1750,21.2600,2590974,AAPU,23.0000,23.3700,19.8400,20.2400,17005765,27.5000,28.8300,15.8900,24.3000,38975870,23305.023,69248.0,4.42,4.33,321.465,2.94952520485207,647460.0,343734.0,4.2,159930,22.2765,21.7740,21.6705,21.2339,20.8778,22.2114,22.0227,23.5484,22.4659,-0.5411,-0.4234,-0.1177,33.9256,22.5893,47.8921,33.9256,41.8492,100.0000,52.4992,-68.9516,20.8552,20.0828,-0.0129,-0.0581,-2.8784,-0.0847,-57.9208,-8.5411,-11.9669,0.8803,10.0000,80.0000,-70.0000,33.5538,-0.1813,50.7813,19.8928,32.3783,21.6338,3.8394,2.5653,24.7881,22.2765,19.7648,22.0613,22.0382,24.4190,0.5876,1.1858,5.6000,801539.6732,10268601.0000,22.2041,-0.9634,-0.4917,1,14.8542,285.5485,-0.9510,-1.4041,62.54,65.72,3.09,9531.20090909091,2447.34409090909,196.841071428571,204.808448129252,17.4313636363636,397.588636363636,160.525599378657
2025-05-29,21.9500,21.9700,20.8704,21.1700,4939683,AAPU,23.0000,23.3700,19.8400,20.2400,17005765,27.5000,28.8300,15.8900,24.3000,38975870,23305.023,69248.0,4.42,4.33,321.465,2.94952520485207,647460.0,343734.0,4.2,159930,21.9886,21.6488,21.4540,21.1044,20.8096,21.8080,21.8593,23.4252,22.2659,-0.5644,-0.4516,-0.1127,50.9622,35.6965,62.4413,50.9622,41.2242,93.3691,83.6223,-69.3548,21.1595,19.7881,-0.1449,-0.6547,-2.8784,-0.7093,-50.9515,-12.7005,-12.0116,0.8799,0.0000,70.0000,-70.0000,19.0724,-0.2464,46.4358,23.8981,31.9430,19.6204,3.7589,2.3088,24.3137,21.9886,19.6636,21.9518,21.9219,24.3258,1.0952,1.1767,5.5809,-177747.1612,5328918.0000,22.1933,-0.7640,-0.0840,1,14.5144,310.1842,-1.4651,-0.8145,61.66,64.6,2.97,9531.20090909091,2447.34409090909,196.841071428571,204.808448129252,17.4313636363636,397.588636363636,160.525599378657
2025-05-30,21.0500,21.5700,20.4850,21.3100,2385419,AAPU,20.8800,21.9700,20.4850,21.3100,13613483,23.5100,24.7100,19.8400,21.3100,65395334,23305.023,69248.0,4.42,4.33,321.465,2.94952520485207,647460.0,343734.0,4.2,159930,21.7366,21.5717,21.3151,21.0632,20.8513,21.4737,21.7683,23.3152,22.0629,-0.5650,-0.4743,-0.0907,59.7825,48.2234,69.0141,59.7825,42.7031,100.0000,97.7897,-65.0000,21.9332,19.7729,-0.2435,-1.1079,-2.5199,0.2396,-55.8879,-17.9466,-10.6124,0.8939,0.0000,60.0000,-60.0000,19.1814,-0.2936,49.6197,28.8961,32.2743,17.8037,3.7668,2.0779,23.7743,21.7366,19.6990,21.9119,21.8522,24.2345,1.0807,1.1671,5.4989,-166967.6242,7714337.0000,22.2537,-0.1223,0.6153,1,14.2162,-7.0265,-1.5750,-0.1321,61.46,64.32,2.86,9531.20090909091,2447.34409090909,196.841071428571,204.808448129252,17.4313636363636,397.588636363636,160.525599378657
2025-06-02,21.2000,21.6000,21.1800,21.5300,1682938,AAPU,20.8800,21.9700,20.4850,21.3100,13613483,23.5100,24.7100,19.8400,21.3100,65395334,23305.023,69248.0,4.38,4.33,322.561,2.94952520485207,613336.0,330778.0,4.1,160293,21.5145,21.5484,21.2618,21.1134,21.0001,21.2576,21.7322,23.2216,21.8749,-0.5416,-0.4877,-0.0538,67.2753,59.3400,70.3704,67.2753,45.1145,100.0000,97.7897,-52.1246,22.5567,19.7056,-0.4128,-1.8828,-2.2211,0.7857,-17.0644,-5.2711,-9.3855,0.9061,0.0000,50.0000,-50.0000,24.5110,-0.3195,51.4936,28.1681,31.0382,17.3954,3.3902,1.9000,23.0962,21.5145,19.9329,21.6281,21.5185,24.1451,0.4183,1.0923,5.0935,209607.9098,9397275.0000,22.2366,0.2702,0.8719,1,13.9579,15.6771,-1.6390,0.4717,63.27,66.55,3.0,9835.0680952381,2525.95904761905,173.194763481667,195.719077321429,16.2261904761905,363.162380952381,165.786567246984
2025-06-03,21.4700,21.9412,21.3500,21.8600,2426811,AAPU,20.8800,21.9700,20.4850,21.3100,13613483,23.5100,24.7100,19.8400,21.3100,65395334,23305.023,69248.0,4.38,4.33,322.561,2.94952520485207,613336.0,330778.0,4.1,160293,21.3821,21.5892,21.3087,21.2666,21.2659,21.1789,21.7344,23.1492,21.7186,-0.4908,-0.4884,-0.0025,77.3257,68.1278,92.5926,77.3257,48.7120,100.0000,100.0000,-38.6018,22.2639,19.2182,-0.5797,-2.6395,-1.3247,0.6597,39.3150,-2.2836,-5.7352,0.9426,0.0000,40.0000,-40.0000,32.4629,-0.3207,52.7107,19.6294,29.2841,19.6739,3.0511,2.0498,22.5888,21.3821,20.1753,21.4239,21.3990,24.0574,0.5888,1.0419,4.7854,904662.5449,11824086.0000,22.1529,0.5600,0.9818,1,13.7372,34.0577,-1.2030,1.4518,64.1,67.48,2.84,9835.0680952381,2525.95904761905,173.194763481667,195.719077321429,16.2261904761905,363.162380952381,165.786567246984
2025-06-04,21.7700,22.4650,21.6100,21.7500,4062600,AAPU,20.8800,21.9700,20.4850,21.3100,13613483,23.5100,24.7100,19.8400,21.3100,65395334,23305.023,69248.0,4.38,4.33,322.561,2.94952520485207,613336.0,330778.0,4.1,160293,21.2795,21.6026,21.3598,21.3496,21.4060,21.1812,21.7314,23.0749,21.5971,-0.4542,-0.4815,0.0273,75.6173,73.4061,63.8889,75.6173,47.5575,84.5815,94.8605,-35.5818,20.7797,18.8364,-0.7151,-3.2514,-1.0259,-0.0234,108.4671,2.4222,-4.5215,0.9548,0.0000,30.0000,-30.0000,42.9246,-0.3092,53.6587,7.4220,26.8461,23.1364,2.7460,2.3666,22.1527,21.2795,20.4062,20.9657,21.2371,23.9714,0.8516,1.0229,4.7218,237438.0614,7761486.0000,22.0194,0.7665,0.9961,1,13.5770,50.0371,-0.2920,1.3097,63.57,66.69,2.8,9835.0680952381,2525.95904761905,173.194763481667,195.719077321429,16.2261904761905,363.162380952381,165.786567246984
2025-06-05,21.8700,22.1500,21.1700,21.2500,3771320,AAPU,20.8800,21.9700,20.4850,21.3100,13613483,23.5100,24.7100,19.8400,21.3100,65395334,23305.023,69248.0,4.38,4.33,322.561,2.94952520485207,613336.0,330778.0,4.1,160293,21.2327,21.5230,21.3390,21.2509,21.2814,21.2366,21.7208,22.9794,21.4971,-0.4601,-0.4772,0.0172,65.0393,72.6607,38.6364,65.0393,42.4734,0.0000,61.5272,-46.2857,20.2490,19.0300,-0.7938,-3.6039,-0.4681,-0.6327,40.4406,-5.7328,-2.1639,0.9784,0.0000,20.0000,-20.0000,42.4174,-0.3033,43.6986,15.4726,28.5766,20.9184,2.9097,2.1299,22.0747,21.2327,20.3906,20.9657,21.0678,23.8872,0.9761,1.0182,4.8108,-1061155.4147,3990166.0000,21.8483,0.9031,0.9423,1,13.5065,64.5621,-0.0404,0.7388,64.06,67.14,2.86,9835.0680952381,2525.95904761905,173.194763481667,195.719077321429,16.2261904761905,363.162380952381,165.786567246984
2025-06-06,21.7500,22.3150,21.5550,21.9600,2671560,AAPU,21.2000,22.4650,21.1700,21.9600,14615229,23.5100,24.7100,19.8400,21.3100,65395334,23305.023,69248.0,4.38,4.33,322.561,2.94952520485207,613336.0,330778.0,4.1,160293,21.2715,21.5865,21.4552,21.4158,21.5237,21.3319,21.7228,22.9572,21.4281,-0.4030,-0.4624,0.0594,54.5097,65.0554,61.0039,54.5097,50.7761,100.0000,61.5272,-19.2381,19.3676,19.7529,-0.8102,-3.6693,0.3884,0.2763,111.2090,1.8639,1.8081,1.0181,80.0000,10.0000,70.0000,50.6151,-0.2802,48.1407,11.4349,25.6119,20.3556,2.6187,2.0813,22.1888,21.2715,20.3542,21.0155,21.0678,23.8047,1.0607,1.0225,4.6747,-1440005.7225,6661726.0000,21.6927,0.9880,0.8079,0,13.5167,81.1052,0.2094,0.5485,65.3,68.02,2.68,9835.0680952381,2525.95904761905,173.194763481667,195.719077321429,16.2261904761905,363.162380952381,165.786567246984
2025-06-09,22.0600,22.3900,21.1000,21.4200,6522755,AAPU,21.2000,22.4650,21.1700,21.9600,14615229,23.5100,24.7100,19.8400,21.3100,65395334,23305.023,69248.0,4.38,4.33,322.561,2.94952520485207,613336.0,330778.0,4.1,160293,21.3890,21.5406,21.4666,21.3635,21.4464,21.4322,21.6968,22.8761,21.3786,-0.3966,-0.4493,0.0526,41.0278,53.5256,23.4432,41.0278,45.2563,33.5181,44.5060,-52.7778,19.4314,20.1968,-0.7106,-3.2156,1.1753,-0.4961,34.2709,-6.9180,5.8300,1.0583,70.0000,0.0000,70.0000,49.4563,-0.2623,46.1173,20.0052,26.7954,17.8617,2.8100,1.8731,21.9300,21.3890,20.8481,21.4787,21.3890,23.7238,1.2848,1.0487,4.9155,-2509835.6224,138971.0000,21.5506,0.9782,0.5448,0,13.5844,101.9916,0.3125,0.1825,65.99,68.73,3.13,9835.0680952381,2525.95904761905,173.194763481667,195.719077321429,16.2261904761905,363.162380952381,165.786567246984
2025-06-10,21.2400,22.0150,21.2400,21.6700,4200533,AAPU,21.2000,22.4650,21.1700,21.9600,14615229,23.5100,24.7100,19.8400,21.3100,65395334,23305.023,69248.0,4.38,4.33,322.561,2.94952520485207,613336.0,330778.0,4.1,160293,21.4319,21.5484,21.5019,21.4098,21.5092,21.4833,21.6942,22.8114,21.3473,-0.3673,-0.4329,0.0656,42.0684,45.8687,41.7582,42.0684,48.1555,68.4362,67.3181,-40.1515,19.4888,20.1720,-0.5662,-2.5740,0.4283,0.5548,23.2080,-3.8569,2.0245,1.0202,60.0000,30.0000,30.0000,50.3163,-0.2407,43.5705,20.0052,24.7696,16.5113,2.5290,1.6858,21.9596,21.4319,20.9042,21.4787,21.3890,23.6445,0.7719,1.0210,4.7306,-2572738.9187,4339504.0000,21.4372,0.7155,0.0119,0,13.6863,134.3154,0.3607,0.0707,65.66,68.41,2.79,9835.0680952381,2525.95904761905,173.194763481667,195.719077321429,16.2261904761905,363.162380952381,165.786567246984
2025-06-11,21.8500,22.0450,20.7600,20.8500,5605881,AAPU,21.2000,22.4650,21.1700,21.9600,14615229,23.5100,24.7100,19.8400,21.3100,65395334,23305.023,69248.0,4.38,4.33,322.561,2.94952520485207,613336.0,330778.0,4.1,160293,21.3910,21.4062,21.3810,21.1765,21.1833,21.4840,21.6782,22.7092,21.3128,-0.4052,-0.4273,0.0221,23.5743,35.5569,5.5215,23.5743,40.3649,0.0000,33.9848,-81.5657,20.4358,20.7976,-0.4427,-2.0277,-0.4084,-0.7782,-99.0630,-13.3118,-1.9285,0.9807,50.0000,20.0000,30.0000,39.7159,-0.2397,37.5794,28.9586,26.3081,14.4927,2.7542,1.5172,22.0410,21.3910,20.7411,21.3193,21.3890,23.5669,1.2799,1.0469,5.0413,-3898420.8124,-1266377.0000,21.3508,-0.0983,-0.7732,0,13.7998,185.6387,0.3777,-0.3440,68.91,71.29,2.73,9835.0680952381,2525.95904761905,173.194763481667,195.719077321429,16.2261904761905,363.162380952381,165.786567246984
2025-06-12,20.8800,21.0100,20.5300,20.9000,2654663,AAPU,21.2000,22.4650,21.1700,21.9600,14615229,23.5100,24.7100,19.8400,21.3100,65395334,23305.023,69248.0,4.38,4.33,322.561,2.94952520485207,613336.0,330778.0,4.1,160293,21.3641,21.2990,21.2765,21.0233,20.9912,21.4568,21.6680,22.6146,21.2681,-0.4263,-0.4271,0.0008,22.3907,29.3445,19.8925,22.3907,41.0114,6.2102,24.8821,-79.0404,21.6876,21.8104,-0.3122,-1.4405,-0.2689,0.0417,-162.4732,-17.6248,-1.2754,0.9872,40.0000,10.0000,30.0000,42.2878,-0.2475,37.1625,32.9539,27.3516,13.7929,2.7078,1.3655,22.0813,21.3641,20.6470,21.3193,21.3890,23.4907,0.4781,0.9900,4.7559,-3628816.1856,1388286.0000,21.2847,-0.8270,-0.9823,0,13.9176,235.7901,0.0206,-0.3867,68.73,70.84,2.9,9835.0680952381,2525.95904761905,173.194763481667,195.719077321429,16.2261904761905,363.162380952381,165.786567246984
2025-06-13,20.9700,21.1200,20.1701,20.3200,3748650,AAPU,22.0600,22.3900,20.1701,20.3200,22732482,23.5100,24.7100,19.8400,21.3100,65395334,23305.023,69248.0,4.38,4.33,322.561,2.94952520485207,613336.0,330778.0,4.1,160293,21.2655,21.1062,21.0719,20.7229,20.6086,21.3724,21.6053,22.5670,21.1997,-0.4841,-0.4385,-0.0456,10.7222,18.8957,6.7526,10.7222,35.9831,0.0000,2.0701,-93.4681,23.4114,22.9840,-0.2356,-1.0955,-0.9860,-0.6843,-171.3943,-24.1832,-4.6457,0.9535,30.0000,100.0000,-70.0000,40.8833,-0.2740,37.3287,38.9257,28.3630,12.4689,2.7955,1.2290,22.2526,21.2655,20.2785,21.0554,21.2322,23.4161,0.9461,0.9856,4.8700,-4004936.1433,-2360364.0000,21.2524,-0.9986,-0.7438,1,14.0334,266.9418,0.0370,-0.1413,73.84,76.0,2.65,9835.0680952381,2525.95904761905,173.194763481667,195.719077321429,16.2261904761905,363.162380952381,165.786567246984
2025-06-16,20.5100,20.7700,20.3350,20.7100,2312667,AAPU,22.0600,22.3900,20.1701,20.3200,22732482,23.5100,24.7100,19.8400,21.3100,65395334,23305.023,69248.0,4.38,4.33,322.561,2.94952520485207,613336.0,330778.0,4.1,160293,21.1839,21.0191,20.9558,20.6342,20.5394,21.2430,21.5736,22.5282,21.1160,-0.4929,-0.4494,-0.0435,18.4804,17.1978,28.7962,18.4804,41.3552,44.1332,16.7811,-76.4739,24.9628,23.6134,-0.1653,-0.7744,-0.8167,0.4598,-111.1434,-19.3459,-3.8086,0.9619,20.0000,90.0000,-70.0000,41.7256,-0.2963,40.9906,38.9257,26.9988,11.8692,2.5160,1.1061,22.2317,21.1839,20.1360,21.0554,21.2322,23.3430,0.4482,0.9319,4.5177,-3261862.4186,-47697.0000,21.2233,-0.9213,-0.3764,1,14.1288,292.8899,-0.0114,-0.3495,72.53,75.05,2.9,9835.0680952381,2525.95904761905,173.194763481667,195.719077321429,16.2261904761905,363.162380952381,165.786567246984
2025-06-17,20.4800,20.6900,20.0400,20.1300,2066182,AAPU,22.0600,22.3900,20.1701,20.3200,22732482,23.5100,24.7100,19.8400,21.3100,65395334,23305.023,69248.0,4.38,4.33,322.561,2.94952520485207,613336.0,330778.0,4.1,160293,21.0116,20.8428,20.7495,20.3836,20.2453,21.0660,21.4414,22.4043,21.0113,-0.5402,-0.4676,-0.0727,13.3458,14.1828,4.4888,13.3458,36.3190,6.2523,16.7952,-96.2887,26.8641,23.8219,-0.1853,-0.8740,-1.7231,-0.5385,-118.2028,-25.1420,-7.9140,0.9209,10.0000,100.0000,-90.0000,35.7133,-0.3286,36.3024,43.9754,28.2541,10.9944,2.5582,0.9955,22.1757,21.0116,19.8474,20.9608,21.1674,23.2714,0.6673,0.9054,4.5160,-3136711.1141,-2113879.0000,21.1762,-0.7147,-0.0108,1,14.1922,314.3822,-0.1690,-0.4442,75.62,78.7,2.9,9835.0680952381,2525.95904761905,173.194763481667,195.719077321429,16.2261904761905,363.162380952381,165.786567246984
2025-06-18,20.1750,20.5051,20.0000,20.2400,2312036,AAPU,22.0600,22.3900,20.1701,20.3200,22732482,23.5100,24.7100,19.8400,21.3100,65395334,23305.023,69248.0,4.38,4.33,322.561,2.94952520485207,613336.0,330778.0,4.1,160293,20.8612,20.7184,20.5945,20.2411,20.1130,20.8751,21.3512,22.2920,20.8915,-0.5624,-0.4865,-0.0759,18.2379,16.6880,21.4286,18.2379,37.9123,35.9114,28.7656,-89.9582,28.6441,24.4466,-0.2092,-0.9927,-1.5040,0.1287,-97.0747,-25.9438,-6.9425,0.9306,0.0000,100.0000,-100.0000,25.9655,-0.3590,38.5726,44.6647,27.0717,10.3551,2.3422,0.8959,22.0384,20.8612,19.6839,20.9608,21.1102,23.2011,0.5031,0.8652,4.2918,-2836913.9401,198157.0000,21.1187,-0.4644,0.2978,1,14.2241,-27.6736,-0.3644,-0.5427,75.89,78.38,3.43,9835.0680952381,2525.95904761905,173.194763481667,195.719077321429,16.2261904761905,363.162380952381,165.786567246984
2025-06-20,20.5900,21.3300,20.3500,21.1700,4362335,AAPU,20.5100,21.3300,20.0000,21.1700,11053220,23.5100,24.7100,19.8400,21.3100,65395334,23305.023,69248.0,4.38,4.33,322.561,2.94952520485207,613336.0,330778.0,4.1,160293,20.8532,20.7851,20.6352,20.4491,20.4600,20.7230,21.3498,22.2317,20.7858,-0.4995,-0.4891,-0.0104,37.9624,23.1820,87.9699,37.9624,49.7280,100.0000,47.3879,-51.0460,27.0647,23.2162,-0.1897,-0.9017,-0.0797,0.5918,-5.0921,-14.0656,-0.3765,0.9962,20.0000,90.0000,-70.0000,37.4955,-0.3578,43.2117,12.8501,23.7591,18.3483,2.1080,1.6279,22.0232,20.8532,19.6832,20.9608,21.1102,23.1323,1.0856,0.8872,4.2078,-1521582.3029,4560492.0000,21.0750,-0.1542,0.5896,1,14.2419,-8.8706,-0.6431,-0.3936,75.72,78.73,3.09,9835.0680952381,2525.95904761905,173.194763481667,195.719077321429,16.2261904761905,363.162380952381,165.786567246984
2025-06-23,21.2900,21.4684,20.7633,21.3000,3634660,AAPU,20.5100,21.3300,20.0000,21.1700,11053220,23.5100,24.7100,19.8400,21.3100,65395334,23305.023,69248.0,4.38,4.33,322.561,2.94952520485207,613336.0,330778.0,4.1,160293,20.7875,20.8632,20.7010,20.6522,20.7634,20.6151,21.3465,22.1808,20.7098,-0.4342,-0.4781,0.0440,65.9767,40.7257,88.5317,65.9767,51.1713,100.0000,78.6371,-45.6067,25.1988,22.3151,-0.2420,-1.1509,-0.6574,0.0142,42.8717,-1.5049,-3.0055,0.9699,10.0000,80.0000,-70.0000,38.9511,-0.3335,50.8748,8.4058,21.8385,18.4518,1.8972,1.6030,21.7817,20.7875,19.7932,20.8163,21.1102,23.0649,0.7023,0.8687,4.0950,-241092.4081,8195152.0000,21.0442,0.1994,0.8339,0,14.2666,11.5031,-0.7232,0.0003,69.36,74.34,3.5,9835.0680952381,2525.95904761905,173.194763481667,195.719077321429,16.2261904761905,363.162380952381,165.786567246984
2025-06-24,21.4700,21.6200,20.9400,20.9700,5654642,AAPU,20.5100,21.3300,20.0000,21.1700,11053220,23.5100,24.7100,19.8400,21.3100,65395334,23305.023,69248.0,4.38,4.33,322.561,2.94952520485207,613336.0,330778.0,4.1,160293,20.7510,20.8827,20.7342,20.7259,20.8612,20.5731,21.3412,22.1203,20.6618,-0.3976,-0.4620,0.0644,79.4226,61.1206,61.7660,79.4226,48.2614,80.4078,93.4693,-48.4460,22.7594,21.1241,-0.3190,-1.5140,-0.3643,-0.7353,68.7905,5.7719,-1.7074,0.9829,0.0000,70.0000,-70.0000,55.6862,-0.3034,44.1044,0.8046,20.0911,19.7704,1.7075,1.6802,21.6875,20.7510,19.8146,20.8163,20.9383,22.9988,0.6800,0.8499,4.0528,-1335789.0959,2540510.0000,21.0078,0.5124,0.9696,0,14.3132,30.8270,-0.6150,0.3985,65.45,69.13,3.3,9835.0680952381,2525.95904761905,173.194763481667,195.719077321429,16.2261904761905,363.162380952381,165.786567246984
2025-06-25,21.2000,21.6500,21.0300,21.2300,4005354,AAPU,20.5100,21.3300,20.0000,21.1700,11053220,23.5100,24.7100,19.8400,21.3100,65395334,23305.023,69248.0,4.38,4.33,322.561,2.94952520485207,613336.0,330778.0,4.1,160293,20.7157,20.9458,20.8213,20.8692,21.0455,20.5940,21.3397,22.0758,20.6439,-0.3436,-0.4383,0.0947,75.3404,73.5799,75.7234,75.3404,51.5159,100.0000,93.4693,-35.6809,20.5012,20.4685,-0.3581,-1.6992,-0.3533,0.0484,102.7346,8.3021,-1.6367,0.9836,10.0000,60.0000,-50.0000,55.3816,-0.2635,47.3231,0.1776,18.4508,18.5164,1.5367,1.5422,21.5444,20.7157,19.8870,20.6397,20.9383,22.9341,0.6800,0.8329,3.9231,-2114401.5738,6545864.0000,20.9739,0.7776,0.9945,0,14.3856,51.0375,-0.3983,0.4659,65.98,68.4,3.26,9835.0680952381,2525.95904761905,173.194763481667,195.719077321429,16.2261904761905,363.162380952381,165.786567246984
2025-06-26,21.1900,21.4200,20.7714,21.0800,6068317,AAPU,20.5100,21.3300,20.0000,21.1700,11053220,23.5100,24.7100,19.8400,21.3100,65395334,23305.023,69248.0,4.38,4.33,322.561,2.94952520485207,613336.0,330778.0,4.1,160293,20.7470,20.9702,20.8875,20.9275,21.0995,20.6968,21.3360,22.0260,20.6494,-0.3094,-0.4126,0.1031,65.4096,73.3908,58.7393,65.4096,49.5192,38.6472,73.0183,-32.9468,19.2884,20.4880,-0.3220,-1.5283,0.3135,-0.1696,63.7005,-0.2491,1.5095,1.0151,0.0000,50.0000,-50.0000,54.6960,-0.2243,46.0859,8.3732,20.1566,17.0419,1.6417,1.3880,21.6043,20.7470,19.8898,20.6397,20.7850,22.8706,0.6486,0.8144,3.8636,-2334181.7180,477547.0000,20.9491,0.9593,0.8779,0,14.4427,73.6069,-0.3355,0.8093,66.44,68.57,3.23,9835.0680952381,2525.95904761905,173.194763481667,195.719077321429,16.2261904761905,363.162380952381,165.786567246984
2025-06-27,21.2700,21.5400,20.9900,21.1000,4377456,AAPU,21.2900,21.6500,20.7633,21.1000,23740429,23.5100,24.7100,19.8400,21.3100,65395334,23305.023,69248.0,4.38,4.33,322.561,2.94952520485207,613336.0,330778.0,4.1,160293,20.7754,20.9938,20.9517,20.9782,21.1410,20.8202,21.3329,22.0075,20.6722,-0.2775,-0.3855,0.1081,59.2503,66.6668,43.2882,59.2503,49.8074,47.5030,62.0501,-31.7908,17.7401,20.5757,-0.2944,-1.3971,0.2837,-0.3091,70.9026,6.6721,1.3627,1.0136,80.0000,40.0000,40.0000,63.6480,-0.1869,45.8796,3.8048,18.7497,17.3752,1.4775,1.3692,21.6583,20.7754,19.8925,20.6397,20.7850,22.8084,0.5500,0.7880,3.7346,-3047589.5844,4855003.0000,20.9133,0.9922,0.6136,0,14.4454,97.1510,0.2539,1.1065,66.66,69.37,3.23,9835.0680952381,2525.95904761905,173.194763481667,195.719077321429,16.2261904761905,363.162380952381,165.786567246984
2025-06-30,21.2750,22.4089,20.7150,21.9400,11021162,AAPU,21.2900,21.6500,20.7633,21.1000,23740429,21.2000,22.4650,20.0000,21.9400,83162522,23305.023,69248.0,4.38,4.33,322.561,2.94952520485207,613336.0,330778.0,4.1,160293,20.9455,21.1658,21.1634,21.2938,21.5446,20.9589,21.4053,22.0041,20.7265,-0.1823,-0.3449,0.1626,58.1153,60.9250,72.3183,58.1153,60.3670,100.0000,62.0501,-18.8392,18.2145,21.5887,-0.1600,-0.7581,1.7013,0.3926,128.0363,-2.7161,8.4064,1.0841,100.0000,30.0000,70.0000,77.6594,-0.1288,51.6272,22.4845,15.1348,23.9150,1.3297,2.1012,21.9901,20.9455,19.9010,20.9947,21.1644,22.7474,1.6939,0.8786,4.0045,-1497096.8043,15876165.0000,20.9098,0.8398,0.2099,1,14.4987,122.8853,0.6693,0.3594,66.3,68.15,3.26,9835.0680952381,2525.95904761905,173.194763481667,195.719077321429,16.2261904761905,363.162380952381,165.786567246984
2025-07-01,22.2600,23.0000,22.1600,22.4800,10140886,AAPU,21.2900,21.6500,20.7633,21.1000,23740429,21.2000,22.4650,20.0000,21.9400,83162522,23305.023,69248.0,4.39,4.33,322.561,2.94952520485207,613336.0,330778.0,4.2,159227,21.1308,21.4048,21.4424,21.7050,22.0510,21.1154,21.5433,22.0279,20.8251,-0.0626,-0.2884,0.2259,64.2831,60.5496,77.2429,64.2831,65.5447,100.0000,82.5010,-16.8828,19.8870,23.3755,-0.0265,-0.1253,1.8529,0.2619,209.0582,32.1484,8.9829,1.0898,100.0000,20.0000,80.0000,81.1802,-0.0482,48.0544,34.9392,13.3458,27.6798,1.1968,2.4821,22.4928,21.1308,19.7689,21.2647,21.4600,19.7606,1.0600,0.8967,3.9890,-1494953.5332,26017051.0000,20.9528,0.7609,0.0792,1,14.7196,130.4566,0.5274,-0.1722,66.64,67.63,3.14,9835.0680952381,2525.95904761905,173.194763481667,195.719077321429,16.2261904761905,363.162380952381,165.786567246984
2025-07-02,22.7800,23.6880,22.5800,23.4700,8048664,AAPU,21.2900,21.6500,20.7633,21.1000,23740429,21.2000,22.4650,20.0000,21.9400,83162522,23305.023,69248.0,4.39,4.33,322.561,2.94952520485207,613336.0,330778.0,4.2,159227,21.4729,21.7803,21.8677,22.3331,22.8230,21.3351,22.1341,22.1000,20.9879,0.1109,-0.2086,0.3195,80.7428,67.7137,92.6673,80.7428,72.7867,100.0000,100.0000,-5.7855,22.5115,25.5778,0.2307,1.0859,3.4206,0.6227,190.3704,38.8514,17.0607,1.1706,100.0000,10.0000,90.0000,86.5164,0.0662,52.6209,46.1324,11.6083,31.4910,1.0771,2.9219,23.2358,21.4729,19.7100,21.8145,21.8040,19.8254,1.2080,0.9279,3.9534,195032.7313,34065715.0000,21.0374,0.5552,-0.1955,1,14.9346,146.2753,0.4075,-0.2038,68.66,70.8,3.1,9835.0680952381,2525.95904761905,173.194763481667,195.719077321429,16.2261904761905,363.162380952381,165.786567246984
2025-07-03,23.4000,23.9400,23.3400,23.6700,5392893,AAPU,21.2750,23.9400,20.7150,23.6700,34603605,21.2000,22.4650,20.0000,21.9400,83162522,23305.023,69248.0,4.39,4.33,322.561,2.94952520485207,613336.0,330778.0,4.2,159227,21.8240,22.1239,22.2672,22.8573,23.4059,21.6018,22.6091,22.1785,21.2152,0.2615,-0.1145,0.3761,87.1794,77.4018,91.6279,87.1794,74.0128,100.0000,100.0000,-7.3540,25.2261,26.1454,0.4814,2.2557,3.5110,0.4500,152.1428,48.9844,17.4167,1.1742,100.0000,0.0000,100.0000,90.6982,0.1941,55.3886,49.6572,10.8301,32.1955,0.9694,2.8817,23.7874,21.8240,19.8606,22.3200,22.1043,19.9799,0.6000,0.8951,3.7815,1040252.5503,39458608.0000,21.1777,0.4121,-0.3528,1,15.0102,155.6610,0.2619,-0.1892,68.13,70.42,3.24,9835.0680952381,2525.95904761905,173.194763481667,195.719077321429,16.2261904761905,363.162380952381,165.786567246984
2025-07-07,23.5100,24.2900,22.6500,22.9000,4890552,AAPU,21.2750,23.9400,20.7150,23.6700,34603605,21.2000,22.4650,20.0000,21.9400,83162522,23305.023,69248.0,4.39,4.33,322.561,2.94952520485207,613336.0,330778.0,4.2,159227,22.0055,22.2650,22.4628,22.9805,23.4147,21.8978,22.6404,22.1929,21.4743,0.3151,-0.0286,0.3437,81.8047,83.2423,61.1189,81.8047,62.0532,12.3568,70.7856,-38.5061,25.1845,25.1917,0.5761,2.6886,1.8147,-0.3720,90.5170,27.6465,8.6067,1.0861,100.0000,0.0000,100.0000,82.7103,0.2949,50.2837,24.8104,16.1148,26.7497,1.5624,2.5936,23.9975,22.0055,20.0135,22.3200,22.4851,20.2175,1.6400,0.9696,4.2339,209787.2289,34568056.0000,21.3269,0.2692,-0.4906,1,15.1277,164.3823,0.1399,0.4653,69.16,71.95,3.24,9835.0680952381,2525.95904761905,173.194763481667,195.719077321429,16.2261904761905,363.162380952381,165.786567246984
2025-07-08,22.9300,23.2150,22.5700,22.9100,2735112,AAPU,21.2750,23.9400,20.7150,23.6700,34603605,21.2000,22.4650,20.0000,21.9400,83162522,23305.023,69248.0,4.39,4.33,322.561,2.94952520485207,613336.0,330778.0,4.2,159227,22.1750,22.3823,22.6273,23.0637,23.3910,22.2257,22.6677,22.2288,21.7411,0.3543,0.0480,0.3064,62.6527,77.2123,35.2113,62.6527,62.1415,0.7381,37.6983,-38.6014,24.8858,23.8226,0.6938,3.2297,1.6953,-0.0310,50.2147,25.3340,7.9910,1.0799,90.0000,0.0000,90.0000,78.0121,0.3700,49.9336,22.1969,15.8593,24.9085,1.4862,2.3342,24.1575,22.1750,20.1925,22.3200,22.5025,20.5433,0.6450,0.9371,4.0904,-101796.5819,37303168.0000,21.4556,0.1956,-0.5552,1,15.6288,168.7212,0.5834,1.1428,69.55,72.5,3.2,9835.0680952381,2525.95904761905,173.194763481667,195.719077321429,16.2261904761905,363.162380952381,165.786567246984
2025-07-09,22.8000,23.1850,22.3100,23.1400,4339841,AAPU,21.2750,23.9400,20.7150,23.6700,34603605,21.2000,22.4650,20.0000,21.9400,83162522,23305.023,69248.0,4.39,4.33,322.561,2.94952520485207,613336.0,330778.0,4.2,159227,22.3920,22.5200,22.8027,23.1903,23.4489,22.5513,22.7397,22.2743,22.0042,0.3994,0.1183,0.2811,46.0831,63.5135,41.9192,46.0831,64.2659,18.5012,10.5320,-32.1678,23.7578,22.1295,0.8205,3.8036,2.1700,0.3886,39.3895,17.6381,10.3481,1.1035,80.0000,40.0000,40.0000,70.4045,0.4285,55.8369,13.6062,17.1616,22.5673,1.5976,2.1008,24.2718,22.3920,20.5122,22.3750,22.5025,20.8430,0.8750,0.9309,4.0229,1018818.8883,41643009.0000,21.5665,0.1192,-0.6178,1,16.5138,173.1532,1.1126,1.0334,69.61,71.98,3.08,9835.0680952381,2525.95904761905,173.194763481667,195.719077321429,16.2261904761905,363.162380952381,165.786567246984
2025-07-10,22.9800,23.6550,22.9400,23.4200,3661389,AAPU,21.2750,23.9400,20.7150,23.6700,34603605,21.2000,22.4650,20.0000,21.9400,83162522,23305.023,69248.0,4.39,4.33,322.561,2.94952520485207,613336.0,330778.0,4.2,159227,22.6110,22.6837,22.9896,23.3659,23.5874,22.8250,22.8441,22.3316,22.2601,0.4524,0.1851,0.2673,44.3970,51.0443,56.0606,44.3970,66.7868,39.5802,19.6065,-24.3357,23.8116,21.5500,0.9476,4.3744,2.1900,0.6154,66.3729,29.3223,10.3156,1.1032,70.0000,30.0000,40.0000,70.4071,0.4776,54.8556,24.2959,15.8122,25.9615,1.4378,2.3607,24.4067,22.6110,20.8153,22.3750,22.5025,21.1188,0.7150,0.9093,3.8826,1783824.0807,45304398.0000,21.6650,0.0568,-0.6658,1,17.7110,176.7423,1.4833,0.5311,67.78,70.38,3.11,9835.0680952381,2525.95904761905,173.194763481667,195.719077321429,16.2261904761905,363.162380952381,165.786567246984
2025-07-11,22.9500,23.3400,22.8400,23.0900,2659452,AAPU,23.5100,24.2900,22.3100,23.0900,18286346,21.2000,22.4650,20.0000,21.9400,83162522,23305.023,69248.0,4.39,4.33,322.561,2.94952520485207,613336.0,330778.0,4.2,159227,22.8120,22.7575,23.0767,23.3762,23.5054,23.0047,22.8746,22.3695,22.4957,0.4625,0.2406,0.2219,45.7912,45.4238,39.3939,45.7912,61.1386,0.0000,19.3605,-33.5664,23.5068,20.6234,1.0325,4.7406,2.0100,0.2800,35.3003,26.1656,9.5351,1.0954,60.0000,20.0000,40.0000,74.0191,0.5050,53.5393,20.7635,15.9068,24.2433,1.3940,2.1246,24.3010,22.8120,21.3230,22.3850,22.5025,21.3725,0.5800,0.8764,3.7955,1934614.9248,42644946.0000,21.7497,-0.0014,-0.7081,1,19.1779,180.0789,1.5933,-0.8467,69.63,72.06,3.22,9835.0680952381,2525.95904761905,173.194763481667,195.719077321429,16.2261904761905,363.162380952381,165.786567246984
2025-07-14,22.8400,23.0700,22.3301,22.5600,5576681,AAPU,23.5100,24.2900,22.3100,23.0900,18286346,21.2000,22.4650,20.0000,21.9400,83162522,23305.023,69248.0,4.39,4.33,322.561,2.94952520485207,613336.0,330778.0,4.2,159227,22.9580,22.7216,23.0309,23.1984,23.1880,23.0867,22.8548,22.3791,22.6909,0.4229,0.2770,0.1458,38.0140,42.7341,18.5874,38.0140,53.1216,0.0000,13.1934,-48.3916,21.5577,19.8861,1.0913,4.9907,1.4600,-0.3784,-46.2871,10.8376,6.9194,1.0692,50.0000,10.0000,40.0000,65.1830,0.5001,47.5659,4.0155,20.4056,22.1129,1.7645,1.9122,23.9504,22.9580,21.9656,22.8050,22.5025,21.6059,0.7599,0.8647,3.8330,1148703.4200,37068265.0000,21.8141,-0.0773,-0.7596,1,20.4548,184.4309,0.8718,-2.0711,68.19,70.96,3.21,9835.0680952381,2525.95904761905,173.194763481667,195.719077321429,16.2261904761905,363.162380952381,165.786567246984
2025-07-15,22.7100,23.2600,22.6350,22.6500,3500022,AAPU,23.5100,24.2900,22.3100,23.0900,18286346,21.2000,22.4650,20.0000,21.9400,83162522,23305.023,69248.0,4.39,4.33,322.561,2.94952520485207,613336.0,330778.0,4.2,159227,23.0290,22.7086,22.9749,23.0880,22.9999,23.1000,22.8487,22.3926,22.8415,0.3942,0.3005,0.0937,27.7534,37.1862,25.2788,27.7534,54.2534,8.2825,2.7608,-76.9953,20.3247,20.1058,1.0417,4.7379,0.7100,-0.0960,-46.6792,17.4972,3.2361,1.0324,40.0000,0.0000,40.0000,60.4588,0.4776,44.6342,9.2275,18.7217,22.5280,1.5881,1.9110,23.7958,23.0290,22.2622,23.0750,23.2250,21.8206,0.7000,0.8483,3.7451,-337421.8978,40568287.0000,21.8637,-0.1637,-0.8133,1,21.2785,189.4198,0.1429,-1.5088,67.76,70.27,3.31,9835.0680952381,2525.95904761905,173.194763481667,195.719077321429,16.2261904761905,363.162380952381,165.786567246984
2025-07-16,22.9000,23.3700,22.5600,22.8900,3517705,AAPU,23.5100,24.2900,22.3100,23.0900,18286346,21.2000,22.4650,20.0000,21.9400,83162522,23305.023,69248.0,4.39,4.33,322.561,2.94952520485207,613336.0,330778.0,4.2,159227,23.0700,22.7416,22.9496,23.0790,22.9725,23.0727,22.8494,22.4026,22.9549,0.3863,0.3176,0.0687,28.7087,31.4920,42.2598,28.7087,57.3075,30.6320,12.9715,-70.7071,19.5213,21.0164,0.9696,4.3872,0.4100,-0.0123,-39.7519,15.1466,1.8238,1.0182,30.0000,0.0000,30.0000,54.7473,0.4513,49.5623,12.2912,16.9258,21.6697,1.4293,1.8299,23.7545,23.0700,22.3855,23.1150,23.3000,22.0182,0.8100,0.8444,3.6891,-1121979.7172,44085992.0000,21.9071,-0.2437,-0.8581,1,21.9824,194.1055,-0.0415,-0.5734,67.13,69.67,3.42,9835.0680952381,2525.95904761905,173.194763481667,195.719077321429,16.2261904761905,363.162380952381,165.786567246984
2025-07-17,23.0000,23.2400,22.7621,22.8700,2876963,AAPU,23.5100,24.2900,22.3100,23.0900,18286346,21.2000,22.4650,20.0000,21.9400,83162522,23305.023,69248.0,4.39,4.33,322.561,2.94952520485207,613336.0,330778.0,4.2,159227,23.0100,22.7649,22.9133,23.0601,22.9384,23.0050,22.8502,22.4259,23.0370,0.3742,0.3289,0.0453,39.8190,32.0937,51.9185,39.8190,56.9554,47.8216,28.9120,-71.7172,18.7983,22.0122,0.7686,3.4555,-0.6000,-0.2720,-27.9664,19.9419,-2.5565,0.9744,20.0000,40.0000,-20.0000,48.6824,0.4219,47.7276,12.2912,15.9245,20.3877,1.2863,1.6469,23.6472,23.0100,22.3728,23.1150,23.3000,22.1999,0.4779,0.8078,3.5320,-1842978.5416,41209029.0000,21.9477,-0.3151,-0.8939,1,22.5494,198.3642,0.0321,-0.2039,68.76,71.32,3.52,9835.0680952381,2525.95904761905,173.194763481667,195.719077321429,16.2261904761905,363.162380952381,165.786567246984
2025-07-18,23.0300,23.2250,22.7704,23.1000,2817637,AAPU,22.8400,23.3700,22.3301,23.1000,18289008,21.2000,22.4650,20.0000,21.9400,83162522,23305.023,69248.0,4.39,4.33,322.561,2.94952520485207,613336.0,330778.0,4.2,159227,22.9530,22.8259,22.9296,23.1172,23.0145,22.9393,22.8593,22.4596,23.0986,0.3788,0.3389,0.0399,56.0714,41.5330,74.0360,56.0714,60.0886,100.0000,59.4845,-60.1010,18.1476,21.6661,0.5645,2.5214,-0.5700,0.1540,17.3232,20.1478,-2.4081,0.9759,10.0000,30.0000,-20.0000,44.8578,0.3971,44.4514,12.2912,14.9873,19.1878,1.1577,1.4822,23.4243,22.9530,22.4817,22.9900,23.3000,22.3671,0.4546,0.7725,3.3440,-1566895.5504,44026666.0000,22.0221,-0.4406,-0.9463,1,22.7452,206.1416,0.0468,-0.6456,68.53,71.06,3.5,9835.0680952381,2525.95904761905,173.194763481667,195.719077321429,16.2261904761905,363.162380952381,165.786567246984
2025-07-21,23.2800,24.0900,23.2100,23.3900,4716982,AAPU,22.8400,23.3700,22.3301,23.1000,18289008,21.2000,22.4650,20.0000,21.9400,83162522,23305.023,69248.0,4.39,4.33,322.561,2.94952520485207,613336.0,330778.0,4.2,159227,23.0020,22.9284,23.0091,23.2507,23.1920,22.9207,22.8796,22.4782,23.1529,0.4012,0.3514,0.0498,60.0676,51.9860,54.2484,60.0676,63.7819,100.0000,82.6072,-39.3258,19.9029,22.3943,0.4983,2.2141,0.4900,0.1250,191.9266,30.6458,2.1397,1.0214,0.0000,20.0000,-20.0000,58.2682,0.3824,39.4971,35.7008,13.1191,27.6873,1.0419,2.1990,23.5384,23.0020,22.4656,22.9900,23.2000,22.5209,0.9900,0.7942,3.3955,-2198378.0411,48743648.0000,22.1200,-0.5464,-0.9786,1,22.5924,213.1191,-0.3786,-0.8133,68.39,71.92,3.5,9835.0680952381,2525.95904761905,173.194763481667,195.719077321429,16.2261904761905,363.162380952381,165.786567246984
2025-07-22,23.5400,23.8470,23.3100,23.7900,3604464,AAPU,22.8400,23.3700,22.3301,23.1000,18289008,21.2000,22.4650,20.0000,21.9400,83162522,23305.023,69248.0,4.39,4.33,322.561,2.94952520485207,613336.0,330778.0,4.2,159227,23.0900,23.0851,23.1524,23.4770,23.4858,22.9513,22.9436,22.5438,23.2145,0.4461,0.3703,0.0758,69.5588,61.8993,80.3922,69.5588,68.2803,100.0000,100.0000,-16.8539,21.4827,22.6203,0.4575,2.0214,0.8800,0.4655,145.9036,32.8762,3.8411,1.0384,90.0000,10.0000,80.0000,66.6433,0.3829,43.0358,35.7008,12.2024,25.7526,0.9377,1.9791,23.7984,23.0900,22.3816,23.1750,23.2000,22.6625,0.5370,0.7685,3.2303,-1353454.9802,52348112.0000,22.2907,-0.6540,-0.9974,1,22.3201,220.8445,-0.5813,0.1754,67.56,69.69,3.16,9835.0680952381,2525.95904761905,173.194763481667,195.719077321429,16.2261904761905,363.162380952381,165.786567246984
2025-07-23,23.9200,23.9600,23.3400,23.7400,3600514,AAPU,22.8400,23.3700,22.3301,23.1000,18289008,21.2000,22.4650,20.0000,21.9400,83162522,23305.023,69248.0,4.39,4.33,322.561,2.94952520485207,613336.0,330778.0,4.2,159227,23.1500,23.2042,23.2705,23.6222,23.6509,23.0190,22.9792,22.6036,23.2860,0.4722,0.3907,0.0815,69.4277,66.3514,73.6426,69.4277,67.1224,89.7756,96.5919,-19.8875,23.1699,23.4907,0.3790,1.6644,0.6000,-0.2903,109.9845,33.5882,2.5929,1.0259,80.0000,0.0000,80.0000,77.8205,0.3878,45.4086,38.3543,11.1985,25.1334,0.8440,1.8942,23.9595,23.1500,22.3405,23.1750,23.2101,22.7927,0.6200,0.7536,3.1746,-552164.4746,48747598.0000,22.4547,-0.6998,-0.9999,1,22.1230,224.4088,-0.2897,0.8589,66.05,69.17,3.08,9835.0680952381,2525.95904761905,173.194763481667,195.719077321429,16.2261904761905,363.162380952381,165.786567246984
2025-07-24,23.6600,24.0500,23.5900,23.6400,3355011,AAPU,22.8400,23.3700,22.3301,23.1000,18289008,21.2000,22.4650,20.0000,21.9400,83162522,23305.023,69248.0,4.39,4.33,322.561,2.94952520485207,613336.0,330778.0,4.2,159227,23.1720,23.2834,23.3596,23.6903,23.7046,23.1207,22.9892,22.6244,23.3626,0.4792,0.4084,0.0709,73.3112,70.7659,65.8988,73.3112,64.6848,56.1079,81.9612,-25.5696,24.9055,24.2062,0.2805,1.2253,0.2200,-0.0435,101.4514,39.5271,0.9394,1.0094,70.0000,20.0000,50.0000,77.6692,0.3895,45.4707,40.5264,10.4873,24.7798,0.7596,1.7947,24.0207,23.1720,22.3233,23.1750,23.2101,22.9125,0.4600,0.7243,3.0638,-1009604.5646,45392587.0000,22.5999,-0.7354,-0.9992,1,21.9053,227.3425,0.0101,1.0157,67.16,70.42,3.13,9835.0680952381,2525.95904761905,173.194763481667,195.719077321429,16.2261904761905,363.162380952381,165.786567246984
2025-07-25,23.8200,23.9400,23.5300,23.6500,2352463,AAPU,23.2800,24.0900,23.2100,23.6500,17629434,21.2000,22.4650,20.0000,21.9400,83162522,23305.023,69248.0,4.39,4.33,322.561,2.94952520485207,613336.0,330778.0,4.2,159227,23.2280,23.3501,23.4465,23.7375,23.7333,23.2590,23.0261,22.6757,23.4400,0.4801,0.4227,0.0574,63.1805,68.6398,50.0000,63.1805,64.8267,23.2270,56.3702,-25.0014,26.1102,23.8339,0.2080,0.9036,0.5600,-0.4146,72.5841,36.2773,2.4253,1.0243,60.0000,10.0000,50.0000,78.1936,0.3871,46.5110,36.9520,10.7327,23.3134,0.7436,1.6153,24.1204,23.2280,22.3356,23.1750,23.2101,23.0227,0.4100,0.6929,2.9296,-1415315.1144,47745050.0000,22.7322,-0.7490,-0.9981,1,21.5413,228.5072,0.3238,1.0232,66.38,69.23,3.1,9835.0680952381,2525.95904761905,173.194763481667,195.719077321429,16.2261904761905,363.162380952381,165.786567246984
2025-07-28,23.6800,23.8500,23.4500,23.6600,2412879,AAPU,23.2800,24.0900,23.2100,23.6500,17629434,21.2000,22.4650,20.0000,21.9400,83162522,23305.023,69248.0,4.39,4.33,322.561,2.94952520485207,613336.0,330778.0,4.2,159227,23.3380,23.4064,23.5251,23.7695,23.7462,23.4060,23.2005,22.7249,23.5144,0.4762,0.4334,0.0427,54.3987,63.6301,47.2973,54.3987,64.9831,8.2963,29.2104,-28.1046,26.6970,23.5108,0.1900,0.8208,1.1000,-0.0500,52.6048,31.7318,4.8759,1.0488,50.0000,0.0000,50.0000,85.2652,0.3805,48.3900,31.9787,11.2913,21.9081,0.7493,1.4537,24.1406,23.3380,22.5354,23.2200,23.3250,23.1240,0.4000,0.6636,2.8046,-1414235.8902,50157929.0000,22.8829,-0.6694,-0.9987,1,21.0576,222.0245,0.6103,0.7333,67.81,70.87,3.12,9835.0680952381,2525.95904761905,173.194763481667,195.719077321429,16.2261904761905,363.162380952381,165.786567246984
2025-07-29,23.7200,23.8250,22.9600,23.0700,4359328,AAPU,23.2800,24.0900,23.2100,23.6500,17629434,21.2000,22.4650,20.0000,21.9400,83162522,23305.023,69248.0,4.39,4.33,322.561,2.94952520485207,613336.0,330778.0,4.2,159227,23.3800,23.3452,23.4764,23.5923,23.4782,23.5013,23.1956,22.7421,23.5692,0.4206,0.4308,-0.0103,35.7963,51.1252,10.0917,35.7963,50.3185,0.0000,10.5078,-66.6667,24.6098,22.0656,0.1755,0.7563,0.4200,-0.7514,-31.0771,7.3611,1.8543,1.0185,40.0000,10.0000,30.0000,72.7760,0.3542,40.4217,5.8253,17.0296,19.1363,1.1643,1.3084,24.0703,23.3800,22.6897,23.3300,23.3250,24.2900,0.8650,0.6837,2.9636,-2319508.4110,45798601.0000,23.0158,-0.3002,-0.8868,1,20.5150,197.4710,0.8091,0.2069,70.27,73.21,3.08,9835.0680952381,2525.95904761905,173.194763481667,195.719077321429,16.2261904761905,363.162380952381,165.786567246984
2025-07-30,23.2200,23.2800,22.2700,22.5700,3323821,AAPU,23.2800,24.0900,23.2100,23.6500,17629434,21.2000,22.4650,20.0000,21.9400,83162522,23305.023,69248.0,4.39,4.33,322.561,2.94952520485207,613336.0,330778.0,4.2,159227,23.3480,23.2043,23.3291,23.2911,23.0667,23.5197,23.1811,22.7335,23.5869,0.3323,0.4111,-0.0788,24.7477,38.3142,16.8539,24.7477,41.5001,0.0000,2.7654,-83.5165,24.0709,21.4346,0.1390,0.5989,-0.3200,-0.6436,-142.8350,-16.7395,-1.3980,0.9860,30.0000,100.0000,-70.0000,62.9445,0.3042,39.3955,19.2206,24.2608,16.4382,1.7379,1.1775,24.1473,23.3480,22.5487,23.1800,23.1800,24.2634,1.0100,0.7163,3.1739,-2908297.1821,42474780.0000,23.1220,0.3799,-0.3854,1,19.9267,157.6708,0.7669,-0.5169,71.09,73.98,2.98,9835.0680952381,2525.95904761905,173.194763481667,195.719077321429,16.2261904761905,363.162380952381,165.786567246984
2025-07-31,22.4700,22.7299,22.1600,22.2900,8245436,AAPU,23.2800,24.0900,23.2100,23.6500,17629434,22.2600,24.2900,22.1600,22.2900,96128695,23305.023,69248.0,4.39,4.33,322.561,2.94952520485207,613336.0,330778.0,4.2,159227,23.2900,23.0381,23.1367,22.9731,22.6653,23.4647,23.1431,22.7113,23.5588,0.2370,0.3763,-0.1393,11.4163,23.9868,7.3034,11.4163,37.4196,0.0000,-0.0000,-93.2642,23.9109,21.0292,0.1400,0.6048,-0.5800,-0.3158,-161.9218,-19.9236,-2.5361,0.9746,20.0000,100.0000,-80.0000,47.3242,0.2366,33.8789,22.4708,23.8580,15.1031,1.6741,1.0598,24.2808,23.2900,22.2992,23.0400,23.1250,24.1837,0.5699,0.7017,3.1480,-4311406.4734,34229344.0000,23.1457,-0.0548,-0.7448,1,19.2661,183.1429,0.4296,-0.9258,70.36,73.43,2.99,9835.0680952381,2525.95904761905,173.194763481667,195.719077321429,16.2261904761905,363.162380952381,165.786567246984
2025-08-01,22.9500,23.5000,20.9288,21.0900,10182440,AAPU,23.6800,23.8500,20.9288,21.0900,28523904,22.2600,24.2900,22.1600,22.2900,96128695,23305.023,69248.0,4.39,4.33,322.561,2.94952520485207,613336.0,330778.0,4.2,159227,23.0890,22.6839,22.7367,22.3409,21.8616,23.2987,22.7854,22.6303,23.4604,0.0640,0.3139,-0.2499,9.8919,15.3520,5.5183,9.8919,25.4865,0.0000,-0.0000,-94.9007,26.3525,23.1277,0.0680,0.2954,-2.0100,-0.7234,-168.9045,-45.7330,-8.7013,0.9130,10.0000,100.0000,-90.0000,34.1487,0.1325,23.7083,48.3272,30.8098,10.7332,2.7379,0.9538,24.7448,23.0890,21.4332,22.4400,22.5094,24.0622,2.5712,0.8886,4.2136,-7327083.4891,24046904.0000,23.1040,-0.7068,-1.0000,1,18.5611,224.9779,0.1218,-0.8915,68.39,70.55,3.0,9835.0680952381,2525.95904761905,173.194763481667,195.719077321429,16.2261904761905,363.162380952381,165.786567246984
2025-08-04,21.5600,22.2400,20.9600,21.3000,6651342,AAPU,23.6800,23.8500,20.9288,21.0900,28523904,22.2600,24.2900,22.1600,22.2900,96128695,23305.023,69248.0,4.39,4.33,322.561,2.94952520485207,613336.0,330778.0,4.2,159227,22.8800,22.4323,22.4115,21.9458,21.4362,23.0357,22.4976,22.6037,23.2989,-0.0556,0.2400,-0.2956,8.5461,9.9515,12.8168,8.5461,29.8372,17.5204,5.8401,-88.1071,28.5500,25.0163,-0.0610,-0.2659,-2.0900,-0.2031,-139.3402,-44.4223,-8.9354,0.9106,0.0000,90.0000,-90.0000,22.9543,0.0224,25.1582,48.3272,26.5591,9.2524,2.4641,0.8584,24.8322,22.8800,20.9278,22.4400,22.4894,23.8116,1.2800,0.9278,4.3558,-8886703.5846,30698246.0000,23.0263,-0.9921,-0.7902,1,17.8901,262.7920,-0.0918,-0.9610,67.33,69.56,2.89,9835.0680952381,2525.95904761905,173.194763481667,195.719077321429,16.2261904761905,363.162380952381,165.786567246984
2025-08-05,21.3100,21.7101,21.0599,21.2100,3392465,AAPU,23.6800,23.8500,20.9288,21.0900,28523904,22.2600,24.2900,22.1600,22.2900,96128695,23305.023,69248.0,4.39,4.33,322.561,2.94952520485207,613336.0,330778.0,4.2,159227,22.6220,22.2100,22.1078,21.6302,21.1369,22.7017,22.0711,22.5340,23.0881,-0.1558,0.1608,-0.3166,9.7572,9.3984,10.9365,9.7572,29.0301,22.1283,13.2162,-90.9906,30.5277,26.8488,-0.2340,-1.0238,-2.5800,-0.1538,-116.8808,-39.9446,-10.8449,0.8916,20.0000,80.0000,-60.0000,15.3156,-0.0840,24.6365,48.3272,24.6404,8.5840,2.2177,0.7726,24.7026,22.6220,20.5414,22.4150,22.4894,23.5809,0.6502,0.9000,4.2434,-9297895.5803,27305781.0000,22.9142,-0.9387,-0.4199,1,17.2766,290.1701,-0.4691,-1.2501,67.33,69.56,2.89,9835.0680952381,2525.95904761905,173.194763481667,195.719077321429,16.2261904761905,363.162380952381,165.786567246984
2025-08-06,21.7600,23.7977,21.7600,23.3500,12500284,AAPU,23.6800,23.8500,20.9288,21.0900,28523904,22.2600,24.2900,22.1600,22.2900,96128695,23305.023,69248.0,4.39,4.33,322.561,2.94952520485207,613336.0,330778.0,4.2,159227,22.5830,22.4173,22.2402,22.1125,21.9339,22.4177,22.0866,22.5748,22.8959,-0.0618,0.1163,-0.1781,36.0493,18.1176,84.3947,36.0493,58.6107,100.0000,46.5496,-22.4273,29.1218,27.0136,-0.2835,-1.2398,-0.3900,0.7803,22.3613,-12.7294,-1.6428,0.9836,10.0000,70.0000,-60.0000,28.6808,-0.1226,37.3564,16.4683,18.6746,26.0380,1.9959,2.7829,24.5917,22.5830,20.5743,22.3750,22.4894,20.9288,2.5877,1.0688,4.5773,-6391205.0787,39806065.0000,22.8623,-0.7687,-0.0912,1,16.7568,309.7668,-0.9824,-0.9432,67.33,69.56,2.89,9835.0680952381,2525.95904761905,173.194763481667,195.719077321429,16.2261904761905,363.162380952381,165.786567246984
2025-08-07,24.6300,25.0050,24.0800,24.8400,8968432,AAPU,23.6800,23.8500,20.9288,21.0900,28523904,22.2600,24.2900,22.1600,22.2900,96128695,23305.023,69248.0,4.39,4.33,322.561,2.94952520485207,613336.0,330778.0,4.2,159227,22.7030,22.8578,22.6505,22.9688,23.1629,22.2577,22.1713,22.6880,22.7873,0.1313,0.1193,0.0120,63.7611,36.5226,95.9521,63.7611,68.7026,100.0000,74.0428,-4.0479,29.6873,27.8987,-0.2345,-1.0223,1.2000,0.2270,144.4465,34.3087,5.0761,1.0508,100.0000,60.0000,40.0000,35.7750,-0.0808,45.3000,34.7768,15.9333,32.9244,1.7963,3.7119,25.0627,22.7030,20.3433,22.9650,22.9669,20.9862,1.6550,1.1274,4.5387,-2785532.0025,48774497.0000,22.8923,-0.2974,0.4648,1,16.4290,-17.3045,-1.1643,-0.6241,67.33,69.56,2.89,9835.0680952381,2525.95904761905,173.194763481667,195.719077321429,16.2261904761905,363.162380952381,165.786567246984
2025-08-08,25.0300,27.2900,24.6500,26.9100,17954062,AAPU,21.5600,27.2900,20.9600,26.9100,49466585,22.9500,27.2900,20.9288,26.9100,59649025,23305.023,69248.0,4.39,4.33,322.561,2.94952520485207,613336.0,330778.0,4.2,159227,23.0290,23.5946,23.4155,24.2882,24.9237,22.3367,22.5789,22.8991,22.8279,0.4463,0.1847,0.2616,91.4479,63.7528,93.9968,91.4479,77.2611,100.0000,100.0000,-5.9737,32.2540,29.4755,-0.0995,-0.4302,3.2600,0.7121,191.0598,41.0263,13.7844,1.1378,100.0000,50.0000,50.0000,53.3647,0.0566,53.6130,55.3548,12.6436,43.9968,1.6167,5.6257,26.4734,23.0290,19.5846,24.0000,24.1094,21.1469,2.6400,1.2787,4.7517,3010849.8361,66728559.0000,23.0288,0.3833,0.9241,1,16.2441,22.5399,-1.5320,0.0547,67.33,69.56,2.89,9835.0680952381,2525.95904761905,173.194763481667,195.719077321429,16.2261904761905,363.162380952381,165.786567246984
